transaction_id,transaction_date,part_id,warehouse,transaction_type,quantity,reference_id
TXN000001,2025-04-17,P006,Chengalpattu,ADJUSTMENT,88,ADJ00021
TXN000002,2025-11-27,P039,Hosur,RECEIPT,459,PO00088
TXN000003,2025-05-11,P036,Chengalpattu,RECEIPT,662,PO01333
TXN000004,2026-01-21,P043,Chengalpattu,TRANSFER,192,TR00956
TXN000005,2025-01-22,P028,Chennai,RECEIPT,253,PO00748
TXN000006,2026-05-26,P041,Chennai,ISSUE,682,MO02048
TXN000007,2025-07-09,P043,Chengalpattu,ISSUE,958,MO02735
TXN000008,2025-09-01,P025,Coimbatore,ISSUE,832,MO01529
TXN000009,2025-01-21,P008,Chennai,ISSUE,841,MO02215
TXN000010,2025-01-14,P025,Chengalpattu,TRANSFER,242,TR00777
TXN000011,2025-04-02,P016,Chennai,RECEIPT,367,PO00956
TXN000012,2025-02-04,P038,Chengalpattu,ISSUE,206,MO01956
TXN000013,2026-01-25,P004,Chengalpattu,ISSUE,566,MO01130
TXN000014,2026-02-06,P008,Hosur,RECEIPT,730,PO01580
TXN000015,2025-09-27,P026,Hosur,TRANSFER,863,TR00816
TXN000016,2025-09-09,P012,Chengalpattu,ISSUE,702,MO02344
TXN000017,2025-02-22,P014,Chengalpattu,ISSUE,792,MO02265
TXN000018,2025-02-10,P021,Chengalpattu,ISSUE,157,MO02063
TXN000019,2026-06-05,P008,Chennai,RECEIPT,344,PO01153
TXN000020,2025-05-19,P026,Chengalpattu,RECEIPT,499,PO00593
TXN000021,2026-01-14,P014,Coimbatore,ISSUE,773,MO02279
TXN000022,2025-07-20,P008,Chennai,TRANSFER,840,TR00780
TXN000023,2026-02-11,P020,Chennai,RECEIPT,574,PO01752
TXN000024,2026-07-01,P034,Coimbatore,ISSUE,961,MO02661
TXN000025,2025-01-05,P040,Hosur,TRANSFER,218,TR00503
TXN000026,2026-01-28,P040,Hosur,ISSUE,207,MO01039
TXN000027,2026-07-29,P040,Hosur,ISSUE,864,MO02791
TXN000028,2026-04-30,P027,Chengalpattu,ISSUE,407,MO02279
TXN000029,2025-02-05,P014,Coimbatore,ISSUE,525,MO01184
TXN000030,2026-08-01,P007,Coimbatore,ISSUE,682,MO02605
TXN000031,2025-01-28,P031,Chennai,RECEIPT,620,PO01580
TXN000032,2026-05-21,P043,Hosur,TRANSFER,348,TR00473
TXN000033,2026-01-12,P037,Hosur,RECEIPT,283,PO01982
TXN000034,2025-09-16,P034,Chengalpattu,ISSUE,359,MO00710
TXN000035,2025-08-13,P018,Coimbatore,ISSUE,819,MO01258
TXN000036,2026-01-09,P045,Chengalpattu,TRANSFER,672,TR00608
TXN000037,2026-05-12,P043,Chengalpattu,ISSUE,442,MO00564
TXN000038,2026-01-22,P002,Hosur,ISSUE,113,MO01637
TXN000039,2025-04-23,P033,Chengalpattu,RECEIPT,2,PO00642
TXN000040,2025-08-13,P016,Hosur,RECEIPT,385,PO01427
TXN000041,2026-02-20,P036,Hosur,ISSUE,247,MO00836
TXN000042,2026-02-05,P013,Coimbatore,ISSUE,767,MO00294
TXN000043,2025-07-17,P013,Chennai,ISSUE,982,MO01931
TXN000044,2025-07-20,P019,Chengalpattu,ISSUE,124,MO00187
TXN000045,2026-02-07,P043,Chennai,TRANSFER,346,TR00963
TXN000046,2026-05-04,P012,Coimbatore,RECEIPT,929,PO01960
TXN000047,2026-04-18,P007,Coimbatore,TRANSFER,946,TR00151
TXN000048,2025-09-20,P011,Hosur,ISSUE,764,MO02192
TXN000049,2026-07-26,P017,Chengalpattu,ISSUE,881,MO02050
TXN000050,2026-03-29,P013,Chengalpattu,ADJUSTMENT,59,ADJ00009
TXN000051,2025-07-27,P012,Coimbatore,ISSUE,131,MO00404
TXN000052,2026-08-10,P001,Hosur,ISSUE,625,MO01444
TXN000053,2025-08-15,P014,Chengalpattu,ISSUE,112,MO02558
TXN000054,2025-12-04,P024,Coimbatore,ADJUSTMENT,-47,ADJ00163
TXN000055,2025-06-10,P006,Chennai,RECEIPT,580,PO00801
TXN000056,2026-01-27,P037,Chengalpattu,ISSUE,135,MO01219
TXN000057,2026-04-05,P038,Chengalpattu,ISSUE,955,MO00470
TXN000058,2025-02-07,P040,Hosur,RECEIPT,230,PO01389
TXN000059,2025-01-27,P018,Hosur,TRANSFER,226,TR00277
TXN000060,2026-04-26,P021,Chennai,ISSUE,453,MO00816
TXN000061,2025-02-18,P005,Chengalpattu,RECEIPT,512,PO00017
TXN000062,2025-02-15,P012,Chengalpattu,ISSUE,373,MO02566
TXN000063,2025-10-07,P040,Chengalpattu,RECEIPT,349,PO00497
TXN000064,2025-04-26,P028,Chennai,ISSUE,191,MO02301
TXN000065,2025-09-13,P039,Chengalpattu,TRANSFER,323,TR00128
TXN000066,2026-07-20,P044,Chennai,ISSUE,570,MO01347
TXN000067,2025-06-04,P013,Chengalpattu,RECEIPT,490,PO01410
TXN000068,2026-01-28,P004,Chennai,TRANSFER,811,TR00246
TXN000069,2026-06-22,P006,Coimbatore,RECEIPT,867,PO01842
TXN000070,2026-05-21,P016,Chengalpattu,TRANSFER,903,TR00825
TXN000071,2026-05-27,P013,Chennai,RECEIPT,400,PO00654
TXN000072,2025-04-02,P034,Coimbatore,RECEIPT,354,PO00834
TXN000073,2026-07-29,P008,Coimbatore,RECEIPT,190,PO01149
TXN000074,2025-11-01,P037,Hosur,TRANSFER,692,TR00682
TXN000075,2026-03-20,P026,Coimbatore,ISSUE,613,MO02312
TXN000076,2025-01-05,P044,Chengalpattu,RECEIPT,103,PO01220
TXN000077,2025-12-16,P005,Chennai,RECEIPT,47,PO00867
TXN000078,2025-09-26,P032,Chengalpattu,ISSUE,370,MO00636
TXN000079,2026-08-27,P007,Coimbatore,ISSUE,58,MO01975
TXN000080,2025-05-07,P024,Chennai,RECEIPT,393,PO01932
TXN000081,2026-05-28,P002,Chennai,RECEIPT,751,PO00802
TXN000082,2026-08-24,P027,Hosur,RECEIPT,488,PO01261
TXN000083,2026-03-23,P008,Chennai,ADJUSTMENT,-79,ADJ00861
TXN000084,2026-03-11,P027,Coimbatore,RECEIPT,997,PO01110
TXN000085,2025-02-16,P041,Hosur,RECEIPT,94,PO01774
TXN000086,2025-08-06,P011,Chengalpattu,RECEIPT,474,PO00432
TXN000087,2025-09-11,P040,Coimbatore,RECEIPT,734,PO00357
TXN000088,2025-04-10,P038,Hosur,ISSUE,802,MO02810
TXN000089,2025-11-21,P034,Hosur,ISSUE,516,MO02840
TXN000090,2025-06-09,P031,Coimbatore,TRANSFER,475,TR00852
TXN000091,2026-01-15,P021,Chengalpattu,ISSUE,545,MO00957
TXN000092,2026-07-31,P023,Coimbatore,TRANSFER,417,TR00168
TXN000093,2026-02-01,P023,Coimbatore,RECEIPT,12,PO01631
TXN000094,2025-02-04,P008,Hosur,RECEIPT,727,PO00849
TXN000095,2026-08-25,P029,Chengalpattu,ISSUE,418,MO00115
TXN000096,2026-05-16,P041,Coimbatore,RECEIPT,626,PO01517
TXN000097,2025-10-04,P032,Chennai,RECEIPT,761,PO00676
TXN000098,2025-07-11,P006,Chennai,ISSUE,739,MO01123
TXN000099,2025-04-06,P008,Chengalpattu,ISSUE,664,MO02711
TXN000100,2026-01-04,P009,Chengalpattu,TRANSFER,695,TR00525
TXN000101,2025-09-30,P018,Chennai,RECEIPT,881,PO00062
TXN000102,2026-02-01,P023,Chengalpattu,ISSUE,699,MO02225
TXN000103,2025-03-17,P038,Chengalpattu,ADJUSTMENT,98,ADJ00796
TXN000104,2026-05-21,P003,Coimbatore,ADJUSTMENT,43,ADJ00885
TXN000105,2026-04-14,P026,Coimbatore,ISSUE,484,MO01168
TXN000106,2025-02-11,P033,Coimbatore,RECEIPT,186,PO00935
TXN000107,2025-06-12,P021,Coimbatore,RECEIPT,215,PO00733
TXN000108,2026-08-11,P013,Coimbatore,RECEIPT,9,PO01098
TXN000109,2025-08-18,P005,Chengalpattu,TRANSFER,519,TR00174
TXN000110,2025-07-13,P037,Chengalpattu,RECEIPT,517,PO00029
TXN000111,2026-05-11,P002,Hosur,ADJUSTMENT,-36,ADJ00342
TXN000112,2025-08-05,P021,Chennai,TRANSFER,301,TR00132
TXN000113,2026-03-21,P036,Hosur,ISSUE,876,MO01206
TXN000114,2026-06-15,P018,Coimbatore,RECEIPT,39,PO01150
TXN000115,2025-08-08,P036,Chennai,RECEIPT,638,PO01082
TXN000116,2025-12-27,P006,Chengalpattu,ISSUE,935,MO02435
TXN000117,2025-07-10,P035,Chengalpattu,ADJUSTMENT,12,ADJ00409
TXN000118,2025-05-14,P003,Chennai,RECEIPT,58,PO01580
TXN000119,2025-05-29,P011,Chengalpattu,ISSUE,80,MO02934
TXN000120,2025-08-15,P011,Coimbatore,TRANSFER,659,TR00532
TXN000121,2026-06-10,P040,Coimbatore,ISSUE,143,MO01397
TXN000122,2026-04-16,P005,Hosur,ISSUE,953,MO01036
TXN000123,2025-12-24,P029,Chengalpattu,RECEIPT,972,PO01432
TXN000124,2025-12-14,P016,Chennai,RECEIPT,676,PO00090
TXN000125,2026-06-24,P024,Hosur,RECEIPT,732,PO00869
TXN000126,2026-05-17,P041,Chengalpattu,ADJUSTMENT,44,ADJ00201
TXN000127,2026-07-12,P045,Chennai,TRANSFER,547,TR00253
TXN000128,2026-03-26,P002,Hosur,ISSUE,10,MO02872
TXN000129,2025-01-05,P001,Hosur,ISSUE,119,MO01016
TXN000130,2025-08-27,P045,Chennai,ISSUE,177,MO01803
TXN000131,2026-04-06,P043,Hosur,ISSUE,929,MO01634
TXN000132,2026-02-09,P044,Coimbatore,RECEIPT,823,PO00518
TXN000133,2026-03-13,P019,Chennai,ISSUE,23,MO02725
TXN000134,2025-03-26,P024,Hosur,ISSUE,78,MO02505
TXN000135,2026-03-22,P007,Chennai,ADJUSTMENT,12,ADJ00488
TXN000136,2025-03-13,P005,Hosur,ISSUE,551,MO02202
TXN000137,2025-11-02,P005,Hosur,ISSUE,268,MO01985
TXN000138,2026-02-05,P044,Chengalpattu,ISSUE,624,MO02815
TXN000139,2026-08-01,P021,Coimbatore,ISSUE,75,MO00435
TXN000140,2025-11-02,P033,Hosur,ISSUE,98,MO02846
TXN000141,2025-11-04,P008,Coimbatore,RECEIPT,249,PO00166
TXN000142,2026-06-26,P036,Chengalpattu,TRANSFER,759,TR00106
TXN000143,2025-05-18,P020,Chennai,TRANSFER,184,TR00401
TXN000144,2025-03-10,P027,Chennai,RECEIPT,546,PO01798
TXN000145,2025-02-12,P021,Hosur,RECEIPT,752,PO01995
TXN000146,2025-07-02,P031,Coimbatore,RECEIPT,848,PO00095
TXN000147,2025-12-26,P034,Hosur,ISSUE,900,MO01720
TXN000148,2025-04-03,P032,Coimbatore,TRANSFER,672,TR00946
TXN000149,2025-01-05,P042,Hosur,RECEIPT,466,PO00604
TXN000150,2026-05-28,P035,Chennai,RECEIPT,645,PO00233
TXN000151,2025-03-19,P032,Hosur,TRANSFER,730,TR00813
TXN000152,2025-02-16,P025,Chennai,RECEIPT,121,PO00214
TXN000153,2025-02-17,P036,Chengalpattu,TRANSFER,573,TR00337
TXN000154,2025-09-10,P031,Chengalpattu,TRANSFER,692,TR00719
TXN000155,2026-06-10,P041,Coimbatore,TRANSFER,474,TR00028
TXN000156,2025-12-31,P014,Hosur,ISSUE,666,MO00526
TXN000157,2025-01-03,P034,Chengalpattu,RECEIPT,623,PO00919
TXN000158,2025-10-01,P042,Coimbatore,ISSUE,506,MO02854
TXN000159,2026-04-30,P020,Coimbatore,RECEIPT,28,PO00714
TXN000160,2025-03-27,P009,Chennai,TRANSFER,474,TR00126
TXN000161,2025-07-31,P017,Chennai,TRANSFER,25,TR00580
TXN000162,2025-05-26,P042,Coimbatore,ISSUE,111,MO02276
TXN000163,2026-01-04,P003,Hosur,ISSUE,748,MO02643
TXN000164,2025-10-09,P007,Chennai,RECEIPT,320,PO01762
TXN000165,2026-01-12,P018,Chengalpattu,ISSUE,289,MO01461
TXN000166,2026-05-18,P029,Chennai,RECEIPT,624,PO00516
TXN000167,2025-12-16,P017,Coimbatore,RECEIPT,607,PO01688
TXN000168,2025-08-31,P002,Chennai,RECEIPT,543,PO01064
TXN000169,2025-01-06,P010,Chengalpattu,ADJUSTMENT,-26,ADJ00004
TXN000170,2026-08-29,P002,Hosur,ADJUSTMENT,78,ADJ00574
TXN000171,2026-01-27,P013,Hosur,ISSUE,26,MO01459
TXN000172,2026-02-14,P014,Chengalpattu,RECEIPT,118,PO00836
TXN000173,2025-04-23,P016,Chengalpattu,ISSUE,140,MO00559
TXN000174,2026-07-04,P037,Hosur,ISSUE,805,MO01918
TXN000175,2025-09-16,P036,Coimbatore,ISSUE,673,MO00902
TXN000176,2025-06-21,P024,Chengalpattu,RECEIPT,898,PO00013
TXN000177,2025-11-15,P008,Hosur,RECEIPT,613,PO00329
TXN000178,2026-07-04,P024,Chennai,ISSUE,419,MO01119
TXN000179,2025-08-24,P004,Chennai,TRANSFER,946,TR00334
TXN000180,2026-08-11,P012,Chengalpattu,ADJUSTMENT,-66,ADJ00513
TXN000181,2025-12-15,P045,Chengalpattu,ISSUE,840,MO00873
TXN000182,2025-10-18,P006,Hosur,ISSUE,725,MO02053
TXN000183,2026-07-28,P018,Coimbatore,ISSUE,132,MO00601
TXN000184,2025-10-23,P007,Hosur,ISSUE,840,MO01319
TXN000185,2026-02-26,P013,Hosur,TRANSFER,865,TR00023
TXN000186,2025-05-25,P044,Coimbatore,ISSUE,225,MO00503
TXN000187,2025-04-14,P042,Hosur,RECEIPT,947,PO01063
TXN000188,2026-01-26,P009,Hosur,TRANSFER,179,TR00968
TXN000189,2025-10-16,P020,Chengalpattu,RECEIPT,478,PO01255
TXN000190,2026-03-17,P015,Chengalpattu,ADJUSTMENT,54,ADJ00951
TXN000191,2026-06-06,P013,Hosur,RECEIPT,517,PO01659
TXN000192,2025-06-08,P006,Hosur,TRANSFER,815,TR00228
TXN000193,2025-01-15,P021,Chengalpattu,ISSUE,157,MO02095
TXN000194,2026-02-15,P030,Chengalpattu,ISSUE,95,MO02675
TXN000195,2025-10-10,P021,Chengalpattu,ISSUE,69,MO01684
TXN000196,2026-07-04,P031,Hosur,TRANSFER,134,TR00712
TXN000197,2025-12-29,P008,Coimbatore,RECEIPT,396,PO00218
TXN000198,2026-04-05,P018,Chengalpattu,ISSUE,356,MO01348
TXN000199,2025-05-07,P033,Chengalpattu,RECEIPT,106,PO01009
TXN000200,2025-02-20,P027,Coimbatore,ISSUE,29,MO02827
TXN000201,2026-02-09,P037,Chennai,RECEIPT,346,PO01646
TXN000202,2025-01-01,P029,Hosur,TRANSFER,831,TR00950
TXN000203,2026-03-07,P040,Coimbatore,ISSUE,969,MO01333
TXN000204,2026-07-29,P021,Chengalpattu,ISSUE,244,MO00537
TXN000205,2025-07-29,P038,Hosur,RECEIPT,475,PO00418
TXN000206,2025-06-28,P003,Chengalpattu,RECEIPT,182,PO00664
TXN000207,2025-06-10,P026,Chengalpattu,ISSUE,177,MO00285
TXN000208,2025-06-05,P011,Coimbatore,ISSUE,882,MO01493
TXN000209,2025-12-27,P005,Coimbatore,ADJUSTMENT,47,ADJ00630
TXN000210,2025-12-26,P019,Chengalpattu,ISSUE,561,MO00327
TXN000211,2025-08-03,P023,Chengalpattu,RECEIPT,435,PO01915
TXN000212,2025-10-12,P019,Coimbatore,RECEIPT,305,PO00429
TXN000213,2025-01-19,P003,Hosur,TRANSFER,18,TR00769
TXN000214,2025-07-13,P036,Coimbatore,ISSUE,502,MO00988
TXN000215,2025-09-21,P032,Hosur,ISSUE,925,MO00055
TXN000216,2026-04-03,P022,Coimbatore,ISSUE,979,MO01902
TXN000217,2025-02-24,P005,Chengalpattu,TRANSFER,476,TR00800
TXN000218,2025-11-09,P033,Coimbatore,ISSUE,759,MO01859
TXN000219,2025-11-24,P006,Coimbatore,ISSUE,54,MO02809
TXN000220,2026-08-27,P010,Chennai,RECEIPT,264,PO01442
TXN000221,2025-10-15,P026,Chengalpattu,ADJUSTMENT,-55,ADJ00491
TXN000222,2025-07-01,P042,Chengalpattu,TRANSFER,469,TR00910
TXN000223,2025-01-07,P007,Coimbatore,TRANSFER,330,TR00775
TXN000224,2026-01-16,P014,Coimbatore,TRANSFER,915,TR00548
TXN000225,2026-06-07,P026,Chengalpattu,ISSUE,746,MO01410
TXN000226,2026-06-16,P023,Coimbatore,RECEIPT,261,PO00805
TXN000227,2025-08-14,P011,Chengalpattu,ISSUE,53,MO02988
TXN000228,2025-12-30,P012,Chengalpattu,ADJUSTMENT,-20,ADJ00714
TXN000229,2025-05-08,P026,Chengalpattu,ADJUSTMENT,13,ADJ00115
TXN000230,2025-08-25,P027,Hosur,ISSUE,281,MO01782
TXN000231,2026-03-18,P044,Coimbatore,ISSUE,29,MO02658
TXN000232,2025-05-26,P024,Chennai,RECEIPT,128,PO01877
TXN000233,2025-02-03,P006,Chengalpattu,ISSUE,17,MO01701
TXN000234,2026-08-22,P031,Hosur,TRANSFER,629,TR00874
TXN000235,2025-10-14,P031,Chennai,RECEIPT,646,PO00731
TXN000236,2026-03-31,P033,Hosur,ISSUE,906,MO01709
TXN000237,2026-07-12,P028,Hosur,ISSUE,576,MO00130
TXN000238,2025-10-19,P010,Hosur,ISSUE,371,MO00794
TXN000239,2025-01-11,P015,Chennai,TRANSFER,512,TR00676
TXN000240,2025-08-15,P033,Coimbatore,RECEIPT,310,PO00098
TXN000241,2026-02-10,P019,Coimbatore,ADJUSTMENT,-45,ADJ00289
TXN000242,2026-04-12,P017,Chengalpattu,ISSUE,739,MO00365
TXN000243,2026-03-26,P018,Hosur,ISSUE,501,MO02121
TXN000244,2025-08-05,P027,Chengalpattu,ISSUE,61,MO00939
TXN000245,2025-05-11,P017,Hosur,ISSUE,498,MO01253
TXN000246,2025-04-12,P028,Chengalpattu,ADJUSTMENT,-89,ADJ00275
TXN000247,2025-01-17,P028,Chengalpattu,TRANSFER,330,TR00569
TXN000248,2025-11-14,P042,Chennai,RECEIPT,592,PO00216
TXN000249,2025-03-22,P016,Chengalpattu,ISSUE,727,MO01509
TXN000250,2026-06-21,P028,Chengalpattu,TRANSFER,466,TR00089
TXN000251,2026-05-04,P027,Coimbatore,ISSUE,877,MO01562
TXN000252,2026-02-05,P009,Chengalpattu,ISSUE,919,MO01818
TXN000253,2025-12-01,P014,Hosur,TRANSFER,629,TR00519
TXN000254,2026-05-13,P033,Coimbatore,TRANSFER,827,TR00727
TXN000255,2026-01-07,P044,Hosur,ISSUE,935,MO00402
TXN000256,2026-06-10,P018,Hosur,ISSUE,159,MO02668
TXN000257,2025-06-20,P001,Chennai,RECEIPT,936,PO00986
TXN000258,2026-06-11,P014,Coimbatore,RECEIPT,888,PO00497
TXN000259,2026-02-01,P004,Chennai,ISSUE,722,MO00016
TXN000260,2026-03-26,P003,Hosur,TRANSFER,311,TR00739
TXN000261,2025-05-21,P011,Hosur,RECEIPT,274,PO01440
TXN000262,2025-01-29,P035,Coimbatore,RECEIPT,958,PO00477
TXN000263,2026-03-16,P039,Chengalpattu,ISSUE,748,MO01263
TXN000264,2025-12-25,P019,Hosur,RECEIPT,340,PO00389
TXN000265,2026-03-05,P005,Hosur,RECEIPT,142,PO00376
TXN000266,2025-10-20,P008,Hosur,RECEIPT,665,PO00432
TXN000267,2026-08-08,P009,Chennai,ADJUSTMENT,-52,ADJ00889
TXN000268,2025-03-02,P008,Chengalpattu,RECEIPT,997,PO00939
TXN000269,2025-11-15,P041,Hosur,ADJUSTMENT,-13,ADJ00011
TXN000270,2026-07-18,P013,Chennai,ADJUSTMENT,-42,ADJ00584
TXN000271,2025-08-31,P038,Chennai,ISSUE,493,MO01390
TXN000272,2025-08-06,P045,Coimbatore,RECEIPT,937,PO00753
TXN000273,2025-02-23,P029,Chengalpattu,ISSUE,47,MO00727
TXN000274,2026-07-27,P013,Coimbatore,ISSUE,891,MO02467
TXN000275,2025-08-04,P023,Hosur,ISSUE,3,MO00160
TXN000276,2025-03-30,P019,Hosur,ISSUE,329,MO00580
TXN000277,2025-11-19,P001,Chennai,RECEIPT,635,PO00988
TXN000278,2025-11-28,P011,Chennai,RECEIPT,170,PO00521
TXN000279,2026-01-30,P037,Chengalpattu,TRANSFER,955,TR00226
TXN000280,2025-11-24,P005,Chengalpattu,ISSUE,251,MO01200
TXN000281,2025-11-12,P001,Hosur,RECEIPT,688,PO00973
TXN000282,2025-04-24,P020,Chennai,ADJUSTMENT,-56,ADJ00224
TXN000283,2025-11-19,P017,Chennai,TRANSFER,568,TR00040
TXN000284,2025-10-16,P024,Chengalpattu,ISSUE,262,MO00216
TXN000285,2025-12-19,P031,Chengalpattu,ISSUE,571,MO02864
TXN000286,2025-12-11,P035,Chennai,TRANSFER,693,TR00170
TXN000287,2025-01-07,P036,Coimbatore,ISSUE,133,MO00557
TXN000288,2026-06-19,P035,Chennai,RECEIPT,426,PO01418
TXN000289,2026-07-05,P014,Coimbatore,RECEIPT,927,PO00082
TXN000290,2026-06-08,P009,Hosur,TRANSFER,295,TR00962
TXN000291,2025-04-23,P038,Chennai,ISSUE,233,MO02065
TXN000292,2026-03-24,P002,Coimbatore,ISSUE,856,MO02413
TXN000293,2026-02-18,P039,Chengalpattu,RECEIPT,455,PO00586
TXN000294,2026-02-16,P009,Chengalpattu,TRANSFER,572,TR00335
TXN000295,2025-07-15,P003,Chennai,RECEIPT,916,PO01888
TXN000296,2025-07-11,P044,Hosur,TRANSFER,17,TR00524
TXN000297,2025-01-22,P039,Chennai,ISSUE,474,MO02258
TXN000298,2025-10-12,P022,Hosur,ADJUSTMENT,63,ADJ00763
TXN000299,2025-01-07,P005,Chengalpattu,ISSUE,29,MO00907
TXN000300,2026-04-04,P040,Hosur,ISSUE,570,MO02007
TXN000301,2025-10-12,P017,Hosur,RECEIPT,516,PO01123
TXN000302,2025-06-06,P044,Chennai,RECEIPT,75,PO00884
TXN000303,2025-03-25,P031,Hosur,ISSUE,22,MO01563
TXN000304,2026-03-16,P018,Chennai,ADJUSTMENT,-80,ADJ00303
TXN000305,2026-03-29,P038,Chennai,ISSUE,387,MO01531
TXN000306,2026-06-11,P042,Hosur,TRANSFER,162,TR00957
TXN000307,2026-06-08,P045,Chengalpattu,TRANSFER,786,TR00271
TXN000308,2025-03-01,P035,Chengalpattu,ISSUE,430,MO00985
TXN000309,2026-08-14,P039,Chennai,ISSUE,27,MO01710
TXN000310,2025-12-15,P043,Chengalpattu,RECEIPT,960,PO01964
TXN000311,2026-07-12,P016,Chengalpattu,TRANSFER,527,TR00153
TXN000312,2025-08-24,P032,Hosur,ISSUE,852,MO01764
TXN000313,2026-05-16,P007,Hosur,RECEIPT,117,PO00386
TXN000314,2025-03-13,P044,Chengalpattu,RECEIPT,789,PO00274
TXN000315,2026-05-10,P022,Chengalpattu,ISSUE,607,MO00166
TXN000316,2025-04-12,P002,Coimbatore,ISSUE,425,MO01416
TXN000317,2026-07-07,P026,Hosur,ISSUE,401,MO02636
TXN000318,2026-08-15,P020,Hosur,RECEIPT,310,PO01110
TXN000319,2025-08-30,P023,Chengalpattu,RECEIPT,865,PO00002
TXN000320,2026-08-12,P021,Chennai,TRANSFER,116,TR00666
TXN000321,2025-03-31,P017,Coimbatore,RECEIPT,686,PO00122
TXN000322,2026-03-04,P020,Coimbatore,RECEIPT,305,PO01896
TXN000323,2025-01-09,P031,Chennai,ISSUE,774,MO02271
TXN000324,2025-09-21,P011,Chennai,ISSUE,840,MO01714
TXN000325,2025-04-21,P023,Hosur,ISSUE,251,MO02431
TXN000326,2026-01-25,P022,Coimbatore,TRANSFER,314,TR00022
TXN000327,2025-01-14,P026,Coimbatore,ISSUE,971,MO02135
TXN000328,2025-08-31,P023,Chennai,ISSUE,122,MO00750
TXN000329,2025-11-05,P045,Chennai,RECEIPT,695,PO00288
TXN000330,2026-07-03,P015,Chengalpattu,ISSUE,352,MO00312
TXN000331,2025-02-04,P023,Coimbatore,ISSUE,445,MO02141
TXN000332,2025-11-28,P043,Coimbatore,RECEIPT,817,PO00862
TXN000333,2025-01-24,P034,Coimbatore,ISSUE,404,MO02853
TXN000334,2026-06-16,P035,Chengalpattu,ISSUE,956,MO02200
TXN000335,2026-02-24,P041,Chennai,ISSUE,250,MO02914
TXN000336,2026-02-22,P035,Chengalpattu,TRANSFER,932,TR00774
TXN000337,2025-07-05,P010,Hosur,ADJUSTMENT,24,ADJ00268
TXN000338,2025-01-21,P017,Chennai,ISSUE,911,MO02915
TXN000339,2026-04-23,P001,Chengalpattu,ISSUE,599,MO00940
TXN000340,2025-10-20,P045,Hosur,ISSUE,837,MO00553
TXN000341,2025-01-14,P017,Hosur,TRANSFER,504,TR00231
TXN000342,2025-05-25,P003,Chengalpattu,ISSUE,891,MO02041
TXN000343,2025-09-18,P022,Hosur,TRANSFER,449,TR00424
TXN000344,2025-10-30,P031,Chengalpattu,ISSUE,287,MO00630
TXN000345,2025-12-27,P013,Chengalpattu,ISSUE,257,MO02181
TXN000346,2026-05-28,P020,Chengalpattu,ISSUE,313,MO00576
TXN000347,2025-04-17,P044,Chengalpattu,ISSUE,933,MO02735
TXN000348,2026-05-12,P020,Chengalpattu,ISSUE,632,MO01580
TXN000349,2025-09-08,P042,Chengalpattu,TRANSFER,957,TR00916
TXN000350,2026-05-26,P026,Hosur,RECEIPT,293,PO01044
TXN000351,2025-02-04,P005,Chennai,ISSUE,198,MO02533
TXN000352,2025-07-25,P027,Coimbatore,RECEIPT,12,PO00490
TXN000353,2025-09-08,P013,Chennai,ISSUE,811,MO00126
TXN000354,2025-07-04,P041,Chennai,ISSUE,39,MO01247
TXN000355,2026-03-04,P014,Coimbatore,ISSUE,294,MO02199
TXN000356,2025-12-02,P031,Hosur,RECEIPT,946,PO00746
TXN000357,2025-05-09,P009,Chengalpattu,ADJUSTMENT,56,ADJ00352
TXN000358,2025-06-24,P028,Chennai,ADJUSTMENT,92,ADJ00311
TXN000359,2026-02-18,P039,Hosur,ISSUE,114,MO00303
TXN000360,2025-12-11,P043,Chennai,RECEIPT,814,PO01988
TXN000361,2025-02-22,P007,Coimbatore,TRANSFER,304,TR00069
TXN000362,2026-07-29,P041,Hosur,RECEIPT,585,PO01185
TXN000363,2026-08-08,P022,Chennai,TRANSFER,757,TR00589
TXN000364,2026-01-16,P038,Chennai,RECEIPT,102,PO00494
TXN000365,2026-04-27,P007,Hosur,ISSUE,594,MO02445
TXN000366,2025-11-27,P024,Coimbatore,ISSUE,641,MO01368
TXN000367,2025-03-06,P017,Coimbatore,RECEIPT,76,PO00711
TXN000368,2026-08-28,P018,Chennai,ISSUE,473,MO01441
TXN000369,2025-04-12,P011,Chennai,ISSUE,986,MO02915
TXN000370,2025-01-03,P022,Hosur,ISSUE,85,MO02376
TXN000371,2025-08-09,P034,Hosur,ISSUE,154,MO00665
TXN000372,2025-10-20,P035,Chennai,ISSUE,975,MO01764
TXN000373,2026-05-13,P018,Chengalpattu,ISSUE,364,MO00891
TXN000374,2025-12-02,P016,Chennai,RECEIPT,815,PO01141
TXN000375,2025-02-20,P025,Coimbatore,RECEIPT,783,PO00324
TXN000376,2025-11-30,P038,Chennai,ISSUE,893,MO00964
TXN000377,2026-06-23,P028,Chennai,RECEIPT,669,PO00751
TXN000378,2025-04-16,P027,Coimbatore,ISSUE,420,MO02718
TXN000379,2025-03-31,P045,Hosur,RECEIPT,345,PO00350
TXN000380,2025-02-08,P018,Coimbatore,TRANSFER,909,TR00159
TXN000381,2026-03-21,P023,Coimbatore,RECEIPT,298,PO00952
TXN000382,2026-01-20,P039,Chengalpattu,ISSUE,172,MO01400
TXN000383,2025-05-21,P011,Hosur,RECEIPT,887,PO01942
TXN000384,2025-01-26,P002,Chennai,TRANSFER,521,TR00783
TXN000385,2026-08-07,P041,Chengalpattu,ISSUE,152,MO00720
TXN000386,2025-02-19,P031,Coimbatore,ISSUE,664,MO02579
TXN000387,2025-05-26,P006,Chengalpattu,ISSUE,915,MO01463
TXN000388,2026-04-28,P005,Chennai,RECEIPT,108,PO01250
TXN000389,2026-03-08,P016,Chennai,RECEIPT,805,PO01679
TXN000390,2026-06-07,P004,Chengalpattu,RECEIPT,650,PO00969
TXN000391,2025-09-11,P003,Chennai,ISSUE,921,MO00770
TXN000392,2026-07-08,P013,Coimbatore,ISSUE,374,MO02685
TXN000393,2025-10-07,P023,Chennai,ISSUE,700,MO02350
TXN000394,2026-07-08,P037,Chengalpattu,ISSUE,288,MO01191
TXN000395,2025-12-19,P025,Hosur,RECEIPT,676,PO01923
TXN000396,2025-03-11,P027,Chengalpattu,ISSUE,425,MO00708
TXN000397,2026-06-01,P025,Chennai,TRANSFER,428,TR00539
TXN000398,2026-07-16,P042,Chennai,RECEIPT,67,PO01014
TXN000399,2025-12-08,P008,Chennai,ISSUE,838,MO01154
TXN000400,2025-12-20,P009,Hosur,ISSUE,471,MO01822
TXN000401,2026-03-18,P041,Chengalpattu,ISSUE,548,MO02501
TXN000402,2025-11-07,P011,Chennai,ISSUE,208,MO02666
TXN000403,2025-01-12,P024,Chennai,TRANSFER,657,TR00400
TXN000404,2026-06-26,P025,Chengalpattu,ISSUE,237,MO00348
TXN000405,2025-09-05,P030,Chengalpattu,RECEIPT,364,PO00321
TXN000406,2026-02-10,P004,Chennai,RECEIPT,978,PO00456
TXN000407,2026-04-05,P040,Chengalpattu,RECEIPT,550,PO01524
TXN000408,2026-04-26,P035,Chennai,RECEIPT,663,PO00114
TXN000409,2026-03-25,P022,Hosur,ISSUE,843,MO00835
TXN000410,2025-07-15,P038,Hosur,ISSUE,466,MO00311
TXN000411,2025-05-23,P035,Coimbatore,ISSUE,342,MO01340
TXN000412,2025-08-27,P001,Chengalpattu,RECEIPT,561,PO00042
TXN000413,2025-06-07,P014,Hosur,ISSUE,216,MO01694
TXN000414,2025-01-07,P040,Hosur,RECEIPT,948,PO01550
TXN000415,2026-08-01,P035,Coimbatore,ISSUE,859,MO00130
TXN000416,2025-09-23,P016,Hosur,ADJUSTMENT,93,ADJ00793
TXN000417,2025-04-05,P029,Hosur,RECEIPT,782,PO00833
TXN000418,2026-01-16,P044,Chengalpattu,ISSUE,436,MO02947
TXN000419,2025-04-27,P020,Chennai,TRANSFER,482,TR00392
TXN000420,2025-03-20,P042,Hosur,ISSUE,580,MO01980
TXN000421,2025-04-02,P012,Chengalpattu,RECEIPT,653,PO00543
TXN000422,2026-03-23,P039,Chengalpattu,ISSUE,390,MO02720
TXN000423,2025-03-01,P043,Coimbatore,ISSUE,663,MO02515
TXN000424,2025-12-11,P025,Coimbatore,ISSUE,642,MO02430
TXN000425,2026-04-08,P005,Chennai,ISSUE,457,MO00983
TXN000426,2025-11-25,P001,Chennai,RECEIPT,156,PO00190
TXN000427,2026-02-04,P014,Coimbatore,RECEIPT,764,PO00609
TXN000428,2025-04-11,P004,Chengalpattu,ADJUSTMENT,23,ADJ00820
TXN000429,2026-02-26,P024,Chengalpattu,ISSUE,231,MO01509
TXN000430,2026-04-28,P008,Coimbatore,ISSUE,519,MO02203
TXN000431,2026-08-21,P027,Hosur,TRANSFER,645,TR00510
TXN000432,2026-02-09,P043,Hosur,RECEIPT,246,PO00742
TXN000433,2026-02-27,P004,Chennai,ISSUE,901,MO02113
TXN000434,2026-05-08,P001,Chennai,TRANSFER,213,TR00693
TXN000435,2025-06-13,P029,Chennai,ADJUSTMENT,87,ADJ00395
TXN000436,2025-07-02,P018,Chennai,TRANSFER,629,TR00794
TXN000437,2026-08-17,P009,Chengalpattu,TRANSFER,744,TR00227
TXN000438,2026-02-26,P022,Chennai,ISSUE,554,MO02069
TXN000439,2025-07-11,P021,Chennai,RECEIPT,17,PO01144
TXN000440,2026-07-26,P007,Chennai,ISSUE,560,MO02077
TXN000441,2025-08-20,P021,Hosur,TRANSFER,789,TR00284
TXN000442,2025-07-19,P033,Hosur,ISSUE,945,MO00079
TXN000443,2025-06-22,P041,Chengalpattu,ISSUE,467,MO02629
TXN000444,2025-04-11,P015,Chengalpattu,ISSUE,8,MO00845
TXN000445,2026-01-20,P042,Chennai,ISSUE,621,MO00408
TXN000446,2025-05-28,P038,Chengalpattu,RECEIPT,277,PO00232
TXN000447,2026-03-12,P029,Coimbatore,RECEIPT,399,PO01235
TXN000448,2026-03-18,P010,Chengalpattu,ISSUE,261,MO00773
TXN000449,2025-11-16,P032,Hosur,ISSUE,138,MO01574
TXN000450,2025-12-03,P004,Chengalpattu,ISSUE,223,MO00360
TXN000451,2026-07-15,P015,Chennai,ISSUE,804,MO02884
TXN000452,2026-01-13,P020,Chennai,ISSUE,119,MO00190
TXN000453,2026-05-03,P006,Hosur,RECEIPT,770,PO00374
TXN000454,2025-10-15,P024,Chennai,TRANSFER,288,TR00892
TXN000455,2025-09-30,P019,Coimbatore,RECEIPT,936,PO01426
TXN000456,2025-05-04,P003,Chennai,ISSUE,985,MO02838
TXN000457,2025-06-21,P035,Hosur,TRANSFER,288,TR00435
TXN000458,2025-05-02,P044,Chennai,ISSUE,544,MO01246
TXN000459,2025-08-21,P010,Coimbatore,TRANSFER,943,TR00530
TXN000460,2025-10-29,P025,Chennai,RECEIPT,360,PO00238
TXN000461,2025-07-22,P035,Coimbatore,ISSUE,256,MO00598
TXN000462,2026-04-11,P044,Coimbatore,RECEIPT,770,PO00541
TXN000463,2026-08-30,P002,Chengalpattu,TRANSFER,463,TR00407
TXN000464,2026-02-25,P034,Chengalpattu,ISSUE,701,MO01377
TXN000465,2025-01-19,P027,Coimbatore,RECEIPT,23,PO00413
TXN000466,2025-10-08,P012,Coimbatore,ISSUE,128,MO01135
TXN000467,2026-08-07,P044,Hosur,ISSUE,129,MO01900
TXN000468,2025-04-14,P041,Coimbatore,ADJUSTMENT,-37,ADJ00874
TXN000469,2026-02-09,P021,Coimbatore,RECEIPT,896,PO00302
TXN000470,2025-04-22,P001,Coimbatore,RECEIPT,13,PO01417
TXN000471,2026-08-25,P043,Chengalpattu,RECEIPT,314,PO00566
TXN000472,2026-02-22,P042,Chennai,RECEIPT,437,PO01401
TXN000473,2025-03-11,P015,Coimbatore,ISSUE,824,MO01125
TXN000474,2025-05-12,P029,Chengalpattu,ISSUE,20,MO01930
TXN000475,2026-04-14,P006,Hosur,ISSUE,822,MO02024
TXN000476,2025-07-07,P019,Chennai,RECEIPT,57,PO00941
TXN000477,2026-05-31,P017,Chennai,ISSUE,221,MO00526
TXN000478,2025-02-24,P013,Chengalpattu,RECEIPT,500,PO00900
TXN000479,2026-08-17,P019,Hosur,ISSUE,915,MO02207
TXN000480,2025-11-15,P039,Chengalpattu,RECEIPT,878,PO00211
TXN000481,2026-06-26,P013,Chengalpattu,RECEIPT,314,PO00998
TXN000482,2025-01-19,P007,Coimbatore,TRANSFER,432,TR00685
TXN000483,2026-04-26,P007,Coimbatore,ISSUE,146,MO00831
TXN000484,2025-10-30,P017,Chennai,ISSUE,971,MO01020
TXN000485,2025-07-17,P039,Chennai,RECEIPT,260,PO00660
TXN000486,2026-07-13,P003,Coimbatore,RECEIPT,78,PO00124
TXN000487,2026-02-04,P012,Coimbatore,ISSUE,837,MO01529
TXN000488,2025-09-11,P038,Chennai,ADJUSTMENT,97,ADJ00849
TXN000489,2026-03-02,P021,Chennai,ISSUE,547,MO00922
TXN000490,2025-02-18,P006,Chennai,TRANSFER,917,TR00074
TXN000491,2026-08-25,P042,Chennai,ISSUE,260,MO00638
TXN000492,2025-11-09,P029,Coimbatore,ISSUE,612,MO01862
TXN000493,2025-12-30,P030,Hosur,RECEIPT,188,PO01593
TXN000494,2026-07-02,P028,Chengalpattu,ISSUE,725,MO02974
TXN000495,2025-12-08,P012,Chengalpattu,RECEIPT,220,PO00903
TXN000496,2026-02-04,P039,Coimbatore,TRANSFER,182,TR00991
TXN000497,2026-07-10,P003,Chennai,ISSUE,841,MO01837
TXN000498,2025-09-07,P032,Chengalpattu,RECEIPT,875,PO01465
TXN000499,2026-06-03,P022,Chengalpattu,RECEIPT,70,PO00639
TXN000500,2025-07-22,P039,Hosur,ISSUE,148,MO01496
TXN000501,2026-03-02,P005,Chengalpattu,TRANSFER,666,TR00492
TXN000502,2025-06-14,P012,Chengalpattu,ISSUE,314,MO02069
TXN000503,2025-11-01,P042,Chennai,ISSUE,915,MO00371
TXN000504,2026-03-21,P020,Chennai,ISSUE,425,MO02209
TXN000505,2026-05-05,P031,Chennai,RECEIPT,327,PO00598
TXN000506,2026-07-27,P038,Chennai,ISSUE,573,MO02076
TXN000507,2026-08-21,P010,Coimbatore,RECEIPT,177,PO00529
TXN000508,2026-07-31,P012,Hosur,RECEIPT,842,PO00853
TXN000509,2025-02-26,P042,Hosur,ISSUE,66,MO02890
TXN000510,2025-03-27,P027,Chengalpattu,ISSUE,588,MO00344
TXN000511,2026-07-25,P028,Chengalpattu,RECEIPT,650,PO00611
TXN000512,2025-02-01,P044,Coimbatore,ISSUE,391,MO02325
TXN000513,2025-08-02,P030,Hosur,RECEIPT,655,PO00376
TXN000514,2026-08-27,P022,Chennai,ISSUE,782,MO02728
TXN000515,2026-03-23,P012,Chengalpattu,ISSUE,66,MO01784
TXN000516,2025-04-07,P023,Coimbatore,TRANSFER,554,TR00227
TXN000517,2026-08-24,P036,Coimbatore,ISSUE,379,MO01202
TXN000518,2026-05-19,P035,Coimbatore,ISSUE,268,MO00008
TXN000519,2025-06-13,P018,Chengalpattu,ISSUE,485,MO02615
TXN000520,2025-08-26,P042,Coimbatore,RECEIPT,104,PO01234
TXN000521,2026-01-21,P045,Chengalpattu,ISSUE,775,MO00848
TXN000522,2025-02-09,P004,Chennai,TRANSFER,486,TR00929
TXN000523,2026-06-04,P015,Chennai,RECEIPT,613,PO00928
TXN000524,2026-01-01,P016,Coimbatore,RECEIPT,758,PO01811
TXN000525,2025-01-16,P014,Chennai,TRANSFER,129,TR00575
TXN000526,2025-09-26,P043,Coimbatore,RECEIPT,162,PO01284
TXN000527,2026-07-25,P014,Hosur,ADJUSTMENT,27,ADJ00795
TXN000528,2025-07-15,P026,Chennai,RECEIPT,793,PO01940
TXN000529,2025-08-15,P032,Hosur,RECEIPT,701,PO01500
TXN000530,2026-03-10,P008,Chennai,TRANSFER,646,TR00211
TXN000531,2026-03-26,P029,Chengalpattu,ADJUSTMENT,7,ADJ00876
TXN000532,2025-05-11,P003,Chennai,RECEIPT,588,PO00476
TXN000533,2025-06-05,P041,Hosur,RECEIPT,760,PO01242
TXN000534,2026-06-30,P007,Chennai,RECEIPT,41,PO00307
TXN000535,2025-10-06,P029,Hosur,ISSUE,176,MO00896
TXN000536,2025-10-16,P039,Chennai,TRANSFER,724,TR00893
TXN000537,2025-09-05,P044,Hosur,RECEIPT,156,PO01071
TXN000538,2025-05-04,P002,Hosur,TRANSFER,1,TR00968
TXN000539,2026-08-02,P034,Coimbatore,RECEIPT,516,PO00442
TXN000540,2025-07-10,P013,Coimbatore,RECEIPT,533,PO00227
TXN000541,2026-04-05,P017,Chennai,ISSUE,401,MO00551
TXN000542,2025-07-26,P021,Coimbatore,RECEIPT,210,PO01139
TXN000543,2026-02-11,P032,Hosur,ISSUE,443,MO01378
TXN000544,2026-05-16,P016,Hosur,ISSUE,840,MO02750
TXN000545,2026-05-22,P042,Coimbatore,ADJUSTMENT,12,ADJ00281
TXN000546,2025-03-24,P015,Chengalpattu,RECEIPT,622,PO00947
TXN000547,2025-10-11,P023,Hosur,ISSUE,980,MO02221
TXN000548,2026-01-10,P015,Hosur,ISSUE,633,MO01532
TXN000549,2025-04-30,P019,Coimbatore,ISSUE,934,MO01461
TXN000550,2025-10-13,P041,Chengalpattu,RECEIPT,265,PO00320
TXN000551,2025-07-22,P022,Chengalpattu,RECEIPT,821,PO01763
TXN000552,2025-02-10,P020,Coimbatore,ISSUE,708,MO00068
TXN000553,2026-08-21,P001,Chengalpattu,TRANSFER,937,TR00632
TXN000554,2026-04-22,P019,Coimbatore,RECEIPT,62,PO00881
TXN000555,2026-07-30,P023,Hosur,ISSUE,494,MO01586
TXN000556,2025-10-31,P015,Coimbatore,ISSUE,276,MO01987
TXN000557,2025-07-20,P044,Chennai,ISSUE,445,MO01929
TXN000558,2026-04-25,P003,Coimbatore,TRANSFER,65,TR00008
TXN000559,2025-11-28,P020,Coimbatore,ISSUE,438,MO02222
TXN000560,2025-01-26,P009,Coimbatore,ISSUE,820,MO02653
TXN000561,2026-07-04,P004,Chengalpattu,TRANSFER,788,TR00505
TXN000562,2025-12-14,P024,Chengalpattu,ISSUE,540,MO00772
TXN000563,2026-05-07,P036,Chennai,ADJUSTMENT,61,ADJ00347
TXN000564,2025-03-28,P043,Chennai,ISSUE,934,MO02262
TXN000565,2025-10-10,P045,Chennai,ISSUE,648,MO01491
TXN000566,2025-04-03,P002,Hosur,ADJUSTMENT,-2,ADJ00424
TXN000567,2025-02-18,P042,Coimbatore,ISSUE,302,MO00881
TXN000568,2026-08-25,P043,Chengalpattu,RECEIPT,807,PO00341
TXN000569,2025-12-29,P001,Chennai,RECEIPT,822,PO00382
TXN000570,2026-07-07,P039,Chengalpattu,RECEIPT,529,PO00856
TXN000571,2025-07-02,P034,Coimbatore,TRANSFER,41,TR00551
TXN000572,2025-11-29,P016,Chengalpattu,ISSUE,127,MO00001
TXN000573,2026-08-07,P016,Chengalpattu,ISSUE,456,MO02037
TXN000574,2025-10-28,P032,Chengalpattu,ISSUE,602,MO02151
TXN000575,2025-06-02,P021,Hosur,ISSUE,859,MO00174
TXN000576,2025-11-20,P002,Hosur,RECEIPT,990,PO01697
TXN000577,2026-02-16,P036,Chengalpattu,ISSUE,936,MO01108
TXN000578,2025-02-10,P010,Chennai,ISSUE,935,MO01794
TXN000579,2026-03-26,P003,Chennai,ISSUE,819,MO01867
TXN000580,2026-07-17,P045,Hosur,ISSUE,118,MO02761
TXN000581,2025-03-25,P003,Coimbatore,TRANSFER,454,TR00667
TXN000582,2026-01-22,P016,Hosur,ISSUE,912,MO02344
TXN000583,2025-09-25,P004,Chennai,ISSUE,419,MO02283
TXN000584,2025-12-23,P039,Coimbatore,ISSUE,213,MO00574
TXN000585,2025-10-06,P038,Coimbatore,RECEIPT,408,PO01529
TXN000586,2025-04-17,P011,Chengalpattu,ISSUE,658,MO02468
TXN000587,2025-01-30,P009,Chennai,RECEIPT,188,PO01388
TXN000588,2025-06-05,P022,Chengalpattu,TRANSFER,172,TR00847
TXN000589,2025-03-16,P020,Coimbatore,RECEIPT,560,PO00672
TXN000590,2026-01-15,P008,Coimbatore,ISSUE,929,MO01944
TXN000591,2025-01-07,P025,Hosur,RECEIPT,196,PO00421
TXN000592,2025-05-28,P010,Chennai,RECEIPT,787,PO01693
TXN000593,2026-02-23,P018,Chengalpattu,ISSUE,427,MO01503
TXN000594,2026-07-30,P001,Hosur,ISSUE,325,MO01416
TXN000595,2025-07-23,P043,Chengalpattu,RECEIPT,486,PO00833
TXN000596,2026-03-10,P041,Chengalpattu,RECEIPT,837,PO00926
TXN000597,2025-03-16,P010,Chengalpattu,ISSUE,557,MO01179
TXN000598,2025-08-22,P017,Hosur,TRANSFER,563,TR00818
TXN000599,2025-09-02,P027,Coimbatore,RECEIPT,542,PO01962
TXN000600,2025-06-19,P018,Hosur,RECEIPT,124,PO01893
TXN000601,2025-07-20,P035,Coimbatore,ISSUE,369,MO00797
TXN000602,2026-05-15,P005,Coimbatore,ADJUSTMENT,8,ADJ00736
TXN000603,2025-06-14,P027,Hosur,ISSUE,489,MO02353
TXN000604,2026-01-14,P033,Hosur,RECEIPT,343,PO00947
TXN000605,2025-04-19,P017,Hosur,TRANSFER,563,TR00762
TXN000606,2026-06-17,P004,Chennai,RECEIPT,300,PO00139
TXN000607,2026-08-27,P021,Chengalpattu,RECEIPT,959,PO01304
TXN000608,2025-05-19,P031,Coimbatore,RECEIPT,996,PO00435
TXN000609,2025-04-14,P022,Chennai,ISSUE,214,MO01785
TXN000610,2026-06-04,P045,Hosur,ISSUE,284,MO02565
TXN000611,2025-03-05,P030,Chennai,ISSUE,91,MO01141
TXN000612,2025-05-20,P042,Hosur,ISSUE,246,MO02443
TXN000613,2025-07-03,P012,Chengalpattu,RECEIPT,20,PO01961
TXN000614,2026-06-13,P020,Hosur,TRANSFER,883,TR00147
TXN000615,2026-08-05,P008,Chengalpattu,RECEIPT,695,PO01786
TXN000616,2025-08-04,P041,Hosur,ISSUE,407,MO00399
TXN000617,2026-05-14,P045,Coimbatore,TRANSFER,754,TR00465
TXN000618,2025-03-23,P001,Chennai,ADJUSTMENT,78,ADJ00687
TXN000619,2025-12-31,P038,Coimbatore,ISSUE,163,MO02559
TXN000620,2025-12-03,P009,Chengalpattu,TRANSFER,881,TR00737
TXN000621,2025-11-19,P007,Chengalpattu,RECEIPT,443,PO00837
TXN000622,2025-10-14,P033,Coimbatore,ISSUE,720,MO01138
TXN000623,2026-07-20,P033,Hosur,ISSUE,906,MO01834
TXN000624,2025-07-23,P008,Hosur,ISSUE,194,MO00696
TXN000625,2025-06-12,P031,Chennai,ISSUE,19,MO02312
TXN000626,2026-06-26,P044,Chennai,RECEIPT,647,PO00579
TXN000627,2025-01-01,P012,Chengalpattu,TRANSFER,911,TR00549
TXN000628,2025-07-07,P045,Chengalpattu,TRANSFER,128,TR00201
TXN000629,2025-07-13,P035,Chennai,TRANSFER,703,TR00104
TXN000630,2026-01-19,P014,Chennai,ISSUE,260,MO00414
TXN000631,2026-08-07,P028,Hosur,RECEIPT,771,PO00910
TXN000632,2025-10-17,P020,Chennai,TRANSFER,45,TR00573
TXN000633,2025-03-07,P024,Coimbatore,TRANSFER,936,TR00657
TXN000634,2025-12-24,P037,Hosur,ISSUE,188,MO02370
TXN000635,2025-04-21,P034,Hosur,ISSUE,927,MO02556
TXN000636,2025-08-03,P032,Coimbatore,ISSUE,974,MO00632
TXN000637,2025-08-19,P028,Coimbatore,TRANSFER,565,TR00807
TXN000638,2026-03-13,P034,Chennai,ISSUE,781,MO01557
TXN000639,2025-10-08,P023,Chennai,ISSUE,726,MO02079
TXN000640,2026-03-22,P030,Coimbatore,ISSUE,74,MO01480
TXN000641,2025-01-14,P027,Chengalpattu,ISSUE,178,MO02460
TXN000642,2025-01-22,P021,Chengalpattu,RECEIPT,30,PO00703
TXN000643,2026-04-11,P002,Chennai,TRANSFER,12,TR00631
TXN000644,2025-12-20,P029,Hosur,TRANSFER,639,TR00075
TXN000645,2026-03-17,P034,Chengalpattu,ISSUE,991,MO01265
TXN000646,2025-04-06,P010,Chennai,RECEIPT,726,PO00294
TXN000647,2026-01-25,P041,Coimbatore,ISSUE,325,MO02988
TXN000648,2026-07-31,P032,Chengalpattu,RECEIPT,619,PO01683
TXN000649,2026-03-28,P026,Coimbatore,TRANSFER,612,TR00850
TXN000650,2025-06-26,P028,Coimbatore,ISSUE,198,MO02672
TXN000651,2026-02-05,P013,Chengalpattu,ISSUE,698,MO00471
TXN000652,2025-06-24,P012,Chennai,ISSUE,23,MO00235
TXN000653,2026-06-07,P001,Chennai,ADJUSTMENT,95,ADJ00431
TXN000654,2025-10-20,P004,Hosur,RECEIPT,810,PO00913
TXN000655,2026-06-24,P042,Hosur,ADJUSTMENT,-2,ADJ00303
TXN000656,2025-08-15,P016,Hosur,ISSUE,236,MO00873
TXN000657,2025-07-29,P034,Coimbatore,ISSUE,741,MO00397
TXN000658,2025-11-25,P018,Coimbatore,ISSUE,166,MO01483
TXN000659,2025-04-10,P044,Chengalpattu,ISSUE,621,MO01879
TXN000660,2025-09-20,P031,Chennai,RECEIPT,804,PO00274
TXN000661,2025-05-29,P027,Chengalpattu,ADJUSTMENT,-47,ADJ00438
TXN000662,2025-08-23,P001,Chengalpattu,RECEIPT,227,PO01549
TXN000663,2026-07-19,P019,Chennai,RECEIPT,44,PO01839
TXN000664,2025-04-12,P023,Hosur,RECEIPT,792,PO01794
TXN000665,2025-05-18,P042,Chennai,RECEIPT,675,PO01945
TXN000666,2025-07-01,P023,Coimbatore,RECEIPT,884,PO01560
TXN000667,2026-01-13,P014,Coimbatore,TRANSFER,188,TR00858
TXN000668,2025-06-05,P023,Chennai,RECEIPT,784,PO01711
TXN000669,2026-05-17,P020,Chengalpattu,RECEIPT,693,PO01706
TXN000670,2026-02-25,P012,Coimbatore,TRANSFER,134,TR00391
TXN000671,2025-02-02,P044,Chengalpattu,RECEIPT,55,PO01978
TXN000672,2025-01-12,P030,Chengalpattu,ISSUE,528,MO00720
TXN000673,2025-08-16,P004,Chengalpattu,ISSUE,623,MO00307
TXN000674,2025-08-13,P003,Chengalpattu,TRANSFER,983,TR00729
TXN000675,2025-02-28,P007,Chengalpattu,RECEIPT,644,PO00616
TXN000676,2025-08-14,P043,Chennai,RECEIPT,412,PO01229
TXN000677,2025-08-06,P010,Chengalpattu,ISSUE,516,MO01626
TXN000678,2026-08-31,P024,Chennai,RECEIPT,980,PO00434
TXN000679,2025-10-05,P043,Coimbatore,ISSUE,233,MO01553
TXN000680,2025-12-28,P015,Hosur,RECEIPT,441,PO00026
TXN000681,2025-12-05,P025,Hosur,RECEIPT,267,PO00461
TXN000682,2026-02-16,P041,Chengalpattu,ISSUE,971,MO00491
TXN000683,2025-04-12,P015,Chennai,TRANSFER,216,TR00438
TXN000684,2026-05-04,P033,Chennai,TRANSFER,686,TR00242
TXN000685,2026-08-19,P027,Chennai,TRANSFER,820,TR00361
TXN000686,2026-02-26,P010,Chengalpattu,RECEIPT,923,PO01762
TXN000687,2025-10-04,P019,Chengalpattu,ISSUE,558,MO02501
TXN000688,2026-03-22,P029,Hosur,TRANSFER,210,TR00590
TXN000689,2025-01-03,P037,Hosur,ISSUE,990,MO01542
TXN000690,2025-08-23,P033,Chengalpattu,RECEIPT,620,PO01185
TXN000691,2025-02-19,P023,Chengalpattu,ADJUSTMENT,-6,ADJ00668
TXN000692,2026-08-03,P014,Hosur,RECEIPT,867,PO01276
TXN000693,2025-03-31,P016,Chengalpattu,ISSUE,446,MO01356
TXN000694,2025-01-19,P016,Chennai,ISSUE,983,MO02359
TXN000695,2026-01-25,P002,Hosur,RECEIPT,260,PO00620
TXN000696,2025-12-20,P010,Chennai,TRANSFER,273,TR00619
TXN000697,2025-09-04,P039,Chennai,ADJUSTMENT,40,ADJ00362
TXN000698,2026-05-10,P013,Hosur,ISSUE,606,MO02881
TXN000699,2026-08-19,P004,Coimbatore,ISSUE,600,MO02802
TXN000700,2025-05-17,P011,Chennai,ISSUE,421,MO02122
TXN000701,2025-09-12,P034,Chengalpattu,TRANSFER,171,TR00981
TXN000702,2025-11-18,P014,Hosur,RECEIPT,567,PO00456
TXN000703,2025-06-04,P037,Coimbatore,RECEIPT,889,PO00349
TXN000704,2025-01-10,P044,Chengalpattu,ISSUE,740,MO01462
TXN000705,2026-05-14,P020,Coimbatore,TRANSFER,129,TR00672
TXN000706,2026-02-08,P002,Chennai,ISSUE,629,MO01630
TXN000707,2026-08-26,P042,Coimbatore,ADJUSTMENT,-84,ADJ00274
TXN000708,2025-04-01,P027,Chengalpattu,ISSUE,82,MO02372
TXN000709,2025-06-03,P043,Hosur,TRANSFER,877,TR00404
TXN000710,2025-02-10,P024,Hosur,TRANSFER,105,TR00901
TXN000711,2025-12-20,P026,Chennai,RECEIPT,749,PO01961
TXN000712,2025-04-09,P040,Chengalpattu,ISSUE,588,MO02330
TXN000713,2025-07-18,P042,Coimbatore,RECEIPT,303,PO00327
TXN000714,2026-04-07,P045,Chengalpattu,ISSUE,132,MO02839
TXN000715,2025-04-19,P019,Chengalpattu,ISSUE,221,MO02601
TXN000716,2026-07-12,P019,Coimbatore,ISSUE,924,MO00475
TXN000717,2026-02-25,P044,Hosur,TRANSFER,897,TR00707
TXN000718,2025-07-08,P006,Chengalpattu,TRANSFER,164,TR00994
TXN000719,2025-01-04,P034,Chengalpattu,ISSUE,835,MO00290
TXN000720,2025-09-05,P014,Chennai,ISSUE,628,MO00279
TXN000721,2025-06-30,P008,Chennai,ISSUE,830,MO00681
TXN000722,2026-07-20,P007,Chennai,ISSUE,326,MO01381
TXN000723,2025-03-26,P024,Hosur,RECEIPT,317,PO00212
TXN000724,2025-02-07,P006,Chengalpattu,RECEIPT,511,PO00420
TXN000725,2025-12-09,P008,Chennai,TRANSFER,826,TR00306
TXN000726,2025-04-22,P030,Hosur,TRANSFER,411,TR00947
TXN000727,2026-01-14,P036,Chennai,ISSUE,47,MO01910
TXN000728,2025-11-06,P014,Chengalpattu,ISSUE,661,MO01992
TXN000729,2025-07-21,P034,Chengalpattu,RECEIPT,32,PO00443
TXN000730,2026-04-25,P006,Coimbatore,ISSUE,10,MO02774
TXN000731,2026-03-12,P024,Chennai,ISSUE,111,MO00153
TXN000732,2025-07-10,P007,Chennai,ISSUE,729,MO02611
TXN000733,2025-03-29,P039,Chennai,TRANSFER,194,TR00104
TXN000734,2025-07-17,P035,Chengalpattu,RECEIPT,1,PO01007
TXN000735,2025-11-09,P019,Hosur,ISSUE,593,MO00763
TXN000736,2026-08-05,P041,Chennai,RECEIPT,262,PO01364
TXN000737,2026-07-29,P034,Chennai,TRANSFER,561,TR00076
TXN000738,2025-07-11,P018,Coimbatore,ISSUE,65,MO01498
TXN000739,2025-05-08,P043,Chengalpattu,ISSUE,452,MO01938
TXN000740,2026-02-23,P028,Coimbatore,ISSUE,488,MO00078
TXN000741,2025-11-11,P023,Chennai,ADJUSTMENT,-18,ADJ00902
TXN000742,2025-12-05,P011,Chennai,ADJUSTMENT,96,ADJ00283
TXN000743,2025-08-28,P020,Hosur,RECEIPT,832,PO01982
TXN000744,2026-07-09,P035,Coimbatore,ISSUE,458,MO00452
TXN000745,2025-01-22,P043,Coimbatore,RECEIPT,883,PO00313
TXN000746,2026-01-10,P043,Chengalpattu,RECEIPT,451,PO01650
TXN000747,2025-07-29,P017,Coimbatore,TRANSFER,500,TR00464
TXN000748,2025-01-12,P032,Chengalpattu,RECEIPT,126,PO01589
TXN000749,2026-02-05,P011,Chennai,ISSUE,902,MO00517
TXN000750,2025-04-28,P015,Chengalpattu,ISSUE,888,MO01342
TXN000751,2025-07-16,P020,Chengalpattu,RECEIPT,891,PO01474
TXN000752,2025-10-16,P019,Coimbatore,ISSUE,141,MO01108
TXN000753,2026-06-10,P037,Coimbatore,ISSUE,215,MO00128
TXN000754,2025-01-29,P043,Chennai,RECEIPT,792,PO00338
TXN000755,2026-01-27,P041,Hosur,TRANSFER,218,TR00574
TXN000756,2026-06-02,P021,Hosur,RECEIPT,570,PO01349
TXN000757,2025-03-23,P036,Hosur,ISSUE,474,MO01492
TXN000758,2025-07-23,P041,Chennai,RECEIPT,583,PO01019
TXN000759,2025-07-27,P045,Hosur,ISSUE,514,MO01660
TXN000760,2025-06-03,P045,Hosur,ISSUE,939,MO00219
TXN000761,2026-07-07,P010,Coimbatore,ADJUSTMENT,47,ADJ00108
TXN000762,2026-02-18,P021,Chengalpattu,RECEIPT,309,PO00802
TXN000763,2025-10-10,P003,Coimbatore,ISSUE,778,MO00073
TXN000764,2026-03-19,P014,Chengalpattu,ISSUE,100,MO01083
TXN000765,2025-03-06,P040,Hosur,TRANSFER,595,TR00154
TXN000766,2025-11-11,P002,Hosur,ISSUE,662,MO02995
TXN000767,2026-02-18,P010,Chennai,RECEIPT,25,PO00284
TXN000768,2025-01-07,P028,Chennai,ISSUE,817,MO00083
TXN000769,2025-08-25,P019,Hosur,ISSUE,46,MO00618
TXN000770,2025-06-15,P026,Chengalpattu,RECEIPT,657,PO00842
TXN000771,2026-02-23,P025,Coimbatore,ISSUE,756,MO01365
TXN000772,2026-08-28,P026,Chengalpattu,TRANSFER,379,TR00073
TXN000773,2025-02-12,P002,Hosur,ADJUSTMENT,-60,ADJ00170
TXN000774,2025-02-08,P031,Chengalpattu,RECEIPT,369,PO00757
TXN000775,2025-02-16,P024,Coimbatore,ISSUE,575,MO02785
TXN000776,2025-10-23,P032,Hosur,RECEIPT,203,PO00061
TXN000777,2025-06-10,P029,Coimbatore,RECEIPT,331,PO01552
TXN000778,2025-12-04,P043,Hosur,ADJUSTMENT,26,ADJ00275
TXN000779,2026-05-19,P015,Coimbatore,RECEIPT,686,PO00387
TXN000780,2026-08-26,P037,Hosur,ISSUE,750,MO01800
TXN000781,2025-03-14,P011,Hosur,ISSUE,509,MO00390
TXN000782,2026-07-03,P031,Chennai,RECEIPT,649,PO01874
TXN000783,2026-03-21,P032,Coimbatore,ISSUE,570,MO00363
TXN000784,2026-02-24,P022,Chengalpattu,TRANSFER,626,TR00252
TXN000785,2026-06-14,P027,Chennai,ISSUE,866,MO00063
TXN000786,2025-07-04,P041,Chengalpattu,ISSUE,205,MO02820
TXN000787,2025-03-29,P035,Chengalpattu,ISSUE,836,MO00823
TXN000788,2025-05-01,P010,Hosur,RECEIPT,385,PO01638
TXN000789,2025-01-21,P042,Chennai,RECEIPT,242,PO00455
TXN000790,2026-08-18,P017,Chennai,TRANSFER,803,TR00964
TXN000791,2026-03-20,P032,Chennai,RECEIPT,283,PO00312
TXN000792,2025-03-02,P039,Coimbatore,RECEIPT,319,PO01914
TXN000793,2025-11-07,P039,Chengalpattu,ISSUE,814,MO02592
TXN000794,2025-06-26,P011,Chennai,RECEIPT,362,PO00314
TXN000795,2025-08-01,P035,Chengalpattu,TRANSFER,829,TR00137
TXN000796,2025-02-08,P030,Coimbatore,TRANSFER,662,TR00425
TXN000797,2026-04-10,P039,Chennai,ISSUE,76,MO02519
TXN000798,2026-04-02,P016,Coimbatore,ISSUE,285,MO01701
TXN000799,2026-01-07,P010,Chennai,ISSUE,495,MO01648
TXN000800,2026-08-20,P028,Chennai,RECEIPT,450,PO00485
TXN000801,2025-10-16,P028,Chengalpattu,ISSUE,414,MO00721
TXN000802,2026-05-14,P006,Coimbatore,ISSUE,974,MO00634
TXN000803,2025-08-22,P021,Coimbatore,RECEIPT,540,PO01035
TXN000804,2025-05-07,P025,Coimbatore,RECEIPT,147,PO00118
TXN000805,2026-08-07,P002,Hosur,ADJUSTMENT,36,ADJ00175
TXN000806,2025-07-14,P004,Hosur,TRANSFER,330,TR00936
TXN000807,2025-12-20,P001,Chennai,RECEIPT,499,PO00141
TXN000808,2025-08-27,P041,Chennai,ISSUE,205,MO02608
TXN000809,2025-10-22,P022,Chennai,RECEIPT,640,PO00856
TXN000810,2025-11-21,P024,Chennai,RECEIPT,794,PO00305
TXN000811,2025-04-13,P032,Coimbatore,ISSUE,821,MO00193
TXN000812,2026-06-21,P003,Hosur,ISSUE,251,MO01789
TXN000813,2026-02-20,P043,Coimbatore,TRANSFER,794,TR00380
TXN000814,2025-03-14,P029,Chennai,ISSUE,632,MO01848
TXN000815,2025-12-02,P013,Chennai,TRANSFER,425,TR00499
TXN000816,2025-07-18,P002,Coimbatore,RECEIPT,718,PO01437
TXN000817,2026-03-05,P021,Coimbatore,TRANSFER,783,TR00899
TXN000818,2025-02-26,P001,Chennai,ISSUE,232,MO02706
TXN000819,2026-06-18,P044,Chengalpattu,RECEIPT,518,PO00716
TXN000820,2025-12-01,P019,Chennai,ISSUE,732,MO02164
TXN000821,2025-11-29,P003,Chennai,RECEIPT,557,PO00335
TXN000822,2025-11-19,P016,Chengalpattu,TRANSFER,851,TR00003
TXN000823,2025-02-28,P004,Hosur,ISSUE,951,MO02622
TXN000824,2025-05-02,P018,Coimbatore,ISSUE,479,MO02667
TXN000825,2025-03-03,P034,Coimbatore,ISSUE,256,MO02609
TXN000826,2026-04-27,P008,Chengalpattu,ISSUE,317,MO00719
TXN000827,2025-07-20,P025,Chennai,ISSUE,250,MO02362
TXN000828,2026-04-25,P005,Chengalpattu,ISSUE,314,MO02533
TXN000829,2026-07-25,P011,Chengalpattu,ISSUE,583,MO01289
TXN000830,2026-03-18,P023,Chengalpattu,ISSUE,401,MO02775
TXN000831,2026-05-05,P031,Coimbatore,ISSUE,485,MO01781
TXN000832,2026-03-21,P011,Hosur,RECEIPT,269,PO00267
TXN000833,2025-02-28,P003,Chengalpattu,RECEIPT,825,PO01064
TXN000834,2025-10-27,P037,Coimbatore,TRANSFER,395,TR00207
TXN000835,2025-06-27,P035,Chennai,ISSUE,396,MO00371
TXN000836,2026-01-04,P038,Coimbatore,ISSUE,384,MO02110
TXN000837,2025-08-10,P008,Chennai,RECEIPT,61,PO01153
TXN000838,2026-01-13,P021,Chennai,TRANSFER,622,TR00781
TXN000839,2026-08-09,P030,Chengalpattu,TRANSFER,999,TR00437
TXN000840,2025-12-06,P033,Chengalpattu,ISSUE,869,MO02388
TXN000841,2026-07-29,P041,Chennai,ISSUE,534,MO01094
TXN000842,2026-08-14,P006,Chennai,TRANSFER,517,TR00828
TXN000843,2025-08-05,P028,Hosur,ISSUE,56,MO00366
TXN000844,2026-03-31,P030,Chengalpattu,RECEIPT,104,PO00077
TXN000845,2025-11-27,P039,Hosur,TRANSFER,993,TR00182
TXN000846,2025-01-27,P002,Chengalpattu,ADJUSTMENT,39,ADJ00299
TXN000847,2026-07-27,P033,Coimbatore,TRANSFER,458,TR00451
TXN000848,2026-02-04,P018,Coimbatore,RECEIPT,253,PO00781
TXN000849,2026-05-14,P034,Coimbatore,RECEIPT,950,PO01995
TXN000850,2026-05-16,P044,Coimbatore,RECEIPT,803,PO00598
TXN000851,2025-04-24,P027,Coimbatore,ISSUE,433,MO00992
TXN000852,2025-08-23,P006,Chengalpattu,RECEIPT,442,PO01379
TXN000853,2025-05-05,P039,Chengalpattu,ISSUE,138,MO00339
TXN000854,2026-01-18,P042,Chengalpattu,ADJUSTMENT,70,ADJ00450
TXN000855,2025-10-03,P012,Chennai,ISSUE,48,MO02259
TXN000856,2026-06-24,P033,Chengalpattu,ISSUE,709,MO01339
TXN000857,2026-07-16,P044,Coimbatore,ISSUE,900,MO01782
TXN000858,2025-01-14,P042,Hosur,ISSUE,715,MO00288
TXN000859,2026-07-21,P018,Chennai,ISSUE,694,MO01746
TXN000860,2025-12-09,P044,Coimbatore,TRANSFER,425,TR00571
TXN000861,2026-04-03,P030,Chennai,ISSUE,918,MO01875
TXN000862,2026-02-10,P005,Coimbatore,ISSUE,726,MO02991
TXN000863,2026-03-10,P009,Chennai,TRANSFER,404,TR00434
TXN000864,2025-02-12,P006,Chennai,ISSUE,207,MO00780
TXN000865,2025-06-15,P044,Hosur,ISSUE,643,MO00090
TXN000866,2026-03-14,P027,Chennai,RECEIPT,538,PO01611
TXN000867,2025-05-30,P023,Chengalpattu,ISSUE,660,MO01053
TXN000868,2025-12-06,P023,Hosur,TRANSFER,628,TR00439
TXN000869,2026-06-03,P038,Hosur,ISSUE,976,MO00955
TXN000870,2025-06-30,P018,Chengalpattu,RECEIPT,215,PO00088
TXN000871,2025-06-28,P002,Coimbatore,RECEIPT,212,PO01829
TXN000872,2025-09-21,P033,Chennai,ISSUE,207,MO02655
TXN000873,2026-01-15,P010,Hosur,RECEIPT,743,PO01333
TXN000874,2025-03-05,P008,Chengalpattu,TRANSFER,810,TR00350
TXN000875,2025-04-08,P040,Coimbatore,ISSUE,946,MO01095
TXN000876,2025-10-03,P019,Hosur,RECEIPT,50,PO01382
TXN000877,2026-04-30,P017,Hosur,RECEIPT,84,PO01923
TXN000878,2026-08-07,P028,Hosur,RECEIPT,296,PO00236
TXN000879,2025-04-20,P035,Coimbatore,ISSUE,192,MO00904
TXN000880,2025-02-08,P014,Hosur,RECEIPT,540,PO01073
TXN000881,2025-02-05,P020,Chennai,RECEIPT,101,PO01818
TXN000882,2025-06-15,P031,Chengalpattu,RECEIPT,383,PO01880
TXN000883,2025-01-31,P001,Chengalpattu,RECEIPT,375,PO00011
TXN000884,2026-03-29,P029,Hosur,TRANSFER,192,TR00486
TXN000885,2025-12-21,P020,Chengalpattu,RECEIPT,940,PO01136
TXN000886,2025-03-06,P037,Hosur,TRANSFER,247,TR00735
TXN000887,2025-04-16,P039,Hosur,TRANSFER,181,TR00184
TXN000888,2025-03-30,P006,Chennai,RECEIPT,688,PO00530
TXN000889,2026-02-03,P008,Chengalpattu,ISSUE,106,MO01295
TXN000890,2026-06-09,P042,Coimbatore,RECEIPT,849,PO01056
TXN000891,2025-03-23,P001,Chengalpattu,ISSUE,845,MO01744
TXN000892,2025-02-07,P009,Coimbatore,ISSUE,211,MO02492
TXN000893,2025-01-18,P025,Chennai,TRANSFER,912,TR00439
TXN000894,2025-08-12,P038,Chengalpattu,ISSUE,830,MO02536
TXN000895,2025-08-17,P016,Chennai,ADJUSTMENT,-24,ADJ00188
TXN000896,2025-05-12,P004,Hosur,ISSUE,551,MO01096
TXN000897,2026-05-01,P032,Chennai,ISSUE,191,MO01446
TXN000898,2026-03-27,P034,Chengalpattu,RECEIPT,412,PO01667
TXN000899,2026-02-10,P023,Hosur,TRANSFER,608,TR00422
TXN000900,2025-07-04,P044,Coimbatore,ISSUE,6,MO01230
TXN000901,2025-03-17,P009,Coimbatore,TRANSFER,177,TR00827
TXN000902,2025-11-04,P017,Chennai,ISSUE,345,MO01151
TXN000903,2026-08-19,P032,Coimbatore,RECEIPT,487,PO00383
TXN000904,2025-10-03,P011,Chengalpattu,RECEIPT,500,PO00717
TXN000905,2025-09-30,P028,Hosur,RECEIPT,920,PO01082
TXN000906,2025-10-06,P011,Hosur,TRANSFER,686,TR00328
TXN000907,2025-08-17,P044,Coimbatore,RECEIPT,497,PO00156
TXN000908,2025-01-02,P002,Chennai,RECEIPT,758,PO00722
TXN000909,2025-01-13,P021,Chennai,ISSUE,608,MO00498
TXN000910,2025-06-20,P014,Hosur,TRANSFER,981,TR00606
TXN000911,2026-04-12,P001,Chengalpattu,RECEIPT,628,PO00143
TXN000912,2026-04-24,P026,Chengalpattu,ISSUE,565,MO02519
TXN000913,2025-11-04,P028,Chengalpattu,RECEIPT,649,PO01718
TXN000914,2025-04-08,P033,Chennai,ISSUE,720,MO01289
TXN000915,2025-08-25,P040,Coimbatore,ISSUE,974,MO01017
TXN000916,2025-07-09,P045,Chengalpattu,RECEIPT,268,PO01345
TXN000917,2025-05-19,P023,Chengalpattu,RECEIPT,615,PO01707
TXN000918,2026-05-21,P036,Chennai,RECEIPT,733,PO01749
TXN000919,2026-01-25,P019,Chengalpattu,TRANSFER,342,TR00946
TXN000920,2026-05-14,P036,Chennai,ISSUE,822,MO01736
TXN000921,2025-05-19,P004,Chennai,RECEIPT,856,PO00817
TXN000922,2025-04-14,P024,Coimbatore,RECEIPT,851,PO00871
TXN000923,2025-05-27,P006,Coimbatore,ISSUE,184,MO01052
TXN000924,2026-01-06,P029,Hosur,TRANSFER,244,TR00580
TXN000925,2025-02-27,P031,Hosur,TRANSFER,269,TR00308
TXN000926,2025-08-16,P018,Chengalpattu,ISSUE,247,MO02748
TXN000927,2025-12-21,P041,Coimbatore,RECEIPT,750,PO01896
TXN000928,2025-07-29,P036,Coimbatore,TRANSFER,816,TR00808
TXN000929,2026-04-17,P001,Coimbatore,ADJUSTMENT,13,ADJ00900
TXN000930,2026-01-02,P010,Chengalpattu,RECEIPT,912,PO00184
TXN000931,2026-06-21,P042,Chengalpattu,RECEIPT,511,PO00802
TXN000932,2025-03-14,P014,Hosur,RECEIPT,282,PO00916
TXN000933,2025-06-01,P024,Chengalpattu,ISSUE,5,MO01219
TXN000934,2025-09-28,P011,Coimbatore,RECEIPT,163,PO00460
TXN000935,2025-06-11,P040,Chennai,RECEIPT,983,PO00351
TXN000936,2025-05-12,P041,Chengalpattu,ISSUE,87,MO01712
TXN000937,2026-08-24,P044,Chengalpattu,RECEIPT,578,PO00670
TXN000938,2026-03-09,P032,Hosur,ISSUE,628,MO01493
TXN000939,2025-10-21,P028,Chennai,ISSUE,765,MO00250
TXN000940,2025-01-25,P017,Chengalpattu,ISSUE,789,MO00984
TXN000941,2025-04-22,P003,Hosur,ISSUE,364,MO01327
TXN000942,2025-07-11,P006,Chengalpattu,ISSUE,963,MO02186
TXN000943,2026-05-18,P013,Chengalpattu,RECEIPT,203,PO00573
TXN000944,2025-11-07,P028,Chennai,RECEIPT,549,PO00056
TXN000945,2025-07-16,P039,Chennai,ISSUE,585,MO01595
TXN000946,2025-01-30,P027,Hosur,ISSUE,779,MO02012
TXN000947,2026-03-21,P023,Chengalpattu,TRANSFER,893,TR00438
TXN000948,2026-05-10,P034,Hosur,ISSUE,674,MO01271
TXN000949,2026-03-15,P043,Chengalpattu,RECEIPT,278,PO00552
TXN000950,2025-07-10,P033,Coimbatore,ISSUE,490,MO02742
TXN000951,2025-01-22,P003,Chennai,ISSUE,678,MO02659
TXN000952,2026-06-13,P029,Chengalpattu,RECEIPT,602,PO01677
TXN000953,2026-08-13,P016,Hosur,ISSUE,429,MO02822
TXN000954,2025-03-13,P026,Hosur,RECEIPT,445,PO00655
TXN000955,2026-02-19,P029,Chennai,ISSUE,245,MO01016
TXN000956,2026-07-24,P030,Chengalpattu,RECEIPT,817,PO00407
TXN000957,2025-01-05,P039,Hosur,RECEIPT,986,PO01556
TXN000958,2025-05-26,P033,Hosur,ISSUE,388,MO02833
TXN000959,2026-01-19,P045,Hosur,TRANSFER,556,TR00887
TXN000960,2026-02-23,P022,Coimbatore,ISSUE,337,MO02467
TXN000961,2025-05-02,P003,Chengalpattu,ISSUE,432,MO02092
TXN000962,2025-05-25,P021,Chengalpattu,ISSUE,327,MO02411
TXN000963,2025-06-13,P013,Chennai,ISSUE,141,MO02874
TXN000964,2026-04-08,P003,Hosur,RECEIPT,751,PO01860
TXN000965,2025-07-09,P002,Coimbatore,RECEIPT,388,PO00429
TXN000966,2025-07-13,P019,Chengalpattu,ISSUE,287,MO00771
TXN000967,2025-06-20,P011,Chengalpattu,ISSUE,159,MO02249
TXN000968,2026-08-06,P002,Chennai,TRANSFER,504,TR00876
TXN000969,2025-11-09,P038,Coimbatore,ISSUE,976,MO02846
TXN000970,2025-07-16,P001,Hosur,ISSUE,885,MO02781
TXN000971,2026-01-17,P010,Chengalpattu,ISSUE,173,MO02711
TXN000972,2026-05-09,P032,Hosur,ISSUE,620,MO02967
TXN000973,2026-02-28,P005,Hosur,TRANSFER,890,TR00608
TXN000974,2025-01-06,P009,Chennai,TRANSFER,624,TR00376
TXN000975,2026-02-05,P045,Coimbatore,RECEIPT,96,PO01412
TXN000976,2026-02-20,P039,Chengalpattu,RECEIPT,726,PO01528
TXN000977,2025-05-30,P024,Coimbatore,TRANSFER,880,TR00759
TXN000978,2026-05-30,P009,Chennai,ADJUSTMENT,-41,ADJ00076
TXN000979,2025-04-23,P002,Hosur,ISSUE,251,MO00841
TXN000980,2025-06-24,P024,Hosur,ISSUE,69,MO02932
TXN000981,2025-08-25,P009,Coimbatore,ISSUE,248,MO02416
TXN000982,2026-05-05,P009,Chennai,ISSUE,494,MO01338
TXN000983,2025-01-25,P018,Coimbatore,TRANSFER,334,TR00355
TXN000984,2025-04-09,P014,Chengalpattu,RECEIPT,459,PO01547
TXN000985,2026-05-18,P018,Chennai,TRANSFER,721,TR00448
TXN000986,2025-05-01,P037,Chengalpattu,RECEIPT,810,PO00978
TXN000987,2025-08-29,P010,Coimbatore,RECEIPT,755,PO01554
TXN000988,2025-09-19,P040,Chennai,ISSUE,953,MO01388
TXN000989,2025-10-25,P010,Coimbatore,RECEIPT,76,PO01724
TXN000990,2026-04-19,P027,Chengalpattu,ADJUSTMENT,54,ADJ00283
TXN000991,2026-07-29,P024,Coimbatore,ISSUE,892,MO02060
TXN000992,2025-03-04,P042,Hosur,RECEIPT,253,PO00465
TXN000993,2025-03-31,P029,Chengalpattu,TRANSFER,720,TR00804
TXN000994,2025-03-17,P028,Hosur,RECEIPT,613,PO00926
TXN000995,2025-03-12,P024,Chengalpattu,RECEIPT,180,PO01148
TXN000996,2025-08-16,P011,Chennai,ISSUE,431,MO01460
TXN000997,2025-06-14,P009,Hosur,RECEIPT,27,PO01335
TXN000998,2025-06-13,P024,Chennai,RECEIPT,898,PO00918
TXN000999,2025-01-30,P025,Chengalpattu,RECEIPT,45,PO01811
TXN001000,2025-08-09,P016,Hosur,RECEIPT,868,PO00534
TXN001001,2026-07-04,P017,Chengalpattu,RECEIPT,582,PO01140
TXN001002,2025-01-09,P020,Coimbatore,TRANSFER,288,TR00388
TXN001003,2026-08-10,P030,Hosur,RECEIPT,677,PO00278
TXN001004,2026-08-12,P045,Chengalpattu,RECEIPT,810,PO00649
TXN001005,2025-05-27,P032,Coimbatore,ADJUSTMENT,58,ADJ00384
TXN001006,2026-02-19,P037,Chennai,ISSUE,339,MO01631
TXN001007,2025-05-18,P040,Chengalpattu,ISSUE,130,MO02242
TXN001008,2025-05-24,P032,Chengalpattu,ISSUE,16,MO02471
TXN001009,2025-05-09,P029,Coimbatore,ISSUE,907,MO00887
TXN001010,2025-11-02,P005,Chengalpattu,ISSUE,908,MO02655
TXN001011,2025-11-17,P002,Chennai,ISSUE,559,MO01205
TXN001012,2025-04-18,P021,Coimbatore,RECEIPT,531,PO00410
TXN001013,2026-05-08,P044,Hosur,ISSUE,195,MO00012
TXN001014,2025-07-01,P020,Hosur,TRANSFER,962,TR00817
TXN001015,2025-01-30,P008,Hosur,ISSUE,596,MO01120
TXN001016,2025-12-27,P028,Hosur,ISSUE,374,MO00554
TXN001017,2025-08-25,P035,Chennai,ISSUE,534,MO00185
TXN001018,2026-07-07,P040,Hosur,RECEIPT,336,PO00162
TXN001019,2025-01-12,P024,Hosur,ISSUE,424,MO00588
TXN001020,2026-05-20,P017,Chennai,ISSUE,738,MO01712
TXN001021,2025-11-17,P033,Coimbatore,ISSUE,435,MO02038
TXN001022,2025-03-19,P041,Hosur,ISSUE,194,MO00527
TXN001023,2025-05-05,P012,Chennai,ISSUE,871,MO00280
TXN001024,2025-05-08,P018,Hosur,ISSUE,314,MO00332
TXN001025,2026-02-24,P001,Chengalpattu,TRANSFER,22,TR00206
TXN001026,2026-03-16,P007,Chengalpattu,ADJUSTMENT,-5,ADJ00929
TXN001027,2025-10-21,P034,Chengalpattu,ISSUE,195,MO00663
TXN001028,2026-03-28,P029,Chennai,RECEIPT,661,PO01128
TXN001029,2026-01-31,P022,Hosur,ISSUE,912,MO01361
TXN001030,2026-07-12,P031,Coimbatore,ISSUE,800,MO01580
TXN001031,2026-07-10,P002,Chennai,ISSUE,610,MO02157
TXN001032,2025-07-25,P030,Chengalpattu,ISSUE,847,MO00043
TXN001033,2026-04-21,P043,Chennai,ISSUE,83,MO01134
TXN001034,2025-09-08,P011,Hosur,ISSUE,724,MO02339
TXN001035,2026-05-26,P036,Chennai,ISSUE,409,MO01986
TXN001036,2026-08-24,P033,Chennai,ISSUE,72,MO01271
TXN001037,2026-08-31,P025,Chengalpattu,RECEIPT,587,PO01959
TXN001038,2025-02-23,P024,Hosur,ISSUE,730,MO02576
TXN001039,2025-07-12,P003,Chengalpattu,ISSUE,895,MO02106
TXN001040,2025-11-22,P039,Coimbatore,RECEIPT,8,PO00029
TXN001041,2025-07-07,P003,Coimbatore,ISSUE,675,MO02757
TXN001042,2025-10-03,P042,Chengalpattu,ISSUE,73,MO01703
TXN001043,2025-04-12,P018,Coimbatore,ISSUE,987,MO02733
TXN001044,2026-03-17,P014,Chennai,ISSUE,86,MO01500
TXN001045,2025-02-12,P027,Coimbatore,ISSUE,211,MO02036
TXN001046,2025-01-26,P035,Hosur,ISSUE,919,MO00299
TXN001047,2026-03-16,P017,Chengalpattu,ISSUE,211,MO02800
TXN001048,2026-03-15,P039,Coimbatore,ISSUE,974,MO01803
TXN001049,2026-03-03,P025,Hosur,TRANSFER,275,TR00448
TXN001050,2025-08-08,P016,Chengalpattu,RECEIPT,577,PO01891
TXN001051,2026-01-11,P010,Chengalpattu,ISSUE,263,MO00267
TXN001052,2026-07-17,P019,Chennai,ADJUSTMENT,64,ADJ00046
TXN001053,2025-09-26,P016,Chengalpattu,TRANSFER,601,TR00381
TXN001054,2025-09-17,P037,Hosur,RECEIPT,75,PO01504
TXN001055,2026-06-07,P019,Coimbatore,ISSUE,348,MO01462
TXN001056,2026-05-13,P034,Coimbatore,ISSUE,540,MO00747
TXN001057,2025-02-23,P023,Chennai,ISSUE,541,MO01491
TXN001058,2026-07-01,P019,Chengalpattu,RECEIPT,798,PO00348
TXN001059,2026-02-18,P015,Coimbatore,ISSUE,500,MO00685
TXN001060,2025-12-24,P015,Hosur,TRANSFER,618,TR00507
TXN001061,2025-09-01,P027,Chennai,ISSUE,506,MO00422
TXN001062,2026-06-03,P005,Coimbatore,ISSUE,278,MO01873
TXN001063,2026-03-17,P039,Chennai,RECEIPT,391,PO01520
TXN001064,2026-05-28,P036,Hosur,ISSUE,748,MO02997
TXN001065,2026-03-03,P012,Hosur,RECEIPT,502,PO00730
TXN001066,2025-06-27,P038,Chennai,RECEIPT,457,PO00189
TXN001067,2025-10-19,P044,Chengalpattu,RECEIPT,946,PO00756
TXN001068,2026-01-12,P023,Coimbatore,ISSUE,658,MO01180
TXN001069,2026-07-13,P005,Chennai,RECEIPT,763,PO01211
TXN001070,2026-07-05,P042,Chengalpattu,ISSUE,304,MO00942
TXN001071,2026-06-26,P006,Chengalpattu,ISSUE,670,MO01302
TXN001072,2025-08-10,P013,Hosur,ISSUE,804,MO01554
TXN001073,2025-09-10,P038,Chennai,RECEIPT,257,PO00383
TXN001074,2026-01-25,P020,Hosur,ADJUSTMENT,-57,ADJ00712
TXN001075,2026-08-30,P007,Hosur,ISSUE,766,MO01381
TXN001076,2025-08-17,P016,Hosur,ISSUE,524,MO00862
TXN001077,2026-02-09,P010,Coimbatore,ADJUSTMENT,-72,ADJ00161
TXN001078,2026-05-02,P002,Chennai,ISSUE,885,MO00172
TXN001079,2026-02-26,P018,Hosur,ISSUE,421,MO01210
TXN001080,2026-01-13,P027,Chengalpattu,RECEIPT,523,PO00580
TXN001081,2025-04-08,P029,Hosur,RECEIPT,605,PO00022
TXN001082,2026-03-02,P015,Chengalpattu,TRANSFER,25,TR00503
TXN001083,2025-05-24,P038,Chennai,ISSUE,863,MO01703
TXN001084,2026-03-09,P003,Chengalpattu,RECEIPT,265,PO00954
TXN001085,2025-07-16,P005,Hosur,RECEIPT,554,PO01077
TXN001086,2025-05-03,P015,Coimbatore,RECEIPT,879,PO01411
TXN001087,2025-02-04,P004,Hosur,RECEIPT,518,PO01420
TXN001088,2025-05-27,P036,Hosur,ISSUE,67,MO00904
TXN001089,2025-06-24,P034,Coimbatore,RECEIPT,900,PO01715
TXN001090,2025-01-16,P031,Coimbatore,RECEIPT,333,PO01219
TXN001091,2025-11-29,P013,Chennai,ISSUE,327,MO02063
TXN001092,2026-02-12,P031,Hosur,TRANSFER,113,TR00997
TXN001093,2025-07-27,P007,Chennai,RECEIPT,622,PO01736
TXN001094,2025-01-12,P044,Chennai,RECEIPT,345,PO01489
TXN001095,2026-02-24,P035,Hosur,ISSUE,889,MO02219
TXN001096,2025-01-25,P025,Coimbatore,ISSUE,530,MO01165
TXN001097,2025-11-11,P020,Hosur,RECEIPT,444,PO01343
TXN001098,2025-06-04,P032,Chengalpattu,ISSUE,672,MO00111
TXN001099,2026-04-26,P021,Chengalpattu,ISSUE,68,MO00814
TXN001100,2026-06-02,P021,Hosur,RECEIPT,976,PO01816
TXN001101,2025-09-26,P045,Coimbatore,ISSUE,709,MO00148
TXN001102,2025-03-07,P033,Hosur,ISSUE,970,MO02039
TXN001103,2026-08-11,P003,Hosur,RECEIPT,495,PO00973
TXN001104,2025-05-27,P005,Coimbatore,RECEIPT,35,PO00999
TXN001105,2026-01-09,P042,Hosur,TRANSFER,557,TR00428
TXN001106,2026-03-16,P019,Chennai,ISSUE,502,MO01874
TXN001107,2025-10-16,P024,Coimbatore,RECEIPT,915,PO01564
TXN001108,2025-06-26,P029,Chengalpattu,TRANSFER,37,TR00410
TXN001109,2025-06-17,P014,Hosur,ISSUE,592,MO00294
TXN001110,2025-11-06,P020,Hosur,ISSUE,662,MO02576
TXN001111,2026-07-12,P031,Coimbatore,ISSUE,840,MO02284
TXN001112,2025-03-26,P032,Coimbatore,ISSUE,921,MO02113
TXN001113,2025-12-09,P025,Coimbatore,RECEIPT,939,PO01899
TXN001114,2026-05-06,P002,Chengalpattu,ISSUE,658,MO01879
TXN001115,2026-04-11,P015,Chennai,ISSUE,88,MO01327
TXN001116,2025-02-19,P024,Coimbatore,ISSUE,432,MO02388
TXN001117,2025-09-02,P006,Hosur,RECEIPT,109,PO01849
TXN001118,2025-04-22,P036,Chennai,ISSUE,813,MO01613
TXN001119,2026-08-27,P003,Coimbatore,RECEIPT,401,PO00028
TXN001120,2026-05-13,P009,Hosur,RECEIPT,297,PO00134
TXN001121,2025-03-16,P018,Chennai,RECEIPT,654,PO00834
TXN001122,2025-12-21,P003,Coimbatore,RECEIPT,225,PO01688
TXN001123,2025-12-10,P033,Hosur,ISSUE,749,MO01059
TXN001124,2026-03-05,P009,Chennai,RECEIPT,945,PO00508
TXN001125,2025-08-09,P003,Coimbatore,ISSUE,915,MO01943
TXN001126,2026-05-14,P034,Chennai,ISSUE,841,MO01665
TXN001127,2026-03-15,P016,Coimbatore,RECEIPT,402,PO01570
TXN001128,2025-01-21,P024,Chennai,ISSUE,634,MO01888
TXN001129,2025-01-10,P036,Coimbatore,RECEIPT,542,PO00756
TXN001130,2026-01-16,P019,Chengalpattu,RECEIPT,329,PO00479
TXN001131,2026-06-05,P045,Chengalpattu,ISSUE,621,MO01161
TXN001132,2025-05-23,P002,Chengalpattu,RECEIPT,611,PO01913
TXN001133,2025-03-20,P022,Chennai,ISSUE,658,MO00623
TXN001134,2025-11-26,P005,Chennai,TRANSFER,189,TR00095
TXN001135,2025-07-10,P045,Chengalpattu,ISSUE,366,MO02816
TXN001136,2026-04-30,P008,Hosur,RECEIPT,509,PO01322
TXN001137,2025-09-25,P001,Chengalpattu,ISSUE,549,MO01098
TXN001138,2025-07-18,P029,Chengalpattu,RECEIPT,130,PO01782
TXN001139,2026-05-02,P023,Chengalpattu,RECEIPT,853,PO01175
TXN001140,2025-07-16,P027,Hosur,ISSUE,735,MO02137
TXN001141,2025-07-02,P031,Hosur,RECEIPT,209,PO00493
TXN001142,2025-04-16,P004,Chennai,ISSUE,375,MO01606
TXN001143,2026-08-10,P029,Hosur,RECEIPT,886,PO00852
TXN001144,2026-04-12,P012,Chennai,RECEIPT,894,PO01391
TXN001145,2025-12-27,P039,Chengalpattu,TRANSFER,324,TR00015
TXN001146,2025-07-02,P028,Chengalpattu,TRANSFER,270,TR00945
TXN001147,2026-06-26,P038,Hosur,ISSUE,467,MO02353
TXN001148,2025-08-20,P030,Chengalpattu,ISSUE,691,MO01756
TXN001149,2025-09-30,P037,Chengalpattu,ISSUE,703,MO02221
TXN001150,2026-06-30,P042,Coimbatore,TRANSFER,548,TR00921
TXN001151,2025-05-14,P015,Chengalpattu,RECEIPT,285,PO01150
TXN001152,2025-06-01,P044,Coimbatore,ISSUE,331,MO02942
TXN001153,2025-06-15,P012,Chengalpattu,TRANSFER,189,TR00078
TXN001154,2026-07-20,P011,Hosur,RECEIPT,184,PO01895
TXN001155,2025-04-22,P017,Coimbatore,TRANSFER,736,TR00726
TXN001156,2025-07-10,P033,Coimbatore,RECEIPT,200,PO01336
TXN001157,2026-01-22,P002,Chengalpattu,ISSUE,758,MO02285
TXN001158,2026-04-09,P019,Coimbatore,ISSUE,230,MO00967
TXN001159,2025-10-25,P035,Coimbatore,RECEIPT,885,PO01953
TXN001160,2026-01-18,P029,Coimbatore,ISSUE,209,MO01413
TXN001161,2026-03-22,P021,Chengalpattu,TRANSFER,611,TR00116
TXN001162,2025-11-13,P019,Coimbatore,ISSUE,415,MO01809
TXN001163,2025-02-19,P026,Chengalpattu,RECEIPT,502,PO00718
TXN001164,2025-01-27,P040,Coimbatore,RECEIPT,271,PO00562
TXN001165,2026-01-22,P042,Coimbatore,RECEIPT,702,PO00559
TXN001166,2026-05-03,P041,Chennai,RECEIPT,352,PO01725
TXN001167,2025-01-01,P024,Chengalpattu,RECEIPT,546,PO01470
TXN001168,2025-12-15,P020,Chengalpattu,ISSUE,98,MO01106
TXN001169,2026-07-04,P024,Chennai,RECEIPT,14,PO00392
TXN001170,2025-12-23,P004,Hosur,ISSUE,974,MO00340
TXN001171,2025-10-18,P036,Chennai,ISSUE,485,MO02354
TXN001172,2025-09-30,P026,Chengalpattu,ISSUE,848,MO00442
TXN001173,2026-04-27,P025,Hosur,TRANSFER,862,TR00390
TXN001174,2025-03-10,P034,Coimbatore,TRANSFER,660,TR00448
TXN001175,2026-05-03,P003,Coimbatore,RECEIPT,713,PO00709
TXN001176,2025-12-08,P017,Chennai,RECEIPT,832,PO01750
TXN001177,2026-02-26,P021,Hosur,RECEIPT,251,PO00878
TXN001178,2025-04-07,P044,Hosur,ISSUE,513,MO00216
TXN001179,2025-10-10,P019,Chengalpattu,RECEIPT,683,PO00059
TXN001180,2026-03-15,P003,Chengalpattu,RECEIPT,228,PO01724
TXN001181,2026-08-22,P007,Hosur,RECEIPT,882,PO00874
TXN001182,2026-03-16,P006,Chengalpattu,ISSUE,18,MO02742
TXN001183,2025-10-22,P037,Chennai,ISSUE,189,MO00426
TXN001184,2025-07-01,P009,Coimbatore,ISSUE,499,MO01822
TXN001185,2025-03-12,P019,Hosur,ISSUE,248,MO00146
TXN001186,2026-04-15,P010,Coimbatore,ISSUE,506,MO00193
TXN001187,2025-12-29,P007,Hosur,ISSUE,797,MO02965
TXN001188,2025-10-25,P038,Chennai,RECEIPT,435,PO01720
TXN001189,2026-02-15,P005,Hosur,RECEIPT,934,PO00840
TXN001190,2026-06-20,P015,Hosur,RECEIPT,384,PO01455
TXN001191,2026-07-28,P007,Coimbatore,ISSUE,286,MO00989
TXN001192,2026-02-17,P012,Coimbatore,TRANSFER,499,TR00425
TXN001193,2025-06-07,P003,Hosur,TRANSFER,112,TR00402
TXN001194,2026-02-02,P007,Hosur,RECEIPT,471,PO00985
TXN001195,2026-07-22,P026,Hosur,TRANSFER,887,TR00915
TXN001196,2025-04-24,P033,Chengalpattu,RECEIPT,893,PO00897
TXN001197,2025-11-17,P018,Chennai,ISSUE,179,MO00897
TXN001198,2026-05-07,P043,Chennai,TRANSFER,891,TR00061
TXN001199,2025-03-06,P027,Chengalpattu,RECEIPT,612,PO00586
TXN001200,2026-06-19,P006,Coimbatore,RECEIPT,391,PO01964
TXN001201,2025-06-11,P013,Coimbatore,ISSUE,814,MO01005
TXN001202,2025-11-23,P040,Hosur,ISSUE,608,MO02707
TXN001203,2025-03-22,P026,Hosur,RECEIPT,485,PO00652
TXN001204,2025-12-06,P044,Hosur,ISSUE,129,MO00438
TXN001205,2025-07-30,P011,Chennai,ISSUE,914,MO00902
TXN001206,2026-02-14,P021,Chennai,RECEIPT,461,PO00391
TXN001207,2025-04-07,P012,Chengalpattu,ADJUSTMENT,-65,ADJ00621
TXN001208,2025-03-10,P030,Chengalpattu,RECEIPT,829,PO01154
TXN001209,2026-08-22,P012,Hosur,RECEIPT,806,PO01655
TXN001210,2026-07-01,P021,Hosur,ISSUE,79,MO02627
TXN001211,2025-06-18,P004,Chennai,RECEIPT,681,PO01687
TXN001212,2025-10-14,P025,Coimbatore,TRANSFER,594,TR00043
TXN001213,2025-09-27,P038,Chennai,RECEIPT,180,PO01760
TXN001214,2025-03-31,P032,Coimbatore,ISSUE,226,MO00670
TXN001215,2025-07-28,P003,Chennai,ISSUE,97,MO02122
TXN001216,2025-02-25,P026,Coimbatore,ISSUE,720,MO02601
TXN001217,2025-10-11,P012,Coimbatore,ISSUE,721,MO02235
TXN001218,2025-10-19,P014,Hosur,RECEIPT,114,PO01223
TXN001219,2026-03-20,P043,Coimbatore,RECEIPT,790,PO01536
TXN001220,2025-03-15,P026,Hosur,RECEIPT,537,PO00101
TXN001221,2025-02-10,P018,Coimbatore,RECEIPT,429,PO00344
TXN001222,2025-08-17,P022,Hosur,RECEIPT,825,PO01154
TXN001223,2025-12-03,P020,Chennai,RECEIPT,273,PO00117
TXN001224,2025-12-07,P012,Chengalpattu,ISSUE,661,MO00695
TXN001225,2025-10-01,P013,Chengalpattu,RECEIPT,554,PO00496
TXN001226,2026-06-13,P023,Chennai,ISSUE,73,MO00157
TXN001227,2026-02-08,P030,Chengalpattu,ADJUSTMENT,19,ADJ00559
TXN001228,2025-03-20,P045,Chengalpattu,RECEIPT,155,PO01807
TXN001229,2026-06-22,P040,Chennai,TRANSFER,729,TR00154
TXN001230,2025-12-04,P007,Hosur,ADJUSTMENT,80,ADJ00131
TXN001231,2025-09-30,P044,Chennai,TRANSFER,929,TR00588
TXN001232,2025-02-18,P036,Chengalpattu,RECEIPT,567,PO00666
TXN001233,2025-02-15,P033,Chengalpattu,ISSUE,302,MO02916
TXN001234,2025-05-09,P033,Chengalpattu,TRANSFER,561,TR00537
TXN001235,2026-03-18,P044,Hosur,ISSUE,200,MO00487
TXN001236,2025-12-02,P045,Hosur,ISSUE,71,MO01358
TXN001237,2025-07-18,P023,Hosur,RECEIPT,161,PO00538
TXN001238,2026-03-12,P035,Chennai,ISSUE,68,MO02507
TXN001239,2026-07-15,P008,Hosur,TRANSFER,140,TR00730
TXN001240,2025-10-09,P022,Chennai,ISSUE,661,MO02972
TXN001241,2026-04-02,P008,Chengalpattu,RECEIPT,87,PO01103
TXN001242,2025-10-31,P009,Coimbatore,ISSUE,380,MO02178
TXN001243,2025-07-02,P015,Chengalpattu,ISSUE,268,MO01536
TXN001244,2026-07-10,P045,Hosur,ISSUE,509,MO00238
TXN001245,2025-10-05,P039,Chennai,TRANSFER,18,TR00524
TXN001246,2026-01-08,P006,Coimbatore,ISSUE,51,MO01095
TXN001247,2025-03-25,P001,Chengalpattu,ISSUE,155,MO02613
TXN001248,2025-03-10,P031,Chengalpattu,ISSUE,523,MO00143
TXN001249,2026-06-19,P027,Coimbatore,RECEIPT,693,PO01317
TXN001250,2026-06-13,P039,Coimbatore,RECEIPT,154,PO00405
TXN001251,2026-02-26,P033,Chennai,TRANSFER,840,TR00618
TXN001252,2026-06-10,P029,Chennai,ISSUE,503,MO01038
TXN001253,2025-04-29,P014,Chengalpattu,RECEIPT,238,PO00546
TXN001254,2026-05-31,P013,Hosur,ISSUE,938,MO01421
TXN001255,2025-05-01,P010,Hosur,ISSUE,132,MO02898
TXN001256,2025-03-22,P008,Coimbatore,TRANSFER,330,TR00866
TXN001257,2025-09-24,P042,Chengalpattu,RECEIPT,447,PO01465
TXN001258,2026-06-04,P012,Chengalpattu,ISSUE,762,MO01675
TXN001259,2026-04-14,P008,Chennai,ISSUE,212,MO01136
TXN001260,2026-04-05,P033,Chengalpattu,RECEIPT,253,PO01550
TXN001261,2025-08-24,P028,Hosur,ISSUE,306,MO00478
TXN001262,2025-05-15,P013,Chengalpattu,TRANSFER,905,TR00129
TXN001263,2026-07-10,P030,Hosur,TRANSFER,86,TR00556
TXN001264,2026-01-25,P009,Coimbatore,RECEIPT,657,PO01075
TXN001265,2025-09-23,P001,Hosur,ISSUE,120,MO02760
TXN001266,2025-02-26,P020,Chengalpattu,RECEIPT,382,PO00039
TXN001267,2025-12-18,P002,Chennai,ISSUE,972,MO01840
TXN001268,2025-06-29,P042,Coimbatore,RECEIPT,938,PO00544
TXN001269,2025-02-26,P018,Hosur,ISSUE,180,MO00232
TXN001270,2026-07-30,P025,Coimbatore,RECEIPT,455,PO01256
TXN001271,2025-08-17,P040,Chennai,RECEIPT,226,PO00596
TXN001272,2026-02-06,P010,Coimbatore,ISSUE,622,MO02136
TXN001273,2025-11-05,P027,Chennai,TRANSFER,906,TR00343
TXN001274,2025-08-06,P008,Coimbatore,TRANSFER,164,TR00161
TXN001275,2025-02-11,P014,Chennai,ISSUE,915,MO02258
TXN001276,2025-10-06,P012,Hosur,ISSUE,251,MO01744
TXN001277,2026-06-14,P030,Chengalpattu,TRANSFER,57,TR00112
TXN001278,2025-01-13,P029,Hosur,ISSUE,339,MO01821
TXN001279,2025-09-07,P006,Hosur,ISSUE,255,MO02946
TXN001280,2026-08-12,P011,Chengalpattu,ADJUSTMENT,-99,ADJ00639
TXN001281,2025-03-29,P041,Coimbatore,TRANSFER,204,TR00016
TXN001282,2025-11-25,P011,Chengalpattu,ISSUE,544,MO02831
TXN001283,2025-11-26,P018,Chennai,ISSUE,820,MO02893
TXN001284,2025-12-28,P024,Chennai,RECEIPT,760,PO00639
TXN001285,2025-12-21,P002,Chengalpattu,ISSUE,255,MO01167
TXN001286,2026-07-31,P004,Chengalpattu,ISSUE,900,MO02059
TXN001287,2025-08-09,P040,Chennai,RECEIPT,853,PO00496
TXN001288,2026-05-02,P022,Chennai,ISSUE,936,MO02509
TXN001289,2025-07-08,P039,Coimbatore,RECEIPT,255,PO00068
TXN001290,2026-02-13,P007,Chengalpattu,TRANSFER,300,TR00908
TXN001291,2025-12-19,P031,Chennai,RECEIPT,732,PO01545
TXN001292,2025-10-11,P024,Chennai,TRANSFER,312,TR00099
TXN001293,2025-12-31,P027,Hosur,TRANSFER,368,TR00570
TXN001294,2025-06-30,P026,Coimbatore,TRANSFER,545,TR00071
TXN001295,2025-11-03,P009,Chennai,ISSUE,586,MO01707
TXN001296,2025-08-09,P012,Coimbatore,ISSUE,595,MO00182
TXN001297,2025-01-04,P013,Hosur,RECEIPT,863,PO01938
TXN001298,2025-08-03,P033,Chengalpattu,RECEIPT,972,PO01634
TXN001299,2026-07-27,P014,Chennai,ISSUE,309,MO00658
TXN001300,2025-08-14,P026,Coimbatore,ISSUE,105,MO01998
TXN001301,2026-03-05,P028,Chennai,ISSUE,434,MO01231
TXN001302,2025-03-10,P023,Hosur,TRANSFER,866,TR00746
TXN001303,2026-01-03,P039,Coimbatore,ISSUE,251,MO02907
TXN001304,2025-03-31,P036,Coimbatore,ISSUE,561,MO01470
TXN001305,2026-03-09,P038,Coimbatore,ISSUE,59,MO00969
TXN001306,2026-07-15,P011,Coimbatore,RECEIPT,472,PO01768
TXN001307,2026-01-02,P044,Hosur,RECEIPT,168,PO00560
TXN001308,2026-01-15,P001,Coimbatore,ISSUE,474,MO02745
TXN001309,2026-03-28,P032,Chennai,TRANSFER,464,TR00960
TXN001310,2025-08-02,P017,Chengalpattu,ISSUE,369,MO02902
TXN001311,2026-08-11,P041,Chennai,ADJUSTMENT,-45,ADJ00708
TXN001312,2025-09-03,P033,Chengalpattu,RECEIPT,949,PO01108
TXN001313,2025-06-14,P015,Coimbatore,ADJUSTMENT,44,ADJ00037
TXN001314,2026-02-06,P018,Coimbatore,RECEIPT,206,PO00062
TXN001315,2025-01-19,P036,Chengalpattu,ISSUE,365,MO02476
TXN001316,2025-11-21,P036,Chengalpattu,ISSUE,55,MO00778
TXN001317,2025-08-19,P041,Hosur,RECEIPT,453,PO01914
TXN001318,2026-03-20,P016,Hosur,ISSUE,128,MO02739
TXN001319,2025-03-19,P029,Chengalpattu,RECEIPT,85,PO01054
TXN001320,2025-03-10,P043,Chennai,RECEIPT,58,PO00697
TXN001321,2025-10-23,P024,Coimbatore,ISSUE,678,MO01599
TXN001322,2026-03-22,P041,Chengalpattu,ISSUE,221,MO01402
TXN001323,2025-03-12,P008,Hosur,ISSUE,954,MO02267
TXN001324,2025-08-26,P032,Chengalpattu,TRANSFER,983,TR00372
TXN001325,2025-06-05,P011,Hosur,RECEIPT,517,PO00632
TXN001326,2025-02-26,P035,Hosur,RECEIPT,605,PO00019
TXN001327,2026-01-22,P036,Chennai,ADJUSTMENT,-80,ADJ00227
TXN001328,2025-08-25,P024,Chengalpattu,RECEIPT,998,PO00055
TXN001329,2025-07-03,P027,Chengalpattu,RECEIPT,951,PO01392
TXN001330,2026-05-12,P003,Hosur,RECEIPT,599,PO00201
TXN001331,2025-07-30,P023,Chennai,TRANSFER,504,TR00903
TXN001332,2025-11-11,P037,Coimbatore,ISSUE,788,MO02377
TXN001333,2026-07-29,P040,Coimbatore,RECEIPT,574,PO00612
TXN001334,2026-04-11,P003,Chennai,RECEIPT,373,PO00758
TXN001335,2026-07-02,P010,Coimbatore,ISSUE,424,MO00429
TXN001336,2025-07-23,P018,Hosur,RECEIPT,196,PO00728
TXN001337,2025-01-14,P030,Chennai,RECEIPT,837,PO01170
TXN001338,2025-07-29,P020,Chennai,ISSUE,529,MO00798
TXN001339,2025-07-28,P005,Coimbatore,RECEIPT,641,PO01359
TXN001340,2026-02-23,P013,Chengalpattu,RECEIPT,726,PO00795
TXN001341,2025-11-17,P015,Chennai,TRANSFER,725,TR00433
TXN001342,2026-01-14,P027,Chennai,RECEIPT,827,PO01120
TXN001343,2025-05-26,P042,Coimbatore,ISSUE,880,MO01756
TXN001344,2025-03-23,P028,Coimbatore,RECEIPT,428,PO01608
TXN001345,2026-02-06,P009,Coimbatore,ISSUE,508,MO01062
TXN001346,2026-05-09,P013,Coimbatore,ISSUE,200,MO01279
TXN001347,2026-02-02,P044,Coimbatore,ISSUE,732,MO02206
TXN001348,2026-02-13,P035,Coimbatore,ADJUSTMENT,93,ADJ00235
TXN001349,2026-02-08,P039,Hosur,RECEIPT,893,PO00678
TXN001350,2025-08-05,P003,Chengalpattu,TRANSFER,1,TR00135
TXN001351,2025-05-13,P010,Coimbatore,ISSUE,620,MO00178
TXN001352,2026-03-26,P030,Hosur,ISSUE,586,MO02511
TXN001353,2025-07-15,P039,Chengalpattu,ADJUSTMENT,-39,ADJ00809
TXN001354,2026-05-18,P013,Coimbatore,ISSUE,999,MO00119
TXN001355,2025-02-14,P017,Hosur,ISSUE,314,MO00418
TXN001356,2025-12-23,P012,Coimbatore,RECEIPT,416,PO01987
TXN001357,2026-07-17,P011,Hosur,ISSUE,579,MO00509
TXN001358,2026-06-03,P027,Chennai,RECEIPT,269,PO01400
TXN001359,2026-08-23,P023,Chengalpattu,RECEIPT,529,PO01076
TXN001360,2025-10-04,P013,Coimbatore,ISSUE,536,MO00152
TXN001361,2025-06-17,P035,Coimbatore,TRANSFER,688,TR00310
TXN001362,2026-04-18,P015,Coimbatore,RECEIPT,296,PO00461
TXN001363,2025-09-19,P017,Hosur,TRANSFER,785,TR00420
TXN001364,2026-08-12,P024,Chennai,RECEIPT,180,PO00066
TXN001365,2026-04-19,P026,Chengalpattu,ISSUE,534,MO01391
TXN001366,2026-03-20,P001,Coimbatore,TRANSFER,442,TR00396
TXN001367,2026-07-05,P045,Chennai,ISSUE,13,MO01833
TXN001368,2026-06-09,P011,Chennai,ISSUE,120,MO00970
TXN001369,2025-12-02,P041,Chennai,ISSUE,640,MO00173
TXN001370,2026-06-07,P027,Coimbatore,RECEIPT,894,PO00839
TXN001371,2025-04-26,P033,Chengalpattu,ISSUE,162,MO02591
TXN001372,2025-03-07,P008,Chennai,ISSUE,70,MO02495
TXN001373,2026-04-09,P024,Chengalpattu,RECEIPT,921,PO00396
TXN001374,2026-01-30,P042,Coimbatore,TRANSFER,326,TR00893
TXN001375,2025-06-15,P027,Coimbatore,ISSUE,642,MO02262
TXN001376,2026-08-07,P041,Coimbatore,ISSUE,677,MO00049
TXN001377,2025-08-27,P028,Chennai,ISSUE,133,MO02834
TXN001378,2026-04-23,P037,Hosur,RECEIPT,755,PO00479
TXN001379,2025-10-27,P002,Hosur,RECEIPT,82,PO00087
TXN001380,2025-06-12,P036,Chengalpattu,RECEIPT,610,PO01692
TXN001381,2026-04-09,P045,Hosur,ISSUE,827,MO01861
TXN001382,2025-10-28,P009,Chengalpattu,TRANSFER,660,TR00792
TXN001383,2026-05-08,P026,Coimbatore,RECEIPT,923,PO01946
TXN001384,2026-07-19,P039,Coimbatore,RECEIPT,187,PO00550
TXN001385,2026-07-19,P041,Coimbatore,TRANSFER,911,TR00224
TXN001386,2026-07-30,P045,Chengalpattu,RECEIPT,349,PO00182
TXN001387,2025-01-03,P033,Hosur,RECEIPT,64,PO00029
TXN001388,2026-03-18,P041,Coimbatore,RECEIPT,203,PO01435
TXN001389,2025-04-12,P012,Chennai,ISSUE,46,MO00066
TXN001390,2025-12-04,P045,Chengalpattu,TRANSFER,123,TR00705
TXN001391,2026-02-16,P033,Coimbatore,ISSUE,615,MO02945
TXN001392,2025-02-20,P014,Coimbatore,ISSUE,898,MO00210
TXN001393,2026-08-04,P002,Chengalpattu,ISSUE,777,MO02306
TXN001394,2025-01-10,P033,Hosur,TRANSFER,114,TR00076
TXN001395,2026-05-10,P012,Hosur,TRANSFER,838,TR00689
TXN001396,2025-08-06,P043,Hosur,ISSUE,701,MO02005
TXN001397,2025-08-24,P041,Hosur,ISSUE,26,MO01608
TXN001398,2025-09-14,P035,Hosur,ISSUE,656,MO01445
TXN001399,2026-06-09,P019,Chengalpattu,ISSUE,888,MO00208
TXN001400,2026-03-14,P032,Coimbatore,RECEIPT,155,PO01702
TXN001401,2025-12-24,P042,Hosur,ISSUE,174,MO01241
TXN001402,2025-07-18,P014,Chengalpattu,RECEIPT,832,PO00486
TXN001403,2026-03-24,P004,Chengalpattu,TRANSFER,248,TR00788
TXN001404,2026-05-13,P006,Hosur,ISSUE,249,MO00605
TXN001405,2026-01-29,P032,Chennai,RECEIPT,797,PO00502
TXN001406,2026-07-03,P027,Chengalpattu,RECEIPT,342,PO00839
TXN001407,2026-02-16,P012,Chennai,TRANSFER,432,TR00678
TXN001408,2026-05-20,P004,Hosur,ADJUSTMENT,-10,ADJ00216
TXN001409,2025-08-08,P016,Hosur,ISSUE,840,MO00727
TXN001410,2025-02-11,P012,Chennai,TRANSFER,676,TR00873
TXN001411,2026-06-21,P022,Hosur,RECEIPT,73,PO01909
TXN001412,2026-03-02,P044,Chennai,RECEIPT,948,PO00665
TXN001413,2025-11-10,P039,Chennai,TRANSFER,326,TR00565
TXN001414,2026-08-22,P028,Hosur,ISSUE,2,MO02252
TXN001415,2026-06-20,P041,Chennai,ISSUE,368,MO01236
TXN001416,2025-04-27,P033,Chennai,RECEIPT,628,PO00749
TXN001417,2025-02-15,P001,Chennai,RECEIPT,823,PO01355
TXN001418,2026-03-25,P004,Hosur,ISSUE,536,MO02559
TXN001419,2026-04-29,P025,Coimbatore,ADJUSTMENT,-85,ADJ00571
TXN001420,2025-09-28,P019,Coimbatore,RECEIPT,761,PO01803
TXN001421,2026-08-03,P027,Coimbatore,ISSUE,299,MO01861
TXN001422,2026-04-27,P032,Chennai,ADJUSTMENT,-60,ADJ00178
TXN001423,2025-09-16,P043,Coimbatore,RECEIPT,716,PO00007
TXN001424,2025-06-25,P029,Hosur,RECEIPT,591,PO01026
TXN001425,2025-10-03,P021,Coimbatore,RECEIPT,498,PO01653
TXN001426,2025-01-01,P004,Chengalpattu,ISSUE,188,MO02104
TXN001427,2026-03-15,P031,Hosur,RECEIPT,729,PO01616
TXN001428,2025-11-03,P032,Coimbatore,ISSUE,534,MO00619
TXN001429,2025-12-22,P037,Chengalpattu,TRANSFER,676,TR00068
TXN001430,2026-03-10,P002,Chengalpattu,TRANSFER,464,TR00681
TXN001431,2026-01-19,P043,Hosur,RECEIPT,812,PO01639
TXN001432,2026-08-25,P023,Coimbatore,RECEIPT,597,PO00785
TXN001433,2025-03-14,P038,Chengalpattu,ISSUE,479,MO01998
TXN001434,2025-06-25,P031,Chennai,RECEIPT,238,PO00910
TXN001435,2026-05-10,P029,Chennai,ADJUSTMENT,-99,ADJ00755
TXN001436,2026-08-17,P008,Coimbatore,TRANSFER,656,TR00388
TXN001437,2025-01-12,P040,Chennai,ISSUE,867,MO00506
TXN001438,2025-03-10,P039,Chengalpattu,TRANSFER,813,TR00362
TXN001439,2025-04-10,P006,Chennai,RECEIPT,658,PO00009
TXN001440,2025-04-24,P044,Chennai,RECEIPT,462,PO00921
TXN001441,2025-06-06,P028,Hosur,ISSUE,335,MO02308
TXN001442,2025-06-21,P041,Hosur,RECEIPT,231,PO00720
TXN001443,2025-03-03,P023,Hosur,ADJUSTMENT,-37,ADJ00102
TXN001444,2025-09-12,P001,Hosur,TRANSFER,532,TR00570
TXN001445,2026-04-06,P039,Chennai,TRANSFER,708,TR00887
TXN001446,2026-06-04,P045,Chennai,ADJUSTMENT,-3,ADJ00236
TXN001447,2026-07-11,P042,Hosur,ADJUSTMENT,-69,ADJ00289
TXN001448,2025-07-23,P020,Coimbatore,RECEIPT,29,PO00643
TXN001449,2026-01-21,P030,Chennai,RECEIPT,62,PO00515
TXN001450,2025-05-21,P021,Chengalpattu,ISSUE,743,MO01324
TXN001451,2026-03-21,P004,Coimbatore,RECEIPT,758,PO00809
TXN001452,2025-05-10,P016,Coimbatore,ISSUE,352,MO00978
TXN001453,2025-04-16,P030,Hosur,ISSUE,812,MO01354
TXN001454,2025-06-11,P023,Chengalpattu,RECEIPT,997,PO00286
TXN001455,2026-07-21,P010,Coimbatore,ISSUE,835,MO00397
TXN001456,2026-02-12,P040,Hosur,ISSUE,565,MO01222
TXN001457,2026-04-29,P034,Chengalpattu,ISSUE,450,MO02571
TXN001458,2026-08-20,P020,Hosur,ISSUE,100,MO00616
TXN001459,2026-05-06,P037,Chengalpattu,TRANSFER,255,TR00381
TXN001460,2025-11-25,P016,Hosur,ISSUE,115,MO00281
TXN001461,2025-11-24,P008,Chennai,RECEIPT,211,PO00727
TXN001462,2025-01-27,P042,Chengalpattu,ISSUE,702,MO01920
TXN001463,2025-06-18,P029,Hosur,ISSUE,801,MO00229
TXN001464,2026-06-22,P041,Chennai,RECEIPT,864,PO00524
TXN001465,2025-10-09,P002,Chennai,ISSUE,133,MO02582
TXN001466,2025-01-18,P030,Chennai,RECEIPT,754,PO00117
TXN001467,2026-07-05,P026,Hosur,ISSUE,929,MO01712
TXN001468,2026-01-04,P028,Chennai,ISSUE,646,MO02606
TXN001469,2026-03-01,P044,Hosur,RECEIPT,72,PO00988
TXN001470,2025-07-05,P028,Chennai,ISSUE,70,MO01998
TXN001471,2025-04-09,P002,Hosur,ADJUSTMENT,-79,ADJ00563
TXN001472,2026-08-24,P014,Chengalpattu,ISSUE,653,MO00725
TXN001473,2025-09-08,P014,Hosur,ISSUE,521,MO00079
TXN001474,2025-08-14,P002,Hosur,TRANSFER,51,TR00186
TXN001475,2026-03-19,P029,Coimbatore,ISSUE,838,MO02807
TXN001476,2025-11-19,P037,Chengalpattu,ISSUE,210,MO00615
TXN001477,2025-05-01,P010,Chengalpattu,ADJUSTMENT,95,ADJ00965
TXN001478,2025-01-29,P044,Coimbatore,RECEIPT,722,PO01548
TXN001479,2025-06-22,P038,Chennai,RECEIPT,720,PO00944
TXN001480,2026-05-18,P031,Hosur,ISSUE,826,MO01198
TXN001481,2025-12-17,P020,Coimbatore,ISSUE,554,MO02025
TXN001482,2025-07-11,P039,Chengalpattu,TRANSFER,672,TR00064
TXN001483,2025-06-15,P014,Hosur,RECEIPT,543,PO01907
TXN001484,2026-05-21,P010,Hosur,ADJUSTMENT,-76,ADJ00304
TXN001485,2026-01-28,P009,Chennai,ISSUE,806,MO01173
TXN001486,2025-12-28,P037,Chennai,ISSUE,379,MO00198
TXN001487,2026-06-24,P035,Chengalpattu,RECEIPT,429,PO01041
TXN001488,2025-03-17,P020,Coimbatore,RECEIPT,231,PO01740
TXN001489,2025-08-03,P044,Chengalpattu,ISSUE,158,MO02117
TXN001490,2025-12-13,P030,Chennai,ADJUSTMENT,58,ADJ00673
TXN001491,2025-04-25,P035,Hosur,ISSUE,220,MO00031
TXN001492,2026-06-23,P023,Coimbatore,RECEIPT,739,PO01026
TXN001493,2026-01-24,P015,Chennai,TRANSFER,692,TR00941
TXN001494,2025-11-13,P021,Chennai,ISSUE,38,MO00660
TXN001495,2025-01-26,P045,Chennai,ISSUE,454,MO01705
TXN001496,2025-01-13,P034,Coimbatore,ISSUE,915,MO00921
TXN001497,2026-08-29,P006,Coimbatore,ISSUE,261,MO02018
TXN001498,2026-01-22,P032,Coimbatore,RECEIPT,892,PO00821
TXN001499,2025-04-14,P030,Coimbatore,RECEIPT,758,PO01185
TXN001500,2026-05-23,P021,Chengalpattu,ISSUE,16,MO01522
TXN001501,2026-07-05,P038,Chengalpattu,RECEIPT,601,PO00942
TXN001502,2025-06-21,P024,Chengalpattu,ISSUE,649,MO01000
TXN001503,2026-08-12,P020,Coimbatore,RECEIPT,700,PO00507
TXN001504,2025-11-21,P026,Hosur,ISSUE,214,MO00169
TXN001505,2025-05-26,P038,Chengalpattu,TRANSFER,775,TR00516
TXN001506,2026-06-12,P027,Chennai,RECEIPT,227,PO01024
TXN001507,2025-03-20,P015,Hosur,ISSUE,433,MO01177
TXN001508,2025-07-05,P003,Chennai,ISSUE,398,MO00605
TXN001509,2025-12-25,P004,Hosur,TRANSFER,440,TR00589
TXN001510,2026-05-03,P035,Coimbatore,RECEIPT,530,PO01097
TXN001511,2025-01-17,P013,Chengalpattu,ISSUE,531,MO02779
TXN001512,2026-06-30,P008,Coimbatore,ISSUE,596,MO00921
TXN001513,2026-06-07,P034,Hosur,RECEIPT,859,PO01424
TXN001514,2026-01-18,P036,Chennai,ISSUE,881,MO00592
TXN001515,2025-01-16,P034,Chengalpattu,TRANSFER,424,TR00524
TXN001516,2025-08-16,P010,Chennai,ISSUE,785,MO01312
TXN001517,2026-02-08,P014,Hosur,ISSUE,665,MO01090
TXN001518,2025-09-16,P001,Chengalpattu,ISSUE,980,MO01990
TXN001519,2025-04-11,P018,Chennai,ISSUE,198,MO02861
TXN001520,2025-01-26,P026,Coimbatore,RECEIPT,121,PO01934
TXN001521,2026-06-27,P033,Hosur,RECEIPT,984,PO01339
TXN001522,2025-09-30,P014,Chennai,RECEIPT,910,PO00232
TXN001523,2025-04-19,P020,Hosur,RECEIPT,703,PO00502
TXN001524,2025-12-04,P043,Chennai,RECEIPT,878,PO01938
TXN001525,2025-08-15,P040,Hosur,ISSUE,320,MO01864
TXN001526,2026-04-12,P020,Hosur,ISSUE,926,MO02101
TXN001527,2026-03-09,P038,Coimbatore,ISSUE,496,MO00999
TXN001528,2026-01-31,P014,Hosur,RECEIPT,527,PO00415
TXN001529,2026-06-25,P020,Chennai,RECEIPT,626,PO01643
TXN001530,2025-09-28,P033,Chengalpattu,RECEIPT,244,PO00388
TXN001531,2025-02-28,P014,Hosur,RECEIPT,602,PO00883
TXN001532,2025-05-03,P021,Chengalpattu,ISSUE,648,MO01437
TXN001533,2026-07-16,P006,Chennai,ISSUE,910,MO02166
TXN001534,2026-01-30,P010,Coimbatore,ADJUSTMENT,7,ADJ00460
TXN001535,2026-02-16,P039,Chennai,ISSUE,75,MO00295
TXN001536,2025-07-30,P008,Hosur,ISSUE,560,MO01110
TXN001537,2026-04-25,P030,Chengalpattu,TRANSFER,818,TR00151
TXN001538,2026-06-05,P038,Chengalpattu,RECEIPT,633,PO00371
TXN001539,2025-08-31,P008,Chennai,ISSUE,753,MO00512
TXN001540,2026-06-02,P010,Coimbatore,RECEIPT,214,PO00718
TXN001541,2025-08-25,P041,Chengalpattu,RECEIPT,834,PO00770
TXN001542,2026-04-25,P027,Coimbatore,ISSUE,647,MO02270
TXN001543,2026-02-20,P020,Hosur,RECEIPT,326,PO00371
TXN001544,2025-08-17,P036,Hosur,RECEIPT,888,PO00280
TXN001545,2025-08-02,P025,Hosur,ADJUSTMENT,-77,ADJ00321
TXN001546,2025-12-29,P022,Chengalpattu,RECEIPT,668,PO01000
TXN001547,2026-04-15,P033,Coimbatore,ISSUE,746,MO00675
TXN001548,2026-01-14,P022,Chennai,TRANSFER,722,TR00206
TXN001549,2025-04-28,P017,Chengalpattu,RECEIPT,237,PO00309
TXN001550,2025-09-18,P028,Chengalpattu,ISSUE,993,MO01329
TXN001551,2025-03-04,P019,Hosur,ISSUE,687,MO01306
TXN001552,2025-04-02,P039,Chennai,ISSUE,935,MO01895
TXN001553,2026-05-01,P014,Coimbatore,ISSUE,644,MO01514
TXN001554,2025-01-07,P032,Chengalpattu,ISSUE,742,MO00668
TXN001555,2026-01-02,P015,Coimbatore,ISSUE,250,MO01940
TXN001556,2026-04-16,P014,Chengalpattu,ISSUE,775,MO00919
TXN001557,2026-02-07,P005,Coimbatore,RECEIPT,58,PO00521
TXN001558,2025-06-22,P001,Coimbatore,ISSUE,234,MO00793
TXN001559,2026-02-07,P039,Hosur,RECEIPT,39,PO00119
TXN001560,2025-03-15,P013,Chengalpattu,RECEIPT,191,PO00324
TXN001561,2025-08-01,P011,Coimbatore,ISSUE,635,MO01742
TXN001562,2025-01-22,P036,Chengalpattu,RECEIPT,771,PO01893
TXN001563,2025-08-09,P012,Hosur,TRANSFER,379,TR00222
TXN001564,2025-12-15,P043,Chennai,ISSUE,225,MO01738
TXN001565,2026-03-20,P002,Chengalpattu,ISSUE,865,MO00623
TXN001566,2026-04-25,P018,Chengalpattu,ISSUE,155,MO02305
TXN001567,2026-07-06,P005,Chengalpattu,RECEIPT,800,PO00709
TXN001568,2025-10-25,P021,Hosur,ISSUE,610,MO00137
TXN001569,2025-07-18,P023,Coimbatore,ISSUE,463,MO02485
TXN001570,2025-11-19,P034,Chengalpattu,ISSUE,764,MO00702
TXN001571,2025-10-29,P006,Hosur,ISSUE,278,MO01712
TXN001572,2026-07-15,P043,Coimbatore,ISSUE,302,MO00038
TXN001573,2025-12-14,P045,Hosur,ISSUE,808,MO01570
TXN001574,2025-09-30,P027,Coimbatore,TRANSFER,161,TR00687
TXN001575,2025-01-09,P032,Chengalpattu,ISSUE,801,MO02492
TXN001576,2025-07-16,P034,Chennai,ISSUE,778,MO00115
TXN001577,2025-08-27,P028,Chennai,ISSUE,302,MO01416
TXN001578,2025-07-14,P028,Chennai,ADJUSTMENT,-89,ADJ00906
TXN001579,2025-01-11,P008,Chennai,RECEIPT,446,PO00630
TXN001580,2025-12-26,P039,Coimbatore,ISSUE,385,MO00056
TXN001581,2025-06-29,P034,Chennai,RECEIPT,415,PO01894
TXN001582,2025-03-21,P035,Coimbatore,ISSUE,647,MO00022
TXN001583,2026-07-24,P031,Coimbatore,ISSUE,93,MO00192
TXN001584,2026-07-21,P009,Coimbatore,ISSUE,231,MO00874
TXN001585,2026-04-02,P033,Chengalpattu,ISSUE,233,MO00354
TXN001586,2025-10-19,P011,Chennai,ISSUE,345,MO02712
TXN001587,2026-02-19,P035,Chennai,ISSUE,93,MO00626
TXN001588,2025-08-11,P013,Chengalpattu,ISSUE,744,MO00463
TXN001589,2025-12-23,P004,Chengalpattu,TRANSFER,713,TR00023
TXN001590,2025-11-29,P004,Chengalpattu,TRANSFER,85,TR00621
TXN001591,2025-12-29,P019,Chennai,ADJUSTMENT,32,ADJ00653
TXN001592,2025-04-09,P006,Coimbatore,RECEIPT,47,PO00839
TXN001593,2025-04-19,P043,Chengalpattu,ISSUE,679,MO00598
TXN001594,2026-08-26,P041,Chengalpattu,ISSUE,289,MO02030
TXN001595,2025-08-26,P028,Hosur,ISSUE,382,MO02800
TXN001596,2026-01-16,P039,Coimbatore,TRANSFER,881,TR00576
TXN001597,2025-01-20,P013,Hosur,RECEIPT,528,PO01169
TXN001598,2025-06-15,P038,Coimbatore,ISSUE,550,MO02909
TXN001599,2026-03-20,P043,Chengalpattu,RECEIPT,332,PO00503
TXN001600,2026-01-31,P017,Coimbatore,RECEIPT,608,PO01881
TXN001601,2026-06-02,P005,Hosur,ISSUE,634,MO00236
TXN001602,2025-08-18,P009,Chengalpattu,RECEIPT,182,PO01273
TXN001603,2026-01-27,P017,Chennai,TRANSFER,857,TR00096
TXN001604,2026-02-19,P013,Hosur,RECEIPT,394,PO00696
TXN001605,2026-08-05,P028,Chengalpattu,RECEIPT,916,PO00133
TXN001606,2025-08-09,P014,Chennai,ADJUSTMENT,81,ADJ00046
TXN001607,2025-11-30,P013,Chengalpattu,RECEIPT,39,PO01317
TXN001608,2025-04-14,P021,Hosur,ADJUSTMENT,-70,ADJ00635
TXN001609,2025-04-23,P022,Chengalpattu,TRANSFER,318,TR00023
TXN001610,2025-07-31,P013,Chengalpattu,RECEIPT,418,PO01137
TXN001611,2026-01-29,P039,Chengalpattu,ISSUE,867,MO02900
TXN001612,2025-08-07,P004,Hosur,TRANSFER,443,TR00830
TXN001613,2025-09-24,P003,Chennai,ISSUE,870,MO00838
TXN001614,2025-10-17,P042,Chennai,ISSUE,996,MO00357
TXN001615,2025-07-23,P038,Chengalpattu,ISSUE,213,MO00552
TXN001616,2026-05-14,P009,Coimbatore,ISSUE,320,MO00083
TXN001617,2025-08-28,P018,Hosur,RECEIPT,914,PO00692
TXN001618,2026-01-31,P002,Coimbatore,ISSUE,749,MO00839
TXN001619,2025-10-20,P022,Coimbatore,RECEIPT,628,PO00536
TXN001620,2025-08-22,P026,Chennai,RECEIPT,209,PO00605
TXN001621,2025-01-11,P018,Coimbatore,RECEIPT,329,PO01036
TXN001622,2025-08-08,P017,Coimbatore,RECEIPT,441,PO00653
TXN001623,2025-12-10,P023,Coimbatore,ISSUE,80,MO01420
TXN001624,2025-05-08,P011,Coimbatore,RECEIPT,702,PO00909
TXN001625,2025-11-09,P033,Hosur,RECEIPT,75,PO01570
TXN001626,2025-01-16,P027,Chengalpattu,RECEIPT,423,PO01613
TXN001627,2026-06-15,P029,Chennai,ISSUE,967,MO02277
TXN001628,2026-07-27,P018,Chennai,TRANSFER,538,TR00583
TXN001629,2025-12-25,P011,Coimbatore,ISSUE,706,MO01811
TXN001630,2025-06-14,P030,Hosur,ADJUSTMENT,-9,ADJ00798
TXN001631,2025-05-07,P040,Chennai,RECEIPT,193,PO00627
TXN001632,2025-05-19,P005,Hosur,ISSUE,481,MO02497
TXN001633,2025-02-21,P039,Chennai,ISSUE,707,MO02514
TXN001634,2026-02-05,P024,Hosur,RECEIPT,439,PO01902
TXN001635,2026-08-21,P031,Chengalpattu,ADJUSTMENT,52,ADJ00514
TXN001636,2025-01-06,P045,Hosur,RECEIPT,500,PO01685
TXN001637,2026-08-24,P017,Hosur,ISSUE,666,MO02516
TXN001638,2025-05-29,P022,Hosur,RECEIPT,46,PO01168
TXN001639,2026-02-17,P019,Chengalpattu,RECEIPT,732,PO00520
TXN001640,2025-12-19,P036,Coimbatore,TRANSFER,66,TR00079
TXN001641,2026-07-12,P028,Chengalpattu,ISSUE,113,MO02189
TXN001642,2026-02-15,P004,Chennai,RECEIPT,377,PO01408
TXN001643,2025-11-15,P039,Chengalpattu,ISSUE,369,MO01630
TXN001644,2025-01-12,P003,Chengalpattu,TRANSFER,156,TR00684
TXN001645,2025-06-26,P019,Coimbatore,ISSUE,341,MO00057
TXN001646,2025-07-21,P042,Chengalpattu,RECEIPT,330,PO00363
TXN001647,2025-01-23,P017,Chengalpattu,ISSUE,155,MO01210
TXN001648,2025-11-17,P044,Chennai,RECEIPT,390,PO00434
TXN001649,2025-05-05,P016,Chennai,RECEIPT,79,PO00858
TXN001650,2025-09-10,P017,Coimbatore,RECEIPT,966,PO01270
TXN001651,2025-10-29,P029,Hosur,ISSUE,548,MO01978
TXN001652,2025-06-19,P040,Hosur,ISSUE,551,MO01479
TXN001653,2025-05-21,P035,Chengalpattu,RECEIPT,146,PO01449
TXN001654,2025-05-08,P018,Chengalpattu,RECEIPT,287,PO01847
TXN001655,2026-01-21,P013,Chennai,ISSUE,230,MO00271
TXN001656,2025-11-19,P016,Coimbatore,ISSUE,56,MO02879
TXN001657,2026-08-27,P022,Coimbatore,RECEIPT,138,PO01446
TXN001658,2025-03-12,P023,Chennai,TRANSFER,911,TR00914
TXN001659,2026-05-29,P003,Chengalpattu,ISSUE,872,MO02132
TXN001660,2026-08-29,P005,Hosur,RECEIPT,810,PO00133
TXN001661,2026-04-12,P009,Chennai,ISSUE,898,MO00471
TXN001662,2026-01-31,P020,Chengalpattu,RECEIPT,790,PO01428
TXN001663,2025-09-27,P043,Chennai,RECEIPT,292,PO01477
TXN001664,2025-11-07,P008,Chengalpattu,TRANSFER,461,TR00208
TXN001665,2025-12-02,P008,Chengalpattu,TRANSFER,422,TR00750
TXN001666,2025-06-12,P036,Chennai,ISSUE,811,MO01565
TXN001667,2025-10-22,P018,Chennai,RECEIPT,42,PO01948
TXN001668,2025-05-18,P019,Coimbatore,RECEIPT,187,PO00910
TXN001669,2026-02-20,P033,Coimbatore,RECEIPT,800,PO00426
TXN001670,2025-02-25,P040,Hosur,ISSUE,253,MO02682
TXN001671,2026-01-11,P025,Hosur,RECEIPT,743,PO00967
TXN001672,2025-04-20,P037,Coimbatore,RECEIPT,561,PO01665
TXN001673,2025-06-17,P035,Chennai,RECEIPT,557,PO01476
TXN001674,2025-05-26,P005,Chennai,ISSUE,716,MO00874
TXN001675,2025-02-17,P036,Coimbatore,ISSUE,638,MO02287
TXN001676,2026-01-06,P039,Chengalpattu,RECEIPT,549,PO00487
TXN001677,2025-12-03,P034,Hosur,ISSUE,192,MO00730
TXN001678,2026-01-16,P005,Hosur,RECEIPT,673,PO01602
TXN001679,2025-03-23,P021,Coimbatore,ISSUE,363,MO02553
TXN001680,2025-02-06,P023,Chengalpattu,RECEIPT,644,PO01613
TXN001681,2025-06-25,P034,Chennai,RECEIPT,545,PO01594
TXN001682,2026-01-29,P045,Chennai,ISSUE,833,MO00597
TXN001683,2026-03-17,P012,Chengalpattu,ISSUE,837,MO01641
TXN001684,2025-08-03,P005,Hosur,ISSUE,71,MO00568
TXN001685,2025-06-11,P018,Chengalpattu,ISSUE,191,MO01033
TXN001686,2026-08-05,P032,Chennai,RECEIPT,805,PO01311
TXN001687,2026-03-18,P009,Chennai,ISSUE,14,MO02212
TXN001688,2026-07-02,P019,Chennai,TRANSFER,560,TR00597
TXN001689,2026-04-15,P016,Chengalpattu,ISSUE,716,MO00819
TXN001690,2026-06-25,P012,Hosur,ISSUE,639,MO00850
TXN001691,2025-10-04,P015,Hosur,RECEIPT,65,PO01807
TXN001692,2025-05-18,P044,Chengalpattu,ISSUE,343,MO02153
TXN001693,2026-06-29,P017,Chengalpattu,TRANSFER,354,TR00743
TXN001694,2025-03-06,P030,Hosur,RECEIPT,333,PO01537
TXN001695,2026-06-24,P012,Chengalpattu,RECEIPT,735,PO01559
TXN001696,2026-01-04,P045,Chennai,RECEIPT,866,PO00909
TXN001697,2025-04-09,P037,Coimbatore,ISSUE,317,MO02171
TXN001698,2026-04-02,P040,Coimbatore,TRANSFER,522,TR00520
TXN001699,2026-06-26,P019,Chennai,RECEIPT,479,PO01937
TXN001700,2025-05-10,P031,Chengalpattu,TRANSFER,293,TR00897
TXN001701,2026-01-22,P020,Chengalpattu,TRANSFER,265,TR00982
TXN001702,2025-02-12,P018,Chengalpattu,ISSUE,586,MO02910
TXN001703,2025-12-16,P031,Hosur,RECEIPT,706,PO01568
TXN001704,2026-08-07,P039,Chengalpattu,ISSUE,432,MO01933
TXN001705,2025-11-26,P036,Chennai,RECEIPT,558,PO01349
TXN001706,2026-01-14,P028,Coimbatore,ISSUE,139,MO02677
TXN001707,2025-06-27,P023,Chengalpattu,ISSUE,842,MO01378
TXN001708,2025-04-25,P021,Hosur,TRANSFER,671,TR00554
TXN001709,2025-11-22,P037,Chengalpattu,ISSUE,846,MO02756
TXN001710,2025-05-25,P002,Coimbatore,TRANSFER,275,TR00509
TXN001711,2026-04-22,P008,Chennai,RECEIPT,843,PO02000
TXN001712,2025-05-08,P034,Chennai,TRANSFER,711,TR00666
TXN001713,2025-06-08,P027,Hosur,TRANSFER,538,TR00426
TXN001714,2026-06-09,P036,Chengalpattu,RECEIPT,729,PO01858
TXN001715,2026-08-12,P026,Chengalpattu,RECEIPT,419,PO00681
TXN001716,2026-04-27,P013,Coimbatore,ISSUE,456,MO00827
TXN001717,2025-04-06,P022,Chengalpattu,RECEIPT,950,PO00680
TXN001718,2025-11-26,P023,Chengalpattu,RECEIPT,439,PO01156
TXN001719,2025-09-27,P039,Hosur,TRANSFER,550,TR00396
TXN001720,2026-03-26,P023,Chennai,RECEIPT,331,PO01277
TXN001721,2025-01-20,P029,Coimbatore,ISSUE,239,MO01294
TXN001722,2025-04-14,P022,Chennai,TRANSFER,682,TR00186
TXN001723,2025-09-10,P031,Hosur,ISSUE,19,MO02760
TXN001724,2025-08-24,P015,Chengalpattu,ISSUE,854,MO01489
TXN001725,2026-06-05,P024,Chennai,TRANSFER,702,TR00862
TXN001726,2025-05-19,P010,Chengalpattu,ADJUSTMENT,-66,ADJ00053
TXN001727,2025-01-04,P032,Hosur,RECEIPT,667,PO00684
TXN001728,2026-07-14,P012,Hosur,ISSUE,752,MO02261
TXN001729,2025-07-24,P034,Chengalpattu,TRANSFER,381,TR00073
TXN001730,2026-02-14,P011,Chengalpattu,RECEIPT,614,PO00106
TXN001731,2025-10-02,P044,Coimbatore,ISSUE,88,MO01747
TXN001732,2026-06-24,P020,Chennai,RECEIPT,245,PO00578
TXN001733,2026-07-24,P004,Hosur,RECEIPT,713,PO01761
TXN001734,2025-05-23,P043,Chennai,RECEIPT,352,PO00545
TXN001735,2025-10-30,P003,Chengalpattu,RECEIPT,624,PO00656
TXN001736,2025-09-21,P043,Chennai,ISSUE,756,MO01027
TXN001737,2025-11-30,P004,Chengalpattu,TRANSFER,464,TR00059
TXN001738,2026-07-15,P023,Chennai,ISSUE,307,MO01313
TXN001739,2025-09-12,P030,Coimbatore,TRANSFER,604,TR00510
TXN001740,2026-04-08,P035,Hosur,TRANSFER,199,TR00271
TXN001741,2025-08-18,P042,Hosur,ISSUE,942,MO02297
TXN001742,2026-07-18,P007,Chengalpattu,ISSUE,950,MO01337
TXN001743,2025-02-02,P028,Hosur,ISSUE,840,MO01817
TXN001744,2025-05-13,P015,Hosur,ISSUE,55,MO00061
TXN001745,2025-06-25,P006,Chengalpattu,RECEIPT,628,PO01341
TXN001746,2025-11-06,P042,Hosur,ISSUE,782,MO01316
TXN001747,2026-08-02,P011,Coimbatore,ISSUE,10,MO00049
TXN001748,2026-07-23,P028,Coimbatore,RECEIPT,795,PO00971
TXN001749,2025-02-26,P024,Chennai,ISSUE,376,MO02397
TXN001750,2025-03-17,P019,Coimbatore,TRANSFER,158,TR00532
TXN001751,2025-02-10,P002,Coimbatore,RECEIPT,167,PO00922
TXN001752,2026-04-14,P014,Coimbatore,ISSUE,400,MO02057
TXN001753,2025-02-21,P015,Chengalpattu,RECEIPT,209,PO01574
TXN001754,2025-02-20,P038,Chennai,RECEIPT,393,PO00653
TXN001755,2025-10-27,P026,Coimbatore,ISSUE,622,MO02244
TXN001756,2026-06-06,P002,Chengalpattu,RECEIPT,356,PO00148
TXN001757,2026-02-06,P040,Chennai,ISSUE,606,MO01516
TXN001758,2026-06-21,P023,Chennai,TRANSFER,268,TR00405
TXN001759,2025-05-06,P003,Coimbatore,ISSUE,306,MO01726
TXN001760,2025-12-18,P035,Chennai,ISSUE,689,MO01281
TXN001761,2026-01-24,P013,Coimbatore,TRANSFER,617,TR00483
TXN001762,2026-08-29,P027,Coimbatore,RECEIPT,434,PO00144
TXN001763,2025-09-14,P030,Hosur,RECEIPT,346,PO01722
TXN001764,2025-06-21,P032,Chengalpattu,RECEIPT,464,PO00270
TXN001765,2026-02-03,P024,Chengalpattu,ISSUE,851,MO00072
TXN001766,2025-12-21,P003,Hosur,RECEIPT,727,PO00497
TXN001767,2026-03-23,P035,Chengalpattu,RECEIPT,373,PO00362
TXN001768,2026-07-29,P032,Chennai,RECEIPT,736,PO00737
TXN001769,2025-08-03,P033,Hosur,ISSUE,192,MO01696
TXN001770,2025-07-13,P025,Coimbatore,ISSUE,380,MO01427
TXN001771,2025-07-06,P013,Chennai,ISSUE,726,MO01039
TXN001772,2026-08-08,P019,Chennai,ADJUSTMENT,27,ADJ00028
TXN001773,2025-08-17,P041,Chennai,RECEIPT,766,PO00989
TXN001774,2026-08-05,P032,Coimbatore,RECEIPT,104,PO00204
TXN001775,2025-02-23,P003,Hosur,ADJUSTMENT,-22,ADJ00031
TXN001776,2026-06-06,P009,Hosur,ISSUE,496,MO00253
TXN001777,2025-03-08,P038,Chengalpattu,ISSUE,754,MO00299
TXN001778,2025-02-25,P037,Chennai,ISSUE,332,MO02884
TXN001779,2025-04-02,P015,Coimbatore,ISSUE,791,MO00447
TXN001780,2026-03-11,P038,Chennai,ISSUE,442,MO02266
TXN001781,2026-07-23,P002,Chennai,RECEIPT,574,PO01010
TXN001782,2026-08-25,P032,Hosur,RECEIPT,584,PO00838
TXN001783,2025-03-27,P023,Coimbatore,ISSUE,234,MO02795
TXN001784,2025-09-26,P032,Chennai,ISSUE,698,MO02179
TXN001785,2025-12-17,P016,Chennai,ISSUE,180,MO01504
TXN001786,2025-04-06,P043,Coimbatore,ISSUE,774,MO00510
TXN001787,2026-03-12,P032,Chennai,ISSUE,83,MO01249
TXN001788,2026-04-27,P013,Coimbatore,RECEIPT,192,PO00591
TXN001789,2026-01-25,P003,Coimbatore,ISSUE,244,MO02633
TXN001790,2026-06-22,P040,Chengalpattu,ISSUE,210,MO00604
TXN001791,2025-11-05,P002,Coimbatore,ISSUE,696,MO01734
TXN001792,2025-09-10,P002,Chengalpattu,RECEIPT,13,PO00299
TXN001793,2025-05-02,P018,Coimbatore,ISSUE,211,MO01304
TXN001794,2026-01-11,P019,Chennai,ADJUSTMENT,-1,ADJ00925
TXN001795,2026-07-27,P033,Chengalpattu,ISSUE,123,MO00708
TXN001796,2025-04-21,P041,Chennai,TRANSFER,770,TR00089
TXN001797,2025-04-09,P043,Hosur,ISSUE,539,MO02649
TXN001798,2025-08-28,P024,Hosur,ISSUE,871,MO02947
TXN001799,2025-09-28,P013,Chengalpattu,RECEIPT,520,PO00550
TXN001800,2025-12-25,P027,Coimbatore,ISSUE,650,MO01638
TXN001801,2025-09-18,P015,Chennai,TRANSFER,887,TR00735
TXN001802,2026-04-17,P004,Coimbatore,ISSUE,482,MO02041
TXN001803,2025-01-06,P011,Chengalpattu,RECEIPT,550,PO00681
TXN001804,2025-09-01,P013,Coimbatore,ISSUE,327,MO00987
TXN001805,2025-01-13,P015,Chennai,ADJUSTMENT,23,ADJ00365
TXN001806,2025-08-09,P017,Hosur,RECEIPT,73,PO01770
TXN001807,2025-10-01,P029,Chennai,TRANSFER,555,TR00208
TXN001808,2025-01-10,P018,Chennai,ISSUE,329,MO02591
TXN001809,2026-03-18,P005,Chengalpattu,RECEIPT,217,PO00911
TXN001810,2025-12-22,P026,Chengalpattu,ISSUE,626,MO01691
TXN001811,2025-06-16,P029,Hosur,RECEIPT,959,PO00207
TXN001812,2025-06-06,P034,Chennai,TRANSFER,761,TR00769
TXN001813,2026-01-30,P025,Hosur,TRANSFER,74,TR00187
TXN001814,2025-08-28,P026,Chennai,RECEIPT,533,PO00141
TXN001815,2026-01-20,P038,Coimbatore,RECEIPT,630,PO00198
TXN001816,2026-03-07,P009,Hosur,TRANSFER,890,TR00325
TXN001817,2025-03-05,P045,Chengalpattu,RECEIPT,967,PO00938
TXN001818,2025-03-01,P026,Hosur,TRANSFER,397,TR00257
TXN001819,2025-01-25,P027,Coimbatore,ISSUE,410,MO00461
TXN001820,2026-01-18,P029,Chengalpattu,ISSUE,809,MO00569
TXN001821,2026-03-07,P039,Chengalpattu,RECEIPT,56,PO00577
TXN001822,2026-08-24,P044,Chennai,ADJUSTMENT,-76,ADJ00257
TXN001823,2025-02-18,P028,Hosur,ADJUSTMENT,-41,ADJ00413
TXN001824,2025-05-25,P029,Hosur,TRANSFER,956,TR00366
TXN001825,2026-03-20,P017,Chennai,TRANSFER,916,TR00434
TXN001826,2025-06-27,P042,Coimbatore,RECEIPT,293,PO00046
TXN001827,2025-05-19,P028,Coimbatore,ISSUE,247,MO00230
TXN001828,2025-03-21,P024,Chennai,ADJUSTMENT,-36,ADJ00088
TXN001829,2026-01-17,P008,Chennai,RECEIPT,601,PO01500
TXN001830,2026-06-23,P027,Coimbatore,RECEIPT,214,PO00074
TXN001831,2025-01-12,P034,Hosur,RECEIPT,814,PO01439
TXN001832,2025-08-25,P012,Chengalpattu,TRANSFER,739,TR00181
TXN001833,2025-03-21,P009,Hosur,ADJUSTMENT,-97,ADJ00987
TXN001834,2025-04-22,P028,Coimbatore,ADJUSTMENT,-65,ADJ00950
TXN001835,2026-05-08,P011,Coimbatore,ISSUE,331,MO02974
TXN001836,2025-04-27,P005,Chennai,ISSUE,555,MO00880
TXN001837,2026-07-01,P031,Coimbatore,RECEIPT,644,PO01360
TXN001838,2025-05-27,P021,Chennai,RECEIPT,122,PO00081
TXN001839,2026-07-24,P022,Hosur,RECEIPT,63,PO00504
TXN001840,2026-03-03,P032,Chennai,ISSUE,421,MO01346
TXN001841,2026-04-06,P008,Chengalpattu,ISSUE,459,MO01213
TXN001842,2025-12-30,P034,Chengalpattu,ISSUE,72,MO01451
TXN001843,2025-12-03,P033,Hosur,RECEIPT,999,PO01496
TXN001844,2025-10-02,P006,Hosur,ISSUE,7,MO00905
TXN001845,2026-07-27,P001,Chennai,ISSUE,599,MO00770
TXN001846,2026-04-07,P025,Hosur,RECEIPT,80,PO01547
TXN001847,2025-05-06,P026,Hosur,ISSUE,494,MO00047
TXN001848,2026-04-09,P014,Chengalpattu,ISSUE,787,MO01873
TXN001849,2026-07-16,P004,Hosur,ISSUE,849,MO02655
TXN001850,2025-08-23,P031,Coimbatore,ISSUE,996,MO01188
TXN001851,2026-07-23,P012,Hosur,RECEIPT,657,PO00935
TXN001852,2025-09-14,P019,Chengalpattu,ISSUE,533,MO01557
TXN001853,2025-03-08,P016,Hosur,TRANSFER,625,TR00300
TXN001854,2025-03-09,P003,Hosur,ISSUE,506,MO02076
TXN001855,2025-09-17,P034,Chengalpattu,ISSUE,591,MO02833
TXN001856,2025-07-03,P032,Coimbatore,RECEIPT,23,PO01810
TXN001857,2025-07-05,P030,Coimbatore,RECEIPT,479,PO01595
TXN001858,2026-04-12,P024,Chennai,TRANSFER,285,TR00601
TXN001859,2026-01-23,P024,Chengalpattu,RECEIPT,241,PO01806
TXN001860,2025-06-25,P022,Coimbatore,ADJUSTMENT,-16,ADJ00233
TXN001861,2025-06-20,P023,Chengalpattu,ISSUE,735,MO00213
TXN001862,2025-10-21,P035,Chennai,ISSUE,600,MO02025
TXN001863,2026-03-25,P037,Coimbatore,ISSUE,756,MO02838
TXN001864,2025-05-22,P019,Chennai,TRANSFER,44,TR00144
TXN001865,2026-01-31,P013,Chennai,TRANSFER,55,TR00307
TXN001866,2025-11-21,P035,Coimbatore,RECEIPT,710,PO01695
TXN001867,2026-07-12,P035,Coimbatore,ISSUE,865,MO02765
TXN001868,2026-07-07,P015,Hosur,RECEIPT,479,PO00589
TXN001869,2026-03-09,P018,Coimbatore,RECEIPT,412,PO00467
TXN001870,2025-09-05,P024,Chennai,ISSUE,581,MO00067
TXN001871,2026-04-15,P038,Chengalpattu,TRANSFER,493,TR00701
TXN001872,2026-08-31,P031,Hosur,RECEIPT,312,PO00309
TXN001873,2026-04-01,P027,Chennai,TRANSFER,463,TR00948
TXN001874,2025-05-01,P003,Hosur,ADJUSTMENT,-63,ADJ00482
TXN001875,2025-02-08,P019,Hosur,ISSUE,566,MO02560
TXN001876,2026-06-12,P022,Chennai,RECEIPT,917,PO01709
TXN001877,2025-03-28,P042,Chengalpattu,RECEIPT,82,PO01086
TXN001878,2025-04-25,P014,Chengalpattu,ISSUE,218,MO01673
TXN001879,2026-01-22,P038,Coimbatore,ADJUSTMENT,51,ADJ00457
TXN001880,2025-01-21,P019,Hosur,RECEIPT,659,PO01625
TXN001881,2026-02-20,P004,Hosur,ISSUE,448,MO01536
TXN001882,2025-03-13,P011,Coimbatore,RECEIPT,810,PO00997
TXN001883,2025-09-15,P013,Chennai,RECEIPT,275,PO01774
TXN001884,2025-11-22,P015,Hosur,ISSUE,529,MO00892
TXN001885,2025-03-25,P014,Hosur,TRANSFER,387,TR00087
TXN001886,2025-09-21,P006,Hosur,ISSUE,977,MO00735
TXN001887,2026-02-15,P025,Chennai,ISSUE,173,MO00004
TXN001888,2026-04-17,P021,Chengalpattu,TRANSFER,110,TR00867
TXN001889,2026-01-16,P025,Coimbatore,ISSUE,268,MO02392
TXN001890,2025-12-08,P008,Chengalpattu,RECEIPT,482,PO01043
TXN001891,2026-06-29,P009,Chengalpattu,ISSUE,10,MO02240
TXN001892,2026-03-03,P037,Hosur,RECEIPT,848,PO01083
TXN001893,2025-10-05,P034,Chennai,ISSUE,265,MO02057
TXN001894,2025-01-08,P015,Coimbatore,ISSUE,208,MO01938
TXN001895,2025-07-23,P025,Coimbatore,ISSUE,518,MO01833
TXN001896,2025-12-05,P021,Chennai,ISSUE,438,MO01160
TXN001897,2025-11-21,P005,Hosur,ADJUSTMENT,67,ADJ00979
TXN001898,2026-06-29,P028,Hosur,ISSUE,623,MO01170
TXN001899,2026-05-10,P028,Chennai,TRANSFER,38,TR00425
TXN001900,2026-01-03,P027,Hosur,RECEIPT,345,PO01184
TXN001901,2026-06-25,P032,Hosur,RECEIPT,144,PO00588
TXN001902,2025-12-11,P012,Chennai,ADJUSTMENT,-29,ADJ00696
TXN001903,2025-02-02,P037,Chengalpattu,RECEIPT,377,PO01238
TXN001904,2026-05-04,P040,Chengalpattu,TRANSFER,722,TR00946
TXN001905,2025-06-22,P020,Coimbatore,ISSUE,17,MO02274
TXN001906,2025-01-23,P022,Coimbatore,TRANSFER,999,TR00606
TXN001907,2026-07-20,P014,Chennai,RECEIPT,138,PO00473
TXN001908,2025-08-17,P032,Chengalpattu,RECEIPT,317,PO00598
TXN001909,2026-07-15,P029,Chennai,ISSUE,201,MO01972
TXN001910,2025-05-03,P024,Chengalpattu,RECEIPT,342,PO01195
TXN001911,2026-04-10,P010,Chengalpattu,ISSUE,780,MO02308
TXN001912,2025-02-10,P037,Chennai,ISSUE,891,MO00254
TXN001913,2026-08-04,P042,Coimbatore,ISSUE,69,MO00542
TXN001914,2025-07-27,P025,Hosur,RECEIPT,213,PO00834
TXN001915,2025-11-29,P012,Chengalpattu,ISSUE,77,MO01005
TXN001916,2026-02-24,P032,Chengalpattu,ISSUE,154,MO00415
TXN001917,2026-05-03,P022,Chennai,RECEIPT,131,PO00579
TXN001918,2025-08-20,P008,Chengalpattu,ISSUE,195,MO00542
TXN001919,2026-05-12,P021,Hosur,ISSUE,828,MO00486
TXN001920,2025-05-27,P007,Chennai,RECEIPT,259,PO00292
TXN001921,2025-12-31,P032,Coimbatore,RECEIPT,90,PO00720
TXN001922,2026-06-01,P034,Chennai,RECEIPT,485,PO01614
TXN001923,2026-03-28,P017,Coimbatore,ISSUE,487,MO02036
TXN001924,2026-04-23,P023,Coimbatore,RECEIPT,723,PO00607
TXN001925,2026-05-18,P011,Chennai,RECEIPT,316,PO01838
TXN001926,2025-06-14,P040,Hosur,RECEIPT,279,PO01051
TXN001927,2025-11-02,P021,Hosur,RECEIPT,124,PO00019
TXN001928,2026-03-26,P007,Chengalpattu,RECEIPT,552,PO01574
TXN001929,2025-07-02,P034,Coimbatore,ISSUE,435,MO02155
TXN001930,2026-04-01,P005,Chengalpattu,RECEIPT,137,PO01882
TXN001931,2026-04-14,P001,Chengalpattu,TRANSFER,602,TR00571
TXN001932,2025-01-24,P010,Chengalpattu,ISSUE,624,MO01836
TXN001933,2025-06-28,P024,Chengalpattu,ISSUE,800,MO02482
TXN001934,2026-05-07,P038,Hosur,RECEIPT,189,PO01602
TXN001935,2026-08-11,P017,Chennai,RECEIPT,649,PO01188
TXN001936,2026-02-21,P042,Coimbatore,ISSUE,170,MO01341
TXN001937,2025-01-18,P003,Hosur,ADJUSTMENT,-19,ADJ00628
TXN001938,2025-09-26,P005,Coimbatore,RECEIPT,631,PO00811
TXN001939,2026-06-13,P016,Chennai,ISSUE,434,MO02336
TXN001940,2025-10-30,P039,Coimbatore,TRANSFER,87,TR00830
TXN001941,2026-07-14,P018,Chennai,TRANSFER,517,TR00762
TXN001942,2025-04-11,P012,Coimbatore,ISSUE,583,MO02723
TXN001943,2025-08-16,P038,Chennai,TRANSFER,281,TR00684
TXN001944,2025-07-30,P025,Coimbatore,TRANSFER,302,TR00086
TXN001945,2026-01-16,P013,Chennai,ISSUE,444,MO00260
TXN001946,2025-03-11,P030,Coimbatore,TRANSFER,454,TR00439
TXN001947,2026-04-26,P037,Chengalpattu,RECEIPT,144,PO00024
TXN001948,2025-06-24,P034,Chennai,ISSUE,844,MO02373
TXN001949,2025-01-18,P025,Coimbatore,ISSUE,44,MO00155
TXN001950,2026-02-06,P027,Hosur,RECEIPT,225,PO00217
TXN001951,2025-12-19,P017,Coimbatore,ISSUE,935,MO00445
TXN001952,2026-06-14,P005,Coimbatore,ISSUE,913,MO00738
TXN001953,2025-09-02,P044,Coimbatore,ISSUE,995,MO01886
TXN001954,2025-05-01,P035,Coimbatore,RECEIPT,836,PO00025
TXN001955,2026-05-17,P044,Chengalpattu,RECEIPT,166,PO01013
TXN001956,2025-03-27,P002,Coimbatore,ISSUE,574,MO02368
TXN001957,2025-11-14,P038,Hosur,TRANSFER,803,TR00250
TXN001958,2025-09-13,P036,Coimbatore,RECEIPT,307,PO01974
TXN001959,2025-06-18,P013,Hosur,RECEIPT,990,PO00298
TXN001960,2026-04-12,P016,Coimbatore,TRANSFER,235,TR00677
TXN001961,2025-08-20,P030,Hosur,ISSUE,873,MO02539
TXN001962,2026-08-15,P043,Coimbatore,RECEIPT,746,PO01405
TXN001963,2025-12-30,P001,Chengalpattu,ISSUE,202,MO02930
TXN001964,2025-05-15,P032,Chengalpattu,ISSUE,626,MO01288
TXN001965,2025-10-23,P016,Coimbatore,ISSUE,3,MO00913
TXN001966,2026-01-05,P004,Coimbatore,ISSUE,368,MO01460
TXN001967,2025-06-15,P013,Chengalpattu,ISSUE,26,MO01498
TXN001968,2026-06-27,P029,Chengalpattu,TRANSFER,205,TR00502
TXN001969,2025-05-26,P025,Chengalpattu,ISSUE,879,MO02149
TXN001970,2025-06-12,P024,Hosur,RECEIPT,884,PO01197
TXN001971,2026-01-16,P004,Coimbatore,TRANSFER,870,TR00905
TXN001972,2025-06-12,P035,Coimbatore,ISSUE,609,MO00307
TXN001973,2025-05-07,P041,Coimbatore,ISSUE,940,MO02753
TXN001974,2026-02-13,P009,Chennai,RECEIPT,503,PO01751
TXN001975,2025-02-07,P037,Coimbatore,TRANSFER,139,TR00195
TXN001976,2026-07-15,P007,Chennai,ISSUE,96,MO00713
TXN001977,2025-08-23,P001,Hosur,RECEIPT,349,PO01780
TXN001978,2025-12-17,P017,Chennai,ISSUE,416,MO01910
TXN001979,2025-03-08,P021,Coimbatore,RECEIPT,641,PO00882
TXN001980,2026-04-26,P034,Chennai,ISSUE,468,MO01166
TXN001981,2026-08-14,P017,Chennai,RECEIPT,902,PO00673
TXN001982,2025-01-29,P016,Coimbatore,ISSUE,445,MO00966
TXN001983,2025-08-28,P018,Chengalpattu,RECEIPT,266,PO01718
TXN001984,2026-05-12,P004,Chennai,RECEIPT,440,PO01772
TXN001985,2025-11-07,P030,Hosur,ADJUSTMENT,56,ADJ00770
TXN001986,2026-04-08,P042,Coimbatore,RECEIPT,367,PO00550
TXN001987,2026-03-26,P042,Hosur,ISSUE,95,MO01884
TXN001988,2025-07-09,P020,Hosur,RECEIPT,711,PO01508
TXN001989,2026-08-28,P042,Chengalpattu,ADJUSTMENT,32,ADJ00055
TXN001990,2025-07-30,P010,Hosur,ISSUE,666,MO01317
TXN001991,2025-09-16,P007,Hosur,ISSUE,763,MO01146
TXN001992,2026-05-16,P029,Coimbatore,RECEIPT,297,PO00362
TXN001993,2025-07-16,P037,Coimbatore,TRANSFER,221,TR00995
TXN001994,2026-04-13,P009,Coimbatore,RECEIPT,320,PO01418
TXN001995,2025-03-02,P023,Coimbatore,TRANSFER,438,TR00264
TXN001996,2026-05-29,P024,Chennai,ISSUE,690,MO02242
TXN001997,2025-07-15,P002,Coimbatore,RECEIPT,855,PO01273
TXN001998,2026-04-11,P032,Chengalpattu,ISSUE,874,MO01675
TXN001999,2025-09-06,P007,Chennai,TRANSFER,279,TR00440
TXN002000,2026-05-29,P028,Chengalpattu,TRANSFER,88,TR00799
TXN002001,2025-08-29,P042,Hosur,TRANSFER,653,TR00740
TXN002002,2026-05-18,P016,Chengalpattu,ISSUE,200,MO02950
TXN002003,2025-01-21,P030,Hosur,ISSUE,234,MO02762
TXN002004,2025-01-29,P021,Coimbatore,RECEIPT,361,PO00308
TXN002005,2025-03-02,P015,Hosur,RECEIPT,125,PO01480
TXN002006,2026-04-11,P028,Hosur,RECEIPT,243,PO01514
TXN002007,2026-06-17,P007,Chennai,TRANSFER,494,TR00899
TXN002008,2026-06-06,P014,Chengalpattu,TRANSFER,923,TR00012
TXN002009,2025-04-24,P001,Chennai,ISSUE,26,MO01807
TXN002010,2025-08-17,P039,Chengalpattu,ISSUE,815,MO00607
TXN002011,2026-05-17,P008,Chennai,TRANSFER,761,TR00595
TXN002012,2025-01-12,P003,Chennai,ADJUSTMENT,-24,ADJ00604
TXN002013,2025-07-15,P037,Coimbatore,RECEIPT,133,PO00086
TXN002014,2025-06-29,P035,Coimbatore,ISSUE,516,MO00175
TXN002015,2025-04-15,P042,Chennai,ADJUSTMENT,86,ADJ00775
TXN002016,2025-12-20,P012,Chengalpattu,ISSUE,75,MO01826
TXN002017,2025-11-15,P031,Hosur,RECEIPT,87,PO01577
TXN002018,2025-02-11,P001,Hosur,ISSUE,93,MO01751
TXN002019,2025-10-19,P039,Chennai,ISSUE,969,MO01488
TXN002020,2025-04-05,P014,Chengalpattu,ISSUE,326,MO00074
TXN002021,2025-03-18,P033,Chengalpattu,RECEIPT,208,PO01908
TXN002022,2025-11-27,P022,Chennai,ADJUSTMENT,-98,ADJ00820
TXN002023,2025-11-28,P035,Chennai,ISSUE,398,MO02795
TXN002024,2025-04-25,P030,Chengalpattu,ISSUE,313,MO01018
TXN002025,2026-06-10,P027,Hosur,ISSUE,528,MO00950
TXN002026,2025-10-05,P025,Hosur,ISSUE,836,MO00019
TXN002027,2026-02-07,P029,Coimbatore,RECEIPT,912,PO01846
TXN002028,2026-01-08,P044,Chengalpattu,RECEIPT,597,PO00651
TXN002029,2026-02-18,P024,Chennai,RECEIPT,429,PO00635
TXN002030,2025-11-03,P017,Chennai,TRANSFER,354,TR00393
TXN002031,2025-06-29,P027,Hosur,ADJUSTMENT,32,ADJ00443
TXN002032,2026-02-15,P006,Chennai,ADJUSTMENT,24,ADJ00746
TXN002033,2025-11-14,P014,Coimbatore,RECEIPT,113,PO00901
TXN002034,2026-03-16,P009,Hosur,RECEIPT,187,PO00831
TXN002035,2025-05-12,P018,Chennai,RECEIPT,872,PO00635
TXN002036,2025-04-09,P039,Chengalpattu,ISSUE,842,MO01058
TXN002037,2025-02-28,P031,Hosur,ISSUE,181,MO00019
TXN002038,2025-10-24,P018,Chennai,ISSUE,593,MO02223
TXN002039,2026-02-07,P035,Coimbatore,RECEIPT,318,PO01891
TXN002040,2026-06-24,P044,Coimbatore,ISSUE,786,MO00282
TXN002041,2025-01-08,P040,Coimbatore,RECEIPT,993,PO00563
TXN002042,2025-09-06,P024,Chennai,RECEIPT,235,PO01107
TXN002043,2025-09-25,P033,Chennai,RECEIPT,417,PO00632
TXN002044,2025-05-02,P043,Chennai,TRANSFER,892,TR00010
TXN002045,2025-11-02,P026,Chengalpattu,RECEIPT,805,PO01234
TXN002046,2026-04-09,P042,Hosur,ISSUE,712,MO02776
TXN002047,2025-03-21,P027,Chennai,ISSUE,779,MO02528
TXN002048,2025-01-18,P044,Coimbatore,ISSUE,165,MO01549
TXN002049,2026-03-24,P026,Hosur,RECEIPT,513,PO00319
TXN002050,2025-03-21,P031,Hosur,TRANSFER,677,TR00413
TXN002051,2025-10-09,P016,Chengalpattu,ISSUE,112,MO02771
TXN002052,2025-10-25,P011,Coimbatore,RECEIPT,317,PO00570
TXN002053,2025-12-31,P025,Hosur,RECEIPT,547,PO00271
TXN002054,2025-08-22,P028,Hosur,ISSUE,59,MO01275
TXN002055,2025-06-29,P026,Hosur,ISSUE,719,MO02904
TXN002056,2026-08-28,P024,Coimbatore,ISSUE,256,MO00766
TXN002057,2025-03-10,P038,Chengalpattu,RECEIPT,446,PO00388
TXN002058,2025-07-03,P026,Hosur,RECEIPT,792,PO01346
TXN002059,2025-10-20,P027,Hosur,RECEIPT,293,PO00485
TXN002060,2026-02-16,P031,Coimbatore,ISSUE,508,MO01758
TXN002061,2025-06-03,P043,Hosur,ISSUE,816,MO02321
TXN002062,2025-05-08,P020,Coimbatore,ISSUE,373,MO02616
TXN002063,2025-06-25,P009,Coimbatore,ISSUE,927,MO02668
TXN002064,2026-04-05,P044,Coimbatore,ISSUE,916,MO01257
TXN002065,2025-11-30,P037,Chengalpattu,RECEIPT,715,PO01991
TXN002066,2025-11-26,P010,Hosur,TRANSFER,723,TR00184
TXN002067,2025-12-19,P044,Chennai,ISSUE,930,MO00941
TXN002068,2025-01-19,P034,Chennai,RECEIPT,743,PO00646
TXN002069,2026-07-27,P039,Coimbatore,TRANSFER,762,TR00810
TXN002070,2026-04-03,P007,Chengalpattu,ISSUE,532,MO00676
TXN002071,2025-05-20,P006,Chengalpattu,RECEIPT,867,PO01917
TXN002072,2025-05-17,P001,Hosur,RECEIPT,190,PO01664
TXN002073,2025-09-14,P015,Coimbatore,RECEIPT,812,PO00662
TXN002074,2026-02-19,P040,Coimbatore,RECEIPT,627,PO00707
TXN002075,2025-05-26,P001,Hosur,ADJUSTMENT,21,ADJ00252
TXN002076,2026-04-20,P007,Coimbatore,TRANSFER,570,TR00492
TXN002077,2026-04-18,P001,Coimbatore,RECEIPT,382,PO01304
TXN002078,2025-04-04,P032,Chennai,ISSUE,373,MO02387
TXN002079,2025-02-09,P044,Chengalpattu,ISSUE,359,MO02031
TXN002080,2026-02-02,P030,Hosur,ISSUE,757,MO01901
TXN002081,2025-09-17,P037,Hosur,ISSUE,584,MO00984
TXN002082,2025-02-26,P003,Chennai,ISSUE,218,MO02667
TXN002083,2026-04-09,P023,Chengalpattu,RECEIPT,247,PO00730
TXN002084,2026-07-13,P027,Chennai,ISSUE,646,MO00108
TXN002085,2026-02-02,P013,Coimbatore,RECEIPT,272,PO00683
TXN002086,2025-03-22,P024,Chennai,ISSUE,780,MO00838
TXN002087,2025-06-06,P003,Coimbatore,TRANSFER,454,TR00571
TXN002088,2026-04-18,P005,Chennai,TRANSFER,400,TR00948
TXN002089,2026-04-27,P003,Hosur,ISSUE,348,MO00166
TXN002090,2026-08-06,P017,Chengalpattu,TRANSFER,726,TR00435
TXN002091,2026-04-11,P012,Chennai,ISSUE,99,MO01266
TXN002092,2025-08-15,P036,Hosur,RECEIPT,423,PO01096
TXN002093,2026-04-17,P033,Hosur,RECEIPT,371,PO01879
TXN002094,2025-01-22,P032,Hosur,ISSUE,172,MO01628
TXN002095,2025-08-26,P043,Chennai,ISSUE,135,MO02925
TXN002096,2026-01-06,P002,Chengalpattu,ADJUSTMENT,11,ADJ00763
TXN002097,2025-08-09,P038,Hosur,ISSUE,920,MO00304
TXN002098,2025-06-19,P008,Chennai,ISSUE,375,MO02429
TXN002099,2026-05-15,P038,Hosur,ISSUE,646,MO01415
TXN002100,2026-05-07,P010,Chennai,RECEIPT,550,PO01723
TXN002101,2026-07-01,P004,Coimbatore,ADJUSTMENT,-41,ADJ00602
TXN002102,2025-07-27,P008,Coimbatore,ISSUE,937,MO02179
TXN002103,2026-08-31,P025,Chennai,ISSUE,26,MO01478
TXN002104,2025-02-20,P015,Hosur,RECEIPT,891,PO00005
TXN002105,2025-07-24,P004,Chengalpattu,TRANSFER,767,TR00950
TXN002106,2025-02-01,P006,Chennai,RECEIPT,984,PO00540
TXN002107,2026-04-20,P026,Chennai,ISSUE,724,MO00207
TXN002108,2025-12-14,P035,Coimbatore,RECEIPT,793,PO00234
TXN002109,2025-05-22,P005,Chengalpattu,ISSUE,648,MO02224
TXN002110,2025-05-15,P003,Chennai,ISSUE,719,MO02904
TXN002111,2025-05-21,P023,Coimbatore,ISSUE,457,MO02488
TXN002112,2026-02-23,P042,Coimbatore,ISSUE,88,MO02704
TXN002113,2026-07-06,P027,Chennai,ADJUSTMENT,81,ADJ00503
TXN002114,2025-11-05,P022,Coimbatore,ADJUSTMENT,26,ADJ00155
TXN002115,2025-11-07,P019,Chengalpattu,ADJUSTMENT,-57,ADJ00018
TXN002116,2025-08-20,P033,Chengalpattu,RECEIPT,955,PO01629
TXN002117,2025-10-30,P023,Hosur,ISSUE,541,MO02518
TXN002118,2025-01-24,P017,Chennai,RECEIPT,15,PO00676
TXN002119,2025-11-23,P038,Coimbatore,ISSUE,712,MO00489
TXN002120,2026-01-07,P025,Hosur,RECEIPT,573,PO01000
TXN002121,2026-01-17,P017,Chengalpattu,TRANSFER,155,TR00257
TXN002122,2025-10-04,P025,Hosur,ADJUSTMENT,34,ADJ00449
TXN002123,2025-04-05,P038,Coimbatore,ISSUE,950,MO00246
TXN002124,2026-01-08,P009,Coimbatore,ISSUE,572,MO02456
TXN002125,2025-06-27,P044,Chennai,RECEIPT,651,PO00952
TXN002126,2025-08-24,P010,Hosur,RECEIPT,560,PO00381
TXN002127,2026-06-11,P036,Chennai,TRANSFER,325,TR00461
TXN002128,2026-04-14,P029,Chengalpattu,ISSUE,549,MO00646
TXN002129,2025-01-08,P016,Hosur,ISSUE,969,MO02011
TXN002130,2026-05-03,P044,Chennai,ISSUE,25,MO00655
TXN002131,2026-03-01,P043,Coimbatore,ISSUE,293,MO01209
TXN002132,2026-02-02,P037,Coimbatore,RECEIPT,324,PO01589
TXN002133,2026-05-01,P036,Hosur,TRANSFER,798,TR00088
TXN002134,2026-07-04,P001,Chengalpattu,ISSUE,976,MO01076
TXN002135,2025-08-09,P030,Hosur,TRANSFER,428,TR00752
TXN002136,2026-01-17,P014,Chennai,RECEIPT,561,PO01301
TXN002137,2026-04-09,P007,Hosur,ADJUSTMENT,-38,ADJ00708
TXN002138,2025-11-05,P039,Coimbatore,TRANSFER,52,TR00319
TXN002139,2025-02-12,P002,Chennai,ISSUE,647,MO01962
TXN002140,2025-09-12,P037,Chennai,RECEIPT,732,PO00336
TXN002141,2025-09-12,P004,Hosur,RECEIPT,514,PO01731
TXN002142,2026-03-29,P015,Chennai,RECEIPT,393,PO00212
TXN002143,2025-05-11,P022,Hosur,RECEIPT,329,PO00612
TXN002144,2025-03-04,P015,Coimbatore,ISSUE,311,MO00407
TXN002145,2025-01-15,P015,Chennai,ISSUE,687,MO00259
TXN002146,2025-09-17,P027,Chengalpattu,RECEIPT,856,PO01695
TXN002147,2025-11-27,P030,Coimbatore,RECEIPT,165,PO01217
TXN002148,2026-01-22,P004,Chennai,ISSUE,495,MO01818
TXN002149,2025-01-30,P013,Coimbatore,ISSUE,266,MO02376
TXN002150,2026-02-03,P023,Chennai,ISSUE,891,MO00105
TXN002151,2025-02-16,P025,Chennai,RECEIPT,599,PO00821
TXN002152,2025-05-27,P038,Chennai,ISSUE,958,MO00462
TXN002153,2025-01-27,P032,Hosur,ADJUSTMENT,-86,ADJ00686
TXN002154,2025-04-17,P021,Chennai,ADJUSTMENT,84,ADJ00771
TXN002155,2026-06-30,P038,Hosur,RECEIPT,96,PO00989
TXN002156,2025-10-02,P013,Chengalpattu,RECEIPT,246,PO00111
TXN002157,2025-05-08,P027,Hosur,TRANSFER,237,TR00803
TXN002158,2026-01-29,P023,Chengalpattu,TRANSFER,475,TR00655
TXN002159,2025-10-07,P011,Coimbatore,ISSUE,333,MO02180
TXN002160,2025-04-08,P035,Chennai,ISSUE,120,MO00293
TXN002161,2025-09-07,P029,Coimbatore,ISSUE,652,MO02197
TXN002162,2025-02-13,P040,Chengalpattu,ISSUE,78,MO02210
TXN002163,2026-04-19,P022,Chennai,ISSUE,656,MO01133
TXN002164,2025-10-02,P029,Coimbatore,ADJUSTMENT,80,ADJ00243
TXN002165,2026-06-25,P013,Hosur,ISSUE,783,MO00535
TXN002166,2025-01-26,P035,Hosur,RECEIPT,266,PO00175
TXN002167,2025-05-15,P025,Coimbatore,RECEIPT,55,PO02000
TXN002168,2025-05-27,P034,Hosur,ISSUE,485,MO02647
TXN002169,2026-02-05,P042,Chennai,TRANSFER,950,TR00306
TXN002170,2025-04-11,P030,Coimbatore,RECEIPT,551,PO00802
TXN002171,2025-12-19,P001,Chengalpattu,RECEIPT,908,PO01154
TXN002172,2026-04-10,P030,Chengalpattu,ISSUE,90,MO02503
TXN002173,2025-12-14,P028,Chengalpattu,ISSUE,233,MO01802
TXN002174,2026-04-26,P009,Chengalpattu,ISSUE,214,MO00108
TXN002175,2025-12-01,P028,Chennai,ISSUE,86,MO02782
TXN002176,2025-12-30,P031,Chengalpattu,ISSUE,60,MO01274
TXN002177,2026-06-29,P012,Chennai,ISSUE,44,MO00509
TXN002178,2025-10-19,P001,Chennai,TRANSFER,849,TR00856
TXN002179,2025-10-13,P013,Hosur,RECEIPT,204,PO00684
TXN002180,2025-07-07,P008,Coimbatore,ISSUE,907,MO00013
TXN002181,2026-04-01,P002,Chengalpattu,TRANSFER,448,TR00788
TXN002182,2025-05-10,P021,Chennai,ADJUSTMENT,-58,ADJ00520
TXN002183,2026-06-19,P006,Chennai,RECEIPT,302,PO01790
TXN002184,2026-04-05,P043,Hosur,ISSUE,832,MO02553
TXN002185,2026-08-02,P011,Chengalpattu,RECEIPT,761,PO01199
TXN002186,2026-05-17,P038,Hosur,ISSUE,977,MO02382
TXN002187,2026-08-02,P030,Coimbatore,ISSUE,420,MO00632
TXN002188,2026-07-13,P003,Chennai,ISSUE,222,MO01557
TXN002189,2025-08-23,P017,Chengalpattu,RECEIPT,662,PO00405
TXN002190,2026-07-12,P042,Chennai,RECEIPT,905,PO01937
TXN002191,2026-07-25,P024,Chennai,TRANSFER,566,TR00342
TXN002192,2025-05-24,P008,Chengalpattu,TRANSFER,858,TR00261
TXN002193,2026-03-23,P034,Hosur,ISSUE,874,MO01246
TXN002194,2026-06-25,P016,Chengalpattu,RECEIPT,19,PO00815
TXN002195,2026-02-23,P031,Coimbatore,ISSUE,991,MO02357
TXN002196,2026-06-12,P033,Chengalpattu,RECEIPT,273,PO00160
TXN002197,2025-06-29,P026,Hosur,ISSUE,20,MO01648
TXN002198,2025-07-29,P020,Hosur,ISSUE,513,MO02106
TXN002199,2025-08-20,P032,Chennai,ISSUE,774,MO00615
TXN002200,2025-03-29,P017,Hosur,ISSUE,20,MO01014
TXN002201,2025-02-03,P023,Chennai,ISSUE,892,MO00592
TXN002202,2025-06-21,P030,Coimbatore,RECEIPT,289,PO01569
TXN002203,2026-02-24,P001,Chengalpattu,ISSUE,7,MO01184
TXN002204,2026-06-20,P021,Coimbatore,RECEIPT,726,PO00070
TXN002205,2025-02-23,P020,Chengalpattu,RECEIPT,806,PO00330
TXN002206,2025-07-17,P011,Coimbatore,ISSUE,216,MO01505
TXN002207,2025-01-27,P045,Chengalpattu,RECEIPT,166,PO00318
TXN002208,2026-05-18,P002,Coimbatore,ISSUE,845,MO00373
TXN002209,2025-06-18,P005,Hosur,ISSUE,628,MO01677
TXN002210,2026-06-21,P008,Chengalpattu,RECEIPT,706,PO01920
TXN002211,2025-09-11,P030,Hosur,RECEIPT,121,PO01056
TXN002212,2025-12-08,P029,Hosur,TRANSFER,13,TR00183
TXN002213,2026-04-07,P036,Chennai,TRANSFER,46,TR00392
TXN002214,2026-08-29,P016,Chennai,RECEIPT,967,PO00763
TXN002215,2026-05-23,P008,Hosur,TRANSFER,558,TR00971
TXN002216,2025-01-03,P035,Chennai,ISSUE,28,MO01405
TXN002217,2026-05-26,P006,Coimbatore,ISSUE,333,MO00687
TXN002218,2025-09-07,P027,Chennai,TRANSFER,571,TR00715
TXN002219,2026-08-30,P035,Coimbatore,RECEIPT,991,PO01677
TXN002220,2025-04-07,P001,Chennai,TRANSFER,958,TR00847
TXN002221,2026-01-25,P029,Chengalpattu,ISSUE,620,MO01241
TXN002222,2025-07-15,P042,Chengalpattu,RECEIPT,478,PO00418
TXN002223,2025-08-19,P023,Coimbatore,TRANSFER,884,TR00521
TXN002224,2026-08-22,P035,Chennai,RECEIPT,21,PO01335
TXN002225,2026-08-19,P021,Chennai,RECEIPT,434,PO00371
TXN002226,2025-05-20,P035,Hosur,ISSUE,553,MO00998
TXN002227,2025-12-26,P035,Hosur,ISSUE,440,MO02318
TXN002228,2025-04-05,P033,Hosur,RECEIPT,849,PO00729
TXN002229,2025-01-13,P030,Chengalpattu,ISSUE,147,MO01964
TXN002230,2025-10-20,P036,Chennai,RECEIPT,25,PO01296
TXN002231,2025-03-28,P034,Hosur,ISSUE,654,MO01670
TXN002232,2025-05-21,P033,Hosur,ADJUSTMENT,2,ADJ00226
TXN002233,2025-11-02,P004,Coimbatore,RECEIPT,254,PO01204
TXN002234,2026-06-30,P026,Chengalpattu,TRANSFER,236,TR00463
TXN002235,2026-03-06,P024,Chengalpattu,RECEIPT,22,PO00343
TXN002236,2026-08-21,P032,Chennai,TRANSFER,133,TR00351
TXN002237,2026-04-09,P019,Chengalpattu,ISSUE,830,MO02909
TXN002238,2025-06-15,P010,Chengalpattu,ISSUE,293,MO01604
TXN002239,2026-05-17,P026,Hosur,TRANSFER,764,TR00527
TXN002240,2025-09-07,P035,Coimbatore,ISSUE,949,MO00601
TXN002241,2026-05-11,P006,Chennai,ISSUE,678,MO02198
TXN002242,2025-11-17,P014,Coimbatore,RECEIPT,822,PO01950
TXN002243,2026-05-07,P015,Chengalpattu,RECEIPT,612,PO00252
TXN002244,2026-02-16,P042,Chennai,ISSUE,173,MO00875
TXN002245,2026-08-09,P042,Chennai,ISSUE,11,MO02940
TXN002246,2026-08-31,P008,Hosur,TRANSFER,818,TR00373
TXN002247,2026-07-30,P024,Coimbatore,RECEIPT,509,PO01156
TXN002248,2025-06-17,P013,Chengalpattu,RECEIPT,397,PO01204
TXN002249,2026-08-14,P043,Chengalpattu,TRANSFER,460,TR00061
TXN002250,2026-08-05,P016,Chennai,TRANSFER,17,TR00496
TXN002251,2025-11-11,P038,Chennai,ISSUE,69,MO02209
TXN002252,2026-07-23,P030,Chengalpattu,ISSUE,595,MO01409
TXN002253,2026-06-02,P015,Hosur,RECEIPT,865,PO00350
TXN002254,2025-02-20,P026,Coimbatore,ISSUE,403,MO01500
TXN002255,2025-02-11,P022,Chengalpattu,RECEIPT,731,PO00057
TXN002256,2025-03-03,P024,Chengalpattu,TRANSFER,263,TR00112
TXN002257,2025-01-26,P044,Coimbatore,RECEIPT,410,PO00758
TXN002258,2025-04-16,P021,Chennai,RECEIPT,749,PO01842
TXN002259,2026-01-31,P031,Hosur,TRANSFER,522,TR00833
TXN002260,2025-10-01,P021,Hosur,RECEIPT,706,PO01968
TXN002261,2025-01-26,P042,Chennai,RECEIPT,469,PO01886
TXN002262,2025-09-21,P004,Chengalpattu,ADJUSTMENT,-53,ADJ00695
TXN002263,2025-06-17,P037,Hosur,TRANSFER,631,TR00655
TXN002264,2026-02-11,P012,Chennai,TRANSFER,574,TR00046
TXN002265,2025-02-22,P008,Coimbatore,TRANSFER,984,TR00704
TXN002266,2025-12-26,P025,Chengalpattu,ISSUE,487,MO00706
TXN002267,2026-03-23,P022,Chengalpattu,RECEIPT,290,PO00209
TXN002268,2026-01-06,P027,Chennai,ISSUE,832,MO02712
TXN002269,2025-05-31,P023,Hosur,ISSUE,719,MO01279
TXN002270,2025-12-24,P045,Chennai,ISSUE,608,MO02418
TXN002271,2026-01-24,P027,Chennai,ISSUE,377,MO00973
TXN002272,2026-06-17,P008,Chennai,TRANSFER,664,TR00640
TXN002273,2026-01-29,P024,Hosur,RECEIPT,664,PO00360
TXN002274,2025-02-26,P020,Chennai,TRANSFER,251,TR00896
TXN002275,2025-04-30,P035,Hosur,ISSUE,582,MO01948
TXN002276,2026-05-29,P010,Coimbatore,RECEIPT,664,PO00401
TXN002277,2025-09-04,P011,Chennai,ISSUE,434,MO01117
TXN002278,2025-11-17,P020,Coimbatore,RECEIPT,923,PO01840
TXN002279,2026-07-21,P018,Hosur,ISSUE,620,MO00253
TXN002280,2025-06-09,P019,Hosur,ISSUE,961,MO00205
TXN002281,2026-07-21,P034,Hosur,ISSUE,916,MO02769
TXN002282,2026-03-06,P016,Chengalpattu,ISSUE,308,MO02698
TXN002283,2025-08-30,P032,Chennai,ISSUE,304,MO01309
TXN002284,2025-07-21,P032,Hosur,TRANSFER,762,TR00874
TXN002285,2025-06-01,P018,Hosur,ISSUE,102,MO00899
TXN002286,2025-08-17,P021,Coimbatore,ISSUE,125,MO00770
TXN002287,2025-06-11,P021,Chennai,RECEIPT,554,PO00788
TXN002288,2026-07-13,P034,Chengalpattu,RECEIPT,261,PO00217
TXN002289,2025-07-20,P037,Chengalpattu,ISSUE,454,MO02450
TXN002290,2025-09-30,P024,Coimbatore,RECEIPT,700,PO00867
TXN002291,2025-04-17,P015,Hosur,TRANSFER,328,TR00065
TXN002292,2025-01-24,P007,Chennai,RECEIPT,540,PO01086
TXN002293,2025-01-03,P020,Chennai,RECEIPT,421,PO01754
TXN002294,2026-05-30,P033,Coimbatore,TRANSFER,193,TR00585
TXN002295,2025-07-28,P006,Chennai,RECEIPT,952,PO01058
TXN002296,2026-06-09,P005,Hosur,ADJUSTMENT,68,ADJ00845
TXN002297,2026-06-06,P006,Chennai,TRANSFER,284,TR00377
TXN002298,2025-11-14,P039,Hosur,RECEIPT,436,PO01200
TXN002299,2025-12-17,P022,Hosur,ISSUE,143,MO00967
TXN002300,2026-01-04,P016,Hosur,TRANSFER,501,TR00622
TXN002301,2026-04-05,P041,Coimbatore,ISSUE,950,MO01349
TXN002302,2025-12-21,P016,Chennai,ISSUE,947,MO02336
TXN002303,2025-10-18,P022,Chengalpattu,RECEIPT,851,PO00838
TXN002304,2026-05-05,P043,Hosur,RECEIPT,355,PO00196
TXN002305,2025-01-11,P011,Chennai,RECEIPT,582,PO01280
TXN002306,2025-12-28,P005,Coimbatore,ISSUE,259,MO00084
TXN002307,2026-04-17,P007,Coimbatore,ISSUE,619,MO01448
TXN002308,2026-01-15,P034,Chengalpattu,RECEIPT,667,PO00277
TXN002309,2025-12-08,P040,Chengalpattu,RECEIPT,35,PO00559
TXN002310,2025-06-08,P005,Chengalpattu,ISSUE,956,MO01134
TXN002311,2025-12-13,P010,Chennai,ISSUE,744,MO01852
TXN002312,2026-03-07,P016,Coimbatore,TRANSFER,542,TR00115
TXN002313,2026-06-23,P035,Chengalpattu,ISSUE,729,MO00360
TXN002314,2025-01-15,P009,Chengalpattu,ISSUE,955,MO02307
TXN002315,2025-05-08,P041,Coimbatore,RECEIPT,723,PO00523
TXN002316,2026-05-21,P034,Chennai,ADJUSTMENT,-51,ADJ00922
TXN002317,2025-01-16,P039,Chennai,ISSUE,439,MO00846
TXN002318,2026-07-14,P014,Chengalpattu,RECEIPT,248,PO00273
TXN002319,2025-12-15,P040,Chengalpattu,RECEIPT,484,PO00550
TXN002320,2025-02-17,P038,Chengalpattu,TRANSFER,10,TR00233
TXN002321,2025-02-13,P003,Chennai,ISSUE,568,MO02788
TXN002322,2025-09-12,P032,Chennai,ADJUSTMENT,60,ADJ00277
TXN002323,2025-03-10,P019,Coimbatore,ISSUE,509,MO00326
TXN002324,2026-04-29,P033,Coimbatore,TRANSFER,929,TR00548
TXN002325,2026-08-07,P040,Coimbatore,RECEIPT,248,PO01125
TXN002326,2025-11-18,P008,Chengalpattu,ISSUE,396,MO00529
TXN002327,2025-10-20,P019,Coimbatore,RECEIPT,294,PO01632
TXN002328,2025-06-29,P031,Chennai,ISSUE,920,MO00693
TXN002329,2025-01-08,P022,Chengalpattu,ISSUE,443,MO01965
TXN002330,2025-09-29,P040,Chengalpattu,RECEIPT,834,PO01029
TXN002331,2026-08-16,P045,Coimbatore,RECEIPT,976,PO01606
TXN002332,2026-02-26,P043,Coimbatore,RECEIPT,207,PO01647
TXN002333,2025-10-12,P007,Chengalpattu,TRANSFER,640,TR00185
TXN002334,2026-03-20,P015,Chennai,ISSUE,117,MO01094
TXN002335,2026-07-22,P004,Hosur,ISSUE,989,MO02491
TXN002336,2025-08-06,P029,Chennai,ISSUE,688,MO02219
TXN002337,2025-02-26,P037,Chengalpattu,TRANSFER,181,TR00246
TXN002338,2025-08-06,P009,Coimbatore,RECEIPT,616,PO01919
TXN002339,2026-07-19,P032,Chennai,RECEIPT,442,PO00841
TXN002340,2025-01-25,P023,Coimbatore,RECEIPT,806,PO01877
TXN002341,2026-04-12,P014,Chengalpattu,RECEIPT,434,PO00879
TXN002342,2025-04-16,P006,Hosur,RECEIPT,96,PO01712
TXN002343,2025-04-14,P007,Chengalpattu,TRANSFER,845,TR00204
TXN002344,2025-02-12,P026,Coimbatore,RECEIPT,947,PO01134
TXN002345,2025-02-18,P039,Hosur,RECEIPT,115,PO01179
TXN002346,2025-03-12,P007,Coimbatore,ISSUE,519,MO01360
TXN002347,2025-08-01,P039,Chennai,ISSUE,181,MO01790
TXN002348,2026-08-26,P006,Coimbatore,RECEIPT,248,PO01238
TXN002349,2026-05-31,P026,Hosur,RECEIPT,88,PO00663
TXN002350,2026-08-26,P030,Coimbatore,ISSUE,771,MO01948
TXN002351,2026-03-09,P041,Chennai,RECEIPT,470,PO00350
TXN002352,2025-11-05,P027,Chennai,ISSUE,855,MO01254
TXN002353,2025-01-20,P016,Chennai,ISSUE,881,MO01671
TXN002354,2025-01-03,P020,Chengalpattu,RECEIPT,770,PO00016
TXN002355,2025-05-13,P009,Hosur,TRANSFER,312,TR00967
TXN002356,2025-09-26,P005,Coimbatore,ISSUE,414,MO00025
TXN002357,2025-10-03,P022,Chengalpattu,RECEIPT,930,PO00389
TXN002358,2025-02-26,P044,Chengalpattu,RECEIPT,697,PO00971
TXN002359,2025-12-08,P023,Chennai,RECEIPT,805,PO01876
TXN002360,2025-04-22,P017,Chengalpattu,RECEIPT,878,PO01030
TXN002361,2026-01-17,P007,Hosur,RECEIPT,852,PO00013
TXN002362,2025-06-03,P003,Chengalpattu,ADJUSTMENT,80,ADJ00526
TXN002363,2025-06-17,P013,Chennai,ISSUE,214,MO01174
TXN002364,2025-09-10,P022,Coimbatore,ISSUE,60,MO01433
TXN002365,2026-06-27,P006,Coimbatore,ISSUE,498,MO01429
TXN002366,2025-05-12,P023,Chennai,ISSUE,521,MO00030
TXN002367,2026-05-24,P034,Chennai,TRANSFER,237,TR00535
TXN002368,2026-03-22,P039,Hosur,ISSUE,993,MO01254
TXN002369,2025-09-20,P002,Chengalpattu,ISSUE,563,MO01089
TXN002370,2025-06-24,P016,Hosur,RECEIPT,963,PO01176
TXN002371,2025-06-12,P016,Hosur,RECEIPT,438,PO01367
TXN002372,2026-05-15,P008,Chennai,RECEIPT,16,PO01845
TXN002373,2025-08-27,P045,Chengalpattu,ISSUE,581,MO01325
TXN002374,2026-03-29,P019,Chengalpattu,ISSUE,433,MO00807
TXN002375,2025-04-28,P005,Hosur,RECEIPT,405,PO01704
TXN002376,2025-01-12,P019,Coimbatore,ISSUE,209,MO02213
TXN002377,2025-03-19,P011,Hosur,RECEIPT,434,PO01601
TXN002378,2025-03-18,P020,Coimbatore,RECEIPT,48,PO00767
TXN002379,2026-03-21,P043,Coimbatore,TRANSFER,971,TR00596
TXN002380,2026-04-10,P020,Chennai,ISSUE,502,MO01470
TXN002381,2026-07-13,P024,Hosur,ISSUE,359,MO02139
TXN002382,2026-08-12,P025,Chennai,ISSUE,204,MO00556
TXN002383,2026-07-23,P007,Hosur,ADJUSTMENT,-43,ADJ00254
TXN002384,2025-03-16,P033,Chennai,RECEIPT,944,PO01313
TXN002385,2025-10-31,P009,Coimbatore,ISSUE,579,MO00221
TXN002386,2026-01-10,P008,Chengalpattu,RECEIPT,220,PO01708
TXN002387,2026-01-24,P009,Hosur,RECEIPT,215,PO01399
TXN002388,2026-06-15,P039,Hosur,TRANSFER,47,TR00065
TXN002389,2026-01-17,P019,Coimbatore,ISSUE,66,MO00517
TXN002390,2025-04-04,P029,Chennai,RECEIPT,618,PO00133
TXN002391,2025-07-31,P024,Chennai,TRANSFER,520,TR00159
TXN002392,2026-08-26,P041,Chennai,ISSUE,748,MO01498
TXN002393,2025-07-12,P026,Hosur,TRANSFER,699,TR00271
TXN002394,2025-03-06,P034,Chennai,RECEIPT,991,PO00684
TXN002395,2025-05-26,P028,Hosur,RECEIPT,943,PO01233
TXN002396,2026-07-28,P042,Hosur,RECEIPT,597,PO01488
TXN002397,2025-08-01,P013,Coimbatore,RECEIPT,973,PO01554
TXN002398,2025-03-09,P040,Chengalpattu,RECEIPT,790,PO00408
TXN002399,2025-09-19,P002,Chennai,ISSUE,368,MO02834
TXN002400,2026-01-01,P016,Hosur,RECEIPT,286,PO00378
TXN002401,2025-03-17,P040,Hosur,RECEIPT,9,PO00196
TXN002402,2025-10-17,P001,Chengalpattu,RECEIPT,999,PO01085
TXN002403,2026-07-17,P017,Chennai,TRANSFER,564,TR00634
TXN002404,2025-02-14,P035,Hosur,TRANSFER,344,TR00757
TXN002405,2025-07-12,P020,Coimbatore,RECEIPT,930,PO00849
TXN002406,2026-07-05,P041,Hosur,RECEIPT,380,PO01301
TXN002407,2025-05-01,P035,Coimbatore,ISSUE,525,MO02021
TXN002408,2025-12-03,P034,Chengalpattu,RECEIPT,379,PO01348
TXN002409,2025-04-11,P026,Chengalpattu,RECEIPT,322,PO00975
TXN002410,2026-04-03,P025,Coimbatore,TRANSFER,579,TR00453
TXN002411,2025-06-27,P015,Hosur,RECEIPT,931,PO00280
TXN002412,2025-07-13,P002,Chennai,ISSUE,149,MO00375
TXN002413,2025-08-09,P039,Coimbatore,ISSUE,53,MO02839
TXN002414,2026-06-06,P017,Chengalpattu,ADJUSTMENT,16,ADJ00280
TXN002415,2025-10-22,P001,Coimbatore,TRANSFER,451,TR00834
TXN002416,2025-02-05,P030,Chennai,ISSUE,507,MO01923
TXN002417,2025-07-25,P021,Chengalpattu,RECEIPT,426,PO01965
TXN002418,2026-04-15,P037,Coimbatore,ISSUE,605,MO00454
TXN002419,2026-04-15,P040,Coimbatore,ISSUE,21,MO01400
TXN002420,2025-03-12,P028,Coimbatore,ISSUE,404,MO01586
TXN002421,2026-05-20,P043,Coimbatore,ISSUE,910,MO00276
TXN002422,2025-08-12,P045,Chennai,ADJUSTMENT,74,ADJ00899
TXN002423,2026-07-01,P043,Hosur,RECEIPT,14,PO01219
TXN002424,2026-02-14,P017,Coimbatore,TRANSFER,3,TR00691
TXN002425,2026-05-10,P021,Chengalpattu,ISSUE,417,MO01415
TXN002426,2026-01-30,P018,Chengalpattu,ISSUE,923,MO00142
TXN002427,2025-08-26,P010,Chengalpattu,RECEIPT,10,PO00664
TXN002428,2025-06-27,P006,Hosur,RECEIPT,869,PO01030
TXN002429,2026-01-30,P001,Chengalpattu,RECEIPT,300,PO01550
TXN002430,2026-01-13,P020,Chennai,ISSUE,764,MO01624
TXN002431,2025-05-24,P027,Chennai,ISSUE,60,MO02916
TXN002432,2026-03-24,P040,Coimbatore,ISSUE,958,MO01765
TXN002433,2025-08-03,P012,Coimbatore,ISSUE,683,MO01509
TXN002434,2026-08-07,P030,Coimbatore,ISSUE,550,MO01228
TXN002435,2025-12-02,P032,Coimbatore,ISSUE,703,MO01322
TXN002436,2026-01-18,P006,Hosur,ISSUE,717,MO01897
TXN002437,2025-08-15,P036,Chengalpattu,RECEIPT,634,PO01580
TXN002438,2026-04-03,P030,Chengalpattu,ADJUSTMENT,-100,ADJ00529
TXN002439,2025-07-20,P003,Chennai,ISSUE,59,MO00887
TXN002440,2026-02-03,P003,Chengalpattu,ISSUE,834,MO02379
TXN002441,2025-05-14,P004,Chengalpattu,ISSUE,693,MO00916
TXN002442,2025-04-17,P028,Coimbatore,ISSUE,290,MO02873
TXN002443,2025-11-23,P031,Coimbatore,ISSUE,415,MO02258
TXN002444,2026-05-23,P016,Hosur,ADJUSTMENT,-1,ADJ00209
TXN002445,2025-04-19,P037,Chengalpattu,RECEIPT,889,PO00348
TXN002446,2026-01-08,P001,Chengalpattu,ISSUE,27,MO00800
TXN002447,2025-12-06,P043,Chennai,RECEIPT,301,PO01504
TXN002448,2026-06-26,P029,Chengalpattu,RECEIPT,596,PO00166
TXN002449,2025-09-18,P045,Chennai,TRANSFER,63,TR00483
TXN002450,2025-08-10,P045,Chennai,ISSUE,152,MO00644
TXN002451,2025-07-21,P042,Hosur,RECEIPT,995,PO01015
TXN002452,2026-05-13,P018,Hosur,ISSUE,555,MO01081
TXN002453,2026-08-07,P028,Chengalpattu,TRANSFER,736,TR00539
TXN002454,2025-03-12,P019,Hosur,TRANSFER,716,TR00665
TXN002455,2025-08-16,P007,Hosur,ISSUE,79,MO00608
TXN002456,2025-09-03,P001,Hosur,TRANSFER,272,TR00403
TXN002457,2026-03-18,P038,Chengalpattu,TRANSFER,172,TR00016
TXN002458,2026-08-14,P029,Chengalpattu,RECEIPT,103,PO00284
TXN002459,2025-09-26,P015,Chennai,ADJUSTMENT,43,ADJ00503
TXN002460,2025-12-02,P035,Hosur,RECEIPT,51,PO01103
TXN002461,2026-05-16,P040,Hosur,RECEIPT,575,PO00076
TXN002462,2025-03-12,P022,Chennai,TRANSFER,969,TR00854
TXN002463,2025-02-15,P002,Chennai,ISSUE,47,MO01446
TXN002464,2026-05-20,P018,Hosur,ISSUE,929,MO01001
TXN002465,2025-04-13,P005,Chengalpattu,ADJUSTMENT,-64,ADJ00654
TXN002466,2026-02-01,P044,Chengalpattu,RECEIPT,296,PO00107
TXN002467,2025-03-24,P002,Hosur,ISSUE,934,MO00288
TXN002468,2025-08-03,P016,Hosur,RECEIPT,281,PO00732
TXN002469,2025-07-13,P037,Coimbatore,ISSUE,158,MO00465
TXN002470,2025-11-21,P022,Hosur,ISSUE,944,MO02739
TXN002471,2025-03-04,P024,Chennai,TRANSFER,560,TR00087
TXN002472,2026-02-15,P027,Chennai,RECEIPT,284,PO00466
TXN002473,2026-06-24,P018,Chengalpattu,RECEIPT,361,PO00077
TXN002474,2026-04-07,P026,Chengalpattu,ISSUE,307,MO01612
TXN002475,2026-07-23,P018,Hosur,TRANSFER,310,TR00372
TXN002476,2025-02-25,P013,Hosur,RECEIPT,791,PO01297
TXN002477,2025-09-06,P044,Hosur,ISSUE,698,MO00994
TXN002478,2025-01-15,P027,Hosur,TRANSFER,370,TR00304
TXN002479,2025-09-10,P012,Chennai,TRANSFER,441,TR00186
TXN002480,2025-12-20,P009,Coimbatore,ISSUE,623,MO01025
TXN002481,2025-06-10,P032,Chengalpattu,TRANSFER,161,TR00871
TXN002482,2026-04-16,P033,Hosur,RECEIPT,463,PO01754
TXN002483,2025-02-08,P043,Chennai,ISSUE,240,MO00557
TXN002484,2025-10-07,P027,Chennai,RECEIPT,116,PO00269
TXN002485,2025-02-22,P020,Chengalpattu,RECEIPT,68,PO00694
TXN002486,2025-09-06,P038,Chengalpattu,ISSUE,111,MO01434
TXN002487,2026-08-27,P020,Hosur,RECEIPT,376,PO00724
TXN002488,2025-10-24,P035,Hosur,ISSUE,308,MO00493
TXN002489,2025-03-07,P043,Chennai,ISSUE,792,MO01517
TXN002490,2025-03-16,P022,Coimbatore,RECEIPT,714,PO00939
TXN002491,2025-07-18,P022,Hosur,TRANSFER,916,TR00354
TXN002492,2026-04-16,P026,Chennai,ISSUE,531,MO02840
TXN002493,2025-05-27,P012,Coimbatore,RECEIPT,374,PO01712
TXN002494,2026-07-13,P033,Chengalpattu,ISSUE,256,MO00686
TXN002495,2025-02-11,P028,Chennai,ISSUE,367,MO00029
TXN002496,2025-01-14,P024,Chengalpattu,TRANSFER,920,TR00953
TXN002497,2025-10-22,P024,Chennai,ISSUE,183,MO00864
TXN002498,2025-01-14,P020,Hosur,RECEIPT,923,PO00635
TXN002499,2025-03-24,P038,Coimbatore,RECEIPT,556,PO01604
TXN002500,2025-05-12,P007,Chennai,TRANSFER,465,TR00456
TXN002501,2026-01-30,P015,Coimbatore,RECEIPT,120,PO00246
TXN002502,2025-04-20,P043,Hosur,ISSUE,606,MO00394
TXN002503,2025-01-08,P037,Coimbatore,RECEIPT,444,PO00328
TXN002504,2025-12-27,P016,Hosur,RECEIPT,909,PO01623
TXN002505,2025-08-08,P012,Coimbatore,RECEIPT,595,PO00107
TXN002506,2025-01-08,P030,Chennai,ISSUE,806,MO02237
TXN002507,2025-12-12,P024,Chengalpattu,RECEIPT,863,PO00328
TXN002508,2026-02-23,P020,Coimbatore,RECEIPT,39,PO01756
TXN002509,2025-03-18,P030,Chengalpattu,TRANSFER,468,TR00179
TXN002510,2025-06-01,P030,Coimbatore,ISSUE,164,MO01402
TXN002511,2026-01-24,P001,Hosur,ISSUE,857,MO00183
TXN002512,2025-06-22,P034,Hosur,RECEIPT,653,PO01296
TXN002513,2026-08-01,P018,Chengalpattu,ISSUE,995,MO00815
TXN002514,2025-11-06,P032,Coimbatore,ADJUSTMENT,-87,ADJ00132
TXN002515,2025-09-20,P043,Coimbatore,RECEIPT,643,PO01967
TXN002516,2026-02-13,P023,Hosur,ISSUE,828,MO00975
TXN002517,2025-03-22,P001,Coimbatore,RECEIPT,274,PO00276
TXN002518,2025-10-23,P016,Hosur,RECEIPT,39,PO01972
TXN002519,2025-10-10,P003,Chengalpattu,ISSUE,878,MO02228
TXN002520,2026-05-12,P035,Coimbatore,ISSUE,561,MO02532
TXN002521,2025-04-08,P038,Hosur,ADJUSTMENT,40,ADJ00407
TXN002522,2025-12-08,P018,Hosur,ISSUE,495,MO00948
TXN002523,2026-07-12,P023,Chennai,ISSUE,593,MO00941
TXN002524,2025-03-19,P015,Hosur,ISSUE,322,MO00807
TXN002525,2026-03-19,P002,Hosur,ISSUE,928,MO02325
TXN002526,2026-04-09,P029,Chengalpattu,RECEIPT,807,PO00824
TXN002527,2026-01-17,P008,Coimbatore,TRANSFER,184,TR00194
TXN002528,2025-01-28,P016,Chengalpattu,ISSUE,832,MO00722
TXN002529,2025-02-10,P041,Chengalpattu,ISSUE,484,MO01004
TXN002530,2025-03-25,P034,Chennai,RECEIPT,46,PO00440
TXN002531,2026-03-14,P041,Chengalpattu,RECEIPT,136,PO01207
TXN002532,2026-08-13,P023,Chengalpattu,ISSUE,928,MO00956
TXN002533,2025-11-04,P005,Coimbatore,TRANSFER,708,TR00277
TXN002534,2026-03-08,P017,Coimbatore,RECEIPT,52,PO00728
TXN002535,2026-07-01,P033,Chengalpattu,ISSUE,401,MO02249
TXN002536,2026-04-11,P005,Coimbatore,ISSUE,652,MO00560
TXN002537,2025-06-26,P017,Coimbatore,RECEIPT,52,PO00079
TXN002538,2025-08-02,P019,Hosur,ISSUE,25,MO00450
TXN002539,2026-04-06,P025,Coimbatore,RECEIPT,198,PO01118
TXN002540,2026-01-13,P030,Coimbatore,RECEIPT,587,PO00104
TXN002541,2025-02-08,P021,Chengalpattu,ISSUE,458,MO00364
TXN002542,2025-02-08,P023,Coimbatore,TRANSFER,964,TR00803
TXN002543,2025-04-05,P012,Coimbatore,TRANSFER,985,TR00361
TXN002544,2025-03-06,P040,Hosur,RECEIPT,228,PO00754
TXN002545,2026-07-09,P012,Chengalpattu,RECEIPT,756,PO00181
TXN002546,2026-06-19,P036,Chennai,ISSUE,627,MO01835
TXN002547,2025-12-28,P016,Chengalpattu,RECEIPT,112,PO00453
TXN002548,2025-08-19,P043,Chennai,ISSUE,239,MO00253
TXN002549,2026-02-26,P039,Chengalpattu,ADJUSTMENT,-29,ADJ00263
TXN002550,2026-04-16,P041,Hosur,TRANSFER,157,TR00806
TXN002551,2026-06-25,P019,Chennai,RECEIPT,626,PO01615
TXN002552,2025-01-02,P001,Coimbatore,RECEIPT,233,PO00369
TXN002553,2025-04-18,P009,Hosur,RECEIPT,276,PO00180
TXN002554,2025-06-24,P006,Chennai,ISSUE,123,MO02275
TXN002555,2025-03-24,P037,Chengalpattu,ISSUE,765,MO02680
TXN002556,2026-03-04,P040,Chennai,RECEIPT,618,PO00925
TXN002557,2025-09-19,P010,Chengalpattu,RECEIPT,921,PO01183
TXN002558,2025-06-04,P031,Chengalpattu,ISSUE,13,MO00896
TXN002559,2025-09-02,P008,Hosur,RECEIPT,300,PO01386
TXN002560,2025-11-08,P002,Chengalpattu,ISSUE,414,MO01302
TXN002561,2026-08-16,P026,Coimbatore,RECEIPT,356,PO01549
TXN002562,2025-11-17,P037,Chengalpattu,ISSUE,651,MO02196
TXN002563,2025-04-15,P036,Chengalpattu,ISSUE,474,MO00396
TXN002564,2026-03-18,P031,Hosur,ISSUE,645,MO00873
TXN002565,2025-11-01,P006,Chengalpattu,ISSUE,746,MO01429
TXN002566,2026-07-24,P011,Hosur,ISSUE,847,MO02743
TXN002567,2025-08-05,P019,Chengalpattu,ISSUE,328,MO02885
TXN002568,2025-11-06,P010,Coimbatore,ADJUSTMENT,-90,ADJ00415
TXN002569,2026-03-26,P041,Coimbatore,RECEIPT,565,PO01635
TXN002570,2025-08-08,P003,Chengalpattu,ISSUE,406,MO01638
TXN002571,2026-05-26,P012,Coimbatore,TRANSFER,963,TR00286
TXN002572,2026-08-13,P031,Hosur,RECEIPT,297,PO00338
TXN002573,2026-06-09,P006,Chengalpattu,RECEIPT,858,PO00492
TXN002574,2026-07-14,P031,Hosur,RECEIPT,561,PO01845
TXN002575,2025-04-18,P033,Chengalpattu,ISSUE,245,MO02081
TXN002576,2025-02-18,P034,Chennai,ISSUE,462,MO02638
TXN002577,2026-03-20,P007,Chennai,ISSUE,359,MO02394
TXN002578,2025-05-26,P001,Chengalpattu,RECEIPT,478,PO00828
TXN002579,2025-04-21,P035,Chennai,RECEIPT,620,PO01903
TXN002580,2026-08-11,P035,Hosur,ADJUSTMENT,-14,ADJ00670
TXN002581,2025-10-24,P044,Hosur,ISSUE,606,MO00569
TXN002582,2025-01-16,P028,Chengalpattu,TRANSFER,344,TR00078
TXN002583,2025-03-07,P044,Chengalpattu,ISSUE,880,MO00068
TXN002584,2025-06-17,P014,Coimbatore,RECEIPT,409,PO00508
TXN002585,2026-02-26,P019,Coimbatore,ISSUE,964,MO00775
TXN002586,2025-10-18,P032,Hosur,TRANSFER,488,TR00161
TXN002587,2026-03-17,P006,Hosur,ISSUE,540,MO00462
TXN002588,2025-04-02,P015,Hosur,TRANSFER,767,TR00609
TXN002589,2026-07-13,P043,Chennai,RECEIPT,99,PO00526
TXN002590,2025-04-25,P004,Chennai,RECEIPT,396,PO00770
TXN002591,2025-08-02,P035,Coimbatore,ISSUE,745,MO00683
TXN002592,2025-08-01,P023,Coimbatore,RECEIPT,700,PO01708
TXN002593,2025-07-20,P014,Coimbatore,TRANSFER,885,TR00402
TXN002594,2025-08-14,P019,Chengalpattu,TRANSFER,586,TR00819
TXN002595,2025-06-01,P041,Chennai,ISSUE,224,MO00504
TXN002596,2026-05-19,P003,Hosur,RECEIPT,955,PO01265
TXN002597,2025-01-23,P015,Coimbatore,RECEIPT,636,PO00598
TXN002598,2025-06-24,P005,Hosur,RECEIPT,999,PO01556
TXN002599,2025-10-07,P043,Chennai,RECEIPT,740,PO01060
TXN002600,2025-01-23,P023,Hosur,ISSUE,719,MO00932
TXN002601,2026-07-04,P041,Hosur,RECEIPT,931,PO01252
TXN002602,2025-02-07,P044,Hosur,RECEIPT,733,PO00500
TXN002603,2026-06-01,P039,Coimbatore,TRANSFER,68,TR00740
TXN002604,2025-06-11,P016,Chennai,ADJUSTMENT,41,ADJ00376
TXN002605,2025-08-18,P023,Coimbatore,ISSUE,59,MO02144
TXN002606,2026-04-18,P029,Hosur,RECEIPT,632,PO00430
TXN002607,2025-05-26,P043,Coimbatore,ADJUSTMENT,-14,ADJ00947
TXN002608,2026-08-09,P010,Coimbatore,TRANSFER,994,TR00494
TXN002609,2025-07-10,P021,Hosur,ISSUE,973,MO00933
TXN002610,2025-06-16,P005,Chennai,ADJUSTMENT,-47,ADJ00259
TXN002611,2026-06-15,P034,Chengalpattu,ISSUE,290,MO00562
TXN002612,2025-07-04,P019,Coimbatore,TRANSFER,339,TR00510
TXN002613,2025-03-22,P003,Hosur,ISSUE,374,MO02204
TXN002614,2025-05-27,P007,Coimbatore,ADJUSTMENT,78,ADJ00519
TXN002615,2026-08-29,P011,Coimbatore,RECEIPT,881,PO00875
TXN002616,2025-07-23,P017,Hosur,TRANSFER,554,TR00013
TXN002617,2026-05-15,P014,Hosur,RECEIPT,369,PO00724
TXN002618,2026-04-20,P018,Chennai,ISSUE,847,MO01530
TXN002619,2026-05-03,P025,Hosur,ISSUE,279,MO01083
TXN002620,2026-07-23,P041,Chennai,RECEIPT,489,PO01431
TXN002621,2026-04-14,P006,Chengalpattu,ISSUE,745,MO01591
TXN002622,2025-11-07,P008,Chengalpattu,RECEIPT,793,PO01562
TXN002623,2025-06-16,P009,Coimbatore,ISSUE,225,MO01601
TXN002624,2025-01-28,P028,Chengalpattu,ISSUE,808,MO01935
TXN002625,2025-07-22,P036,Coimbatore,TRANSFER,85,TR00832
TXN002626,2025-07-09,P032,Hosur,TRANSFER,12,TR00603
TXN002627,2026-07-26,P042,Hosur,RECEIPT,294,PO01384
TXN002628,2025-04-22,P035,Hosur,RECEIPT,742,PO01468
TXN002629,2025-05-26,P034,Chennai,RECEIPT,441,PO00887
TXN002630,2025-07-22,P036,Chengalpattu,RECEIPT,496,PO01780
TXN002631,2025-11-10,P014,Chengalpattu,RECEIPT,771,PO01279
TXN002632,2025-12-05,P037,Chennai,TRANSFER,493,TR00823
TXN002633,2026-08-22,P032,Hosur,ISSUE,219,MO00475
TXN002634,2025-01-27,P023,Chengalpattu,ISSUE,942,MO02850
TXN002635,2025-05-28,P013,Chengalpattu,ISSUE,424,MO00739
TXN002636,2026-03-05,P027,Hosur,TRANSFER,41,TR00905
TXN002637,2026-06-28,P024,Chennai,ISSUE,450,MO02522
TXN002638,2025-05-16,P029,Coimbatore,RECEIPT,484,PO01813
TXN002639,2025-02-15,P002,Hosur,ISSUE,236,MO01072
TXN002640,2026-03-04,P017,Chengalpattu,RECEIPT,71,PO00520
TXN002641,2025-02-14,P005,Hosur,ISSUE,293,MO02986
TXN002642,2026-01-15,P025,Chennai,RECEIPT,743,PO01502
TXN002643,2026-02-23,P009,Chengalpattu,ISSUE,698,MO01977
TXN002644,2025-10-13,P035,Hosur,RECEIPT,756,PO01892
TXN002645,2026-05-05,P034,Hosur,ISSUE,498,MO01918
TXN002646,2025-02-01,P025,Chennai,RECEIPT,610,PO00043
TXN002647,2026-07-13,P045,Coimbatore,TRANSFER,270,TR00944
TXN002648,2025-01-19,P041,Chennai,TRANSFER,347,TR00905
TXN002649,2025-07-04,P035,Chennai,ISSUE,728,MO01052
TXN002650,2025-12-11,P013,Chengalpattu,RECEIPT,419,PO01220
TXN002651,2026-04-17,P015,Coimbatore,RECEIPT,208,PO00724
TXN002652,2026-05-27,P022,Coimbatore,ISSUE,854,MO01750
TXN002653,2025-11-08,P045,Chengalpattu,ISSUE,174,MO02479
TXN002654,2025-09-15,P039,Coimbatore,RECEIPT,896,PO00244
TXN002655,2025-10-14,P020,Chennai,ISSUE,169,MO01071
TXN002656,2026-05-28,P004,Chennai,ISSUE,712,MO02192
TXN002657,2026-07-07,P040,Chengalpattu,RECEIPT,844,PO00659
TXN002658,2025-06-16,P004,Hosur,ADJUSTMENT,-27,ADJ00751
TXN002659,2025-04-21,P015,Coimbatore,ISSUE,692,MO02868
TXN002660,2026-01-16,P034,Hosur,RECEIPT,730,PO01006
TXN002661,2025-09-02,P016,Hosur,RECEIPT,718,PO00770
TXN002662,2026-08-06,P001,Chennai,ISSUE,688,MO01226
TXN002663,2025-01-23,P037,Hosur,ISSUE,967,MO02288
TXN002664,2025-03-22,P014,Coimbatore,ISSUE,596,MO02247
TXN002665,2025-03-25,P010,Chengalpattu,ISSUE,300,MO02344
TXN002666,2025-02-28,P010,Hosur,ISSUE,909,MO02919
TXN002667,2025-12-08,P028,Chennai,ISSUE,610,MO02110
TXN002668,2025-09-13,P019,Chennai,TRANSFER,828,TR00828
TXN002669,2025-10-31,P043,Hosur,RECEIPT,615,PO00245
TXN002670,2026-02-16,P043,Chengalpattu,ADJUSTMENT,-97,ADJ00474
TXN002671,2025-01-17,P039,Hosur,RECEIPT,711,PO00830
TXN002672,2026-01-01,P013,Hosur,ISSUE,162,MO01763
TXN002673,2026-03-07,P008,Chengalpattu,RECEIPT,999,PO00859
TXN002674,2026-07-22,P012,Hosur,TRANSFER,590,TR00270
TXN002675,2025-03-23,P039,Chennai,RECEIPT,846,PO00762
TXN002676,2025-03-15,P026,Hosur,ISSUE,10,MO02264
TXN002677,2026-07-06,P037,Chennai,ISSUE,193,MO01663
TXN002678,2025-05-24,P008,Chengalpattu,ISSUE,389,MO01431
TXN002679,2026-07-18,P004,Hosur,ISSUE,529,MO01701
TXN002680,2025-11-08,P011,Hosur,ISSUE,733,MO01128
TXN002681,2025-12-25,P035,Hosur,TRANSFER,368,TR00169
TXN002682,2025-02-11,P037,Chennai,RECEIPT,202,PO00970
TXN002683,2026-03-13,P029,Chengalpattu,RECEIPT,893,PO01774
TXN002684,2026-03-06,P040,Chennai,RECEIPT,872,PO00213
TXN002685,2026-01-15,P001,Chennai,ISSUE,967,MO01105
TXN002686,2025-06-03,P031,Chennai,ISSUE,642,MO00571
TXN002687,2025-07-23,P045,Chennai,ISSUE,611,MO02736
TXN002688,2025-09-29,P028,Coimbatore,RECEIPT,532,PO01869
TXN002689,2025-03-05,P006,Hosur,ISSUE,413,MO00459
TXN002690,2026-05-21,P033,Chennai,ISSUE,686,MO01097
TXN002691,2025-06-06,P024,Coimbatore,ISSUE,831,MO01353
TXN002692,2025-07-22,P030,Chengalpattu,TRANSFER,641,TR00757
TXN002693,2025-07-01,P042,Chennai,ISSUE,615,MO01797
TXN002694,2025-03-11,P039,Hosur,ISSUE,160,MO02543
TXN002695,2025-08-31,P027,Hosur,RECEIPT,620,PO01360
TXN002696,2026-05-21,P012,Coimbatore,ISSUE,281,MO02723
TXN002697,2026-08-31,P044,Chennai,ISSUE,483,MO01247
TXN002698,2026-05-31,P043,Chennai,RECEIPT,530,PO00307
TXN002699,2026-08-15,P004,Chengalpattu,RECEIPT,154,PO00870
TXN002700,2025-10-28,P008,Chengalpattu,RECEIPT,553,PO01574
TXN002701,2026-02-09,P020,Coimbatore,RECEIPT,399,PO00515
TXN002702,2026-02-02,P042,Hosur,ISSUE,265,MO01775
TXN002703,2026-06-11,P040,Hosur,ISSUE,436,MO00840
TXN002704,2025-08-29,P019,Chengalpattu,ISSUE,627,MO01733
TXN002705,2025-05-15,P003,Hosur,TRANSFER,818,TR00754
TXN002706,2026-07-16,P001,Coimbatore,RECEIPT,189,PO01321
TXN002707,2025-09-18,P034,Chennai,RECEIPT,704,PO00925
TXN002708,2025-02-05,P006,Chennai,ISSUE,79,MO01299
TXN002709,2026-06-13,P013,Hosur,TRANSFER,204,TR00985
TXN002710,2026-05-26,P022,Chennai,ISSUE,210,MO00499
TXN002711,2026-07-22,P003,Chennai,ISSUE,80,MO01330
TXN002712,2025-05-15,P007,Hosur,ISSUE,844,MO02570
TXN002713,2025-02-13,P010,Chennai,RECEIPT,483,PO00966
TXN002714,2025-01-18,P008,Chengalpattu,RECEIPT,605,PO00948
TXN002715,2025-06-21,P043,Chengalpattu,RECEIPT,563,PO00531
TXN002716,2025-05-21,P025,Chengalpattu,RECEIPT,446,PO01530
TXN002717,2025-09-03,P032,Chennai,RECEIPT,856,PO00944
TXN002718,2025-11-26,P012,Chennai,RECEIPT,512,PO00850
TXN002719,2025-03-20,P032,Coimbatore,RECEIPT,169,PO00810
TXN002720,2026-05-01,P011,Chengalpattu,ISSUE,772,MO02345
TXN002721,2025-12-23,P042,Coimbatore,ISSUE,957,MO02487
TXN002722,2025-10-08,P043,Chennai,ISSUE,511,MO01490
TXN002723,2026-06-06,P006,Chengalpattu,ISSUE,199,MO01788
TXN002724,2026-06-12,P043,Chengalpattu,RECEIPT,514,PO00670
TXN002725,2025-11-29,P015,Hosur,RECEIPT,660,PO00177
TXN002726,2025-04-07,P034,Coimbatore,TRANSFER,230,TR00227
TXN002727,2025-02-24,P004,Chengalpattu,TRANSFER,195,TR00520
TXN002728,2025-04-03,P020,Coimbatore,ISSUE,519,MO01282
TXN002729,2025-04-16,P035,Hosur,RECEIPT,548,PO00416
TXN002730,2026-06-05,P016,Hosur,RECEIPT,459,PO00599
TXN002731,2025-01-11,P018,Coimbatore,RECEIPT,818,PO01531
TXN002732,2025-11-27,P036,Hosur,RECEIPT,543,PO00348
TXN002733,2025-07-31,P021,Chengalpattu,ISSUE,92,MO00331
TXN002734,2026-07-08,P001,Chengalpattu,TRANSFER,878,TR00930
TXN002735,2025-08-31,P018,Hosur,RECEIPT,389,PO01300
TXN002736,2026-04-23,P044,Coimbatore,TRANSFER,480,TR00288
TXN002737,2026-06-24,P044,Hosur,ISSUE,330,MO00470
TXN002738,2026-04-12,P040,Chennai,TRANSFER,977,TR00984
TXN002739,2025-11-04,P023,Chengalpattu,RECEIPT,932,PO00924
TXN002740,2026-07-27,P016,Hosur,RECEIPT,250,PO01119
TXN002741,2025-07-05,P044,Chengalpattu,RECEIPT,409,PO01093
TXN002742,2025-01-08,P011,Chennai,RECEIPT,265,PO00783
TXN002743,2026-01-06,P002,Chennai,TRANSFER,783,TR00677
TXN002744,2025-07-30,P031,Coimbatore,ISSUE,313,MO01628
TXN002745,2025-07-10,P044,Hosur,ISSUE,671,MO00843
TXN002746,2026-08-02,P040,Hosur,ISSUE,62,MO00387
TXN002747,2025-12-15,P008,Chennai,RECEIPT,854,PO00178
TXN002748,2025-09-04,P036,Coimbatore,TRANSFER,254,TR00500
TXN002749,2025-01-13,P040,Chengalpattu,TRANSFER,559,TR00151
TXN002750,2026-01-07,P014,Coimbatore,RECEIPT,113,PO00252
TXN002751,2025-07-12,P020,Chennai,RECEIPT,591,PO01081
TXN002752,2026-07-29,P036,Hosur,ISSUE,577,MO02771
TXN002753,2025-11-29,P025,Hosur,ISSUE,220,MO01422
TXN002754,2026-04-13,P009,Hosur,RECEIPT,748,PO01190
TXN002755,2025-07-08,P016,Hosur,ISSUE,120,MO00105
TXN002756,2025-11-17,P014,Coimbatore,ISSUE,886,MO02383
TXN002757,2026-04-22,P028,Chengalpattu,ISSUE,352,MO01569
TXN002758,2026-01-17,P010,Hosur,RECEIPT,676,PO01505
TXN002759,2025-05-25,P010,Chengalpattu,RECEIPT,351,PO00583
TXN002760,2025-09-28,P027,Chengalpattu,TRANSFER,357,TR00527
TXN002761,2025-05-29,P030,Hosur,RECEIPT,503,PO00870
TXN002762,2025-10-04,P041,Coimbatore,ISSUE,452,MO02131
TXN002763,2026-06-11,P030,Hosur,ISSUE,404,MO00290
TXN002764,2026-02-23,P030,Coimbatore,RECEIPT,909,PO01231
TXN002765,2025-02-05,P014,Chengalpattu,ISSUE,373,MO01512
TXN002766,2025-01-23,P039,Hosur,RECEIPT,104,PO00241
TXN002767,2025-09-10,P034,Coimbatore,ISSUE,142,MO00814
TXN002768,2026-05-15,P003,Coimbatore,ISSUE,622,MO00008
TXN002769,2025-03-09,P005,Hosur,RECEIPT,718,PO00912
TXN002770,2025-01-31,P012,Hosur,ISSUE,518,MO00483
TXN002771,2026-01-22,P020,Chennai,ISSUE,412,MO01866
TXN002772,2025-10-16,P037,Chennai,ISSUE,996,MO00963
TXN002773,2025-01-13,P029,Chengalpattu,ISSUE,664,MO00825
TXN002774,2025-12-22,P007,Chennai,ISSUE,149,MO01740
TXN002775,2025-01-21,P011,Chennai,ISSUE,875,MO02430
TXN002776,2026-08-13,P018,Chennai,ISSUE,390,MO02616
TXN002777,2025-01-06,P004,Hosur,ISSUE,191,MO00148
TXN002778,2025-03-31,P007,Hosur,RECEIPT,824,PO01888
TXN002779,2025-05-31,P040,Coimbatore,ISSUE,988,MO00625
TXN002780,2025-02-24,P025,Chengalpattu,RECEIPT,480,PO00305
TXN002781,2025-01-22,P019,Chennai,RECEIPT,287,PO00391
TXN002782,2025-10-26,P017,Chennai,RECEIPT,172,PO00047
TXN002783,2025-07-26,P041,Coimbatore,TRANSFER,453,TR00395
TXN002784,2025-06-25,P007,Chennai,RECEIPT,855,PO00783
TXN002785,2025-07-21,P015,Chengalpattu,RECEIPT,168,PO01638
TXN002786,2025-02-20,P008,Hosur,RECEIPT,112,PO01487
TXN002787,2025-12-10,P035,Hosur,TRANSFER,183,TR00503
TXN002788,2025-10-25,P042,Hosur,ISSUE,244,MO01533
TXN002789,2025-07-20,P027,Coimbatore,ADJUSTMENT,-23,ADJ00915
TXN002790,2025-09-03,P013,Chennai,ISSUE,858,MO02200
TXN002791,2026-07-24,P026,Coimbatore,RECEIPT,86,PO01079
TXN002792,2025-10-31,P005,Hosur,ISSUE,132,MO00904
TXN002793,2025-07-22,P042,Chengalpattu,RECEIPT,261,PO00690
TXN002794,2026-02-16,P022,Coimbatore,ISSUE,973,MO00286
TXN002795,2026-08-04,P003,Hosur,ADJUSTMENT,97,ADJ00603
TXN002796,2026-02-16,P034,Chennai,RECEIPT,528,PO00310
TXN002797,2026-03-13,P014,Chengalpattu,ISSUE,704,MO00663
TXN002798,2025-06-25,P025,Coimbatore,RECEIPT,149,PO01202
TXN002799,2025-07-08,P008,Hosur,ISSUE,306,MO01402
TXN002800,2025-02-24,P033,Coimbatore,TRANSFER,766,TR00442
TXN002801,2026-08-26,P003,Coimbatore,RECEIPT,177,PO00449
TXN002802,2025-11-03,P021,Coimbatore,ISSUE,751,MO00869
TXN002803,2026-08-17,P010,Chengalpattu,TRANSFER,640,TR00483
TXN002804,2026-06-24,P021,Coimbatore,ISSUE,512,MO02259
TXN002805,2025-02-07,P020,Coimbatore,RECEIPT,43,PO00629
TXN002806,2026-03-30,P009,Coimbatore,ISSUE,678,MO00305
TXN002807,2025-10-22,P010,Coimbatore,ADJUSTMENT,26,ADJ00158
TXN002808,2026-05-22,P014,Chennai,ISSUE,761,MO02952
TXN002809,2025-10-02,P043,Hosur,RECEIPT,492,PO00827
TXN002810,2025-11-07,P011,Hosur,ISSUE,44,MO01179
TXN002811,2026-03-08,P006,Hosur,ISSUE,542,MO00039
TXN002812,2026-03-31,P038,Hosur,ISSUE,368,MO00759
TXN002813,2026-01-10,P043,Coimbatore,RECEIPT,291,PO00207
TXN002814,2025-08-30,P041,Coimbatore,ISSUE,622,MO02867
TXN002815,2025-12-26,P009,Chengalpattu,TRANSFER,288,TR00154
TXN002816,2025-02-19,P030,Coimbatore,ISSUE,207,MO02612
TXN002817,2025-08-01,P043,Coimbatore,ISSUE,66,MO01909
TXN002818,2025-05-17,P009,Coimbatore,RECEIPT,881,PO01671
TXN002819,2025-05-12,P043,Hosur,RECEIPT,334,PO00032
TXN002820,2025-08-31,P008,Hosur,ISSUE,192,MO01166
TXN002821,2025-07-10,P003,Chennai,ADJUSTMENT,48,ADJ00599
TXN002822,2025-01-16,P019,Chengalpattu,ISSUE,808,MO01130
TXN002823,2025-02-04,P005,Chengalpattu,TRANSFER,113,TR00308
TXN002824,2025-03-22,P020,Coimbatore,ISSUE,616,MO02882
TXN002825,2025-12-27,P005,Hosur,RECEIPT,233,PO01634
TXN002826,2026-06-13,P031,Coimbatore,ISSUE,78,MO02766
TXN002827,2025-04-22,P025,Hosur,TRANSFER,413,TR00900
TXN002828,2025-01-18,P035,Chennai,RECEIPT,351,PO01979
TXN002829,2025-12-26,P015,Chengalpattu,ISSUE,332,MO01942
TXN002830,2025-10-10,P002,Chengalpattu,TRANSFER,195,TR00780
TXN002831,2025-11-06,P007,Chennai,RECEIPT,677,PO00705
TXN002832,2026-08-14,P024,Chennai,ADJUSTMENT,-10,ADJ00456
TXN002833,2026-04-20,P027,Chengalpattu,RECEIPT,927,PO00103
TXN002834,2025-09-04,P011,Chengalpattu,ISSUE,234,MO01618
TXN002835,2026-01-22,P021,Coimbatore,RECEIPT,847,PO01635
TXN002836,2026-03-25,P011,Hosur,ISSUE,117,MO00241
TXN002837,2025-10-25,P018,Chengalpattu,TRANSFER,805,TR00154
TXN002838,2025-02-15,P005,Chengalpattu,RECEIPT,675,PO01309
TXN002839,2025-09-30,P011,Chengalpattu,TRANSFER,394,TR00786
TXN002840,2025-08-04,P002,Hosur,RECEIPT,317,PO01252
TXN002841,2026-05-26,P013,Hosur,ADJUSTMENT,46,ADJ00821
TXN002842,2025-05-30,P015,Hosur,ISSUE,23,MO02804
TXN002843,2025-05-28,P027,Coimbatore,ISSUE,381,MO00552
TXN002844,2026-06-14,P029,Coimbatore,ISSUE,169,MO00710
TXN002845,2025-09-18,P023,Chengalpattu,TRANSFER,231,TR00254
TXN002846,2025-01-10,P041,Coimbatore,TRANSFER,446,TR00922
TXN002847,2026-03-01,P018,Hosur,RECEIPT,193,PO00401
TXN002848,2025-11-25,P038,Chengalpattu,ISSUE,363,MO02307
TXN002849,2026-07-25,P013,Chennai,RECEIPT,308,PO00262
TXN002850,2026-03-28,P044,Chennai,ISSUE,251,MO02372
TXN002851,2026-08-19,P001,Chennai,ISSUE,297,MO00727
TXN002852,2025-09-03,P028,Chennai,TRANSFER,448,TR00847
TXN002853,2025-02-06,P006,Hosur,RECEIPT,576,PO00731
TXN002854,2025-02-08,P033,Coimbatore,RECEIPT,579,PO00209
TXN002855,2025-12-31,P012,Chengalpattu,TRANSFER,199,TR00601
TXN002856,2026-03-10,P032,Coimbatore,ISSUE,797,MO00842
TXN002857,2025-09-01,P038,Coimbatore,RECEIPT,232,PO00910
TXN002858,2025-09-27,P005,Chengalpattu,ISSUE,940,MO02786
TXN002859,2025-06-16,P026,Coimbatore,RECEIPT,284,PO01728
TXN002860,2025-09-07,P004,Chengalpattu,RECEIPT,95,PO00017
TXN002861,2026-06-06,P033,Coimbatore,RECEIPT,80,PO00646
TXN002862,2025-08-08,P033,Coimbatore,RECEIPT,253,PO01193
TXN002863,2026-01-07,P033,Chengalpattu,ISSUE,760,MO02925
TXN002864,2025-01-13,P035,Coimbatore,ISSUE,508,MO00465
TXN002865,2025-04-27,P014,Chengalpattu,ISSUE,331,MO02104
TXN002866,2025-11-04,P041,Chengalpattu,ISSUE,475,MO00222
TXN002867,2025-06-06,P037,Chengalpattu,ISSUE,151,MO01721
TXN002868,2025-05-18,P020,Chennai,ISSUE,233,MO02380
TXN002869,2026-02-06,P029,Chennai,ISSUE,590,MO00278
TXN002870,2025-12-29,P040,Chennai,RECEIPT,372,PO01916
TXN002871,2025-02-01,P018,Chengalpattu,TRANSFER,186,TR00174
TXN002872,2025-10-06,P042,Chennai,ISSUE,683,MO01719
TXN002873,2025-04-20,P031,Hosur,TRANSFER,380,TR00835
TXN002874,2026-02-25,P023,Coimbatore,RECEIPT,113,PO01018
TXN002875,2026-05-11,P041,Coimbatore,RECEIPT,31,PO00162
TXN002876,2026-03-22,P030,Chennai,ISSUE,744,MO00427
TXN002877,2026-06-16,P030,Chengalpattu,ISSUE,582,MO01965
TXN002878,2026-05-05,P045,Chennai,ISSUE,772,MO01644
TXN002879,2025-08-04,P043,Coimbatore,ISSUE,55,MO01305
TXN002880,2026-05-10,P029,Coimbatore,TRANSFER,12,TR00641
TXN002881,2025-05-13,P043,Hosur,ISSUE,339,MO01220
TXN002882,2025-07-02,P006,Hosur,ADJUSTMENT,-92,ADJ00557
TXN002883,2026-01-28,P045,Hosur,ISSUE,527,MO00037
TXN002884,2025-03-13,P039,Coimbatore,TRANSFER,352,TR00623
TXN002885,2025-08-09,P008,Chennai,RECEIPT,826,PO00863
TXN002886,2025-02-11,P034,Hosur,TRANSFER,771,TR00897
TXN002887,2025-03-26,P024,Coimbatore,RECEIPT,686,PO01082
TXN002888,2025-07-30,P018,Coimbatore,ISSUE,39,MO01276
TXN002889,2026-02-17,P026,Coimbatore,RECEIPT,946,PO01470
TXN002890,2025-06-05,P026,Hosur,TRANSFER,954,TR00542
TXN002891,2025-03-10,P010,Coimbatore,ISSUE,163,MO01266
TXN002892,2025-03-04,P004,Coimbatore,ISSUE,509,MO02340
TXN002893,2025-12-31,P042,Chengalpattu,ISSUE,150,MO01295
TXN002894,2026-05-31,P014,Chennai,TRANSFER,587,TR00914
TXN002895,2025-11-22,P039,Chennai,ISSUE,695,MO02997
TXN002896,2025-04-17,P026,Coimbatore,TRANSFER,379,TR00162
TXN002897,2025-03-14,P028,Chennai,TRANSFER,197,TR00243
TXN002898,2025-05-29,P038,Coimbatore,RECEIPT,867,PO00390
TXN002899,2025-08-05,P002,Chengalpattu,TRANSFER,928,TR00867
TXN002900,2025-04-28,P026,Chengalpattu,TRANSFER,926,TR00959
TXN002901,2025-02-09,P038,Chengalpattu,RECEIPT,161,PO00703
TXN002902,2026-03-18,P009,Chengalpattu,ISSUE,935,MO01582
TXN002903,2025-10-15,P039,Hosur,ISSUE,865,MO01700
TXN002904,2025-05-16,P038,Chengalpattu,ISSUE,464,MO00759
TXN002905,2026-01-16,P045,Coimbatore,ISSUE,509,MO01529
TXN002906,2025-02-01,P032,Chengalpattu,ISSUE,904,MO02166
TXN002907,2025-03-15,P004,Chengalpattu,TRANSFER,623,TR00103
TXN002908,2025-04-24,P029,Hosur,ISSUE,379,MO01337
TXN002909,2025-03-20,P020,Coimbatore,ISSUE,464,MO01922
TXN002910,2025-10-12,P017,Chengalpattu,ISSUE,223,MO02641
TXN002911,2025-08-24,P006,Coimbatore,ISSUE,671,MO00828
TXN002912,2026-01-15,P017,Hosur,ISSUE,794,MO00614
TXN002913,2026-05-24,P037,Chengalpattu,TRANSFER,782,TR00945
TXN002914,2025-07-04,P019,Chennai,ISSUE,145,MO02032
TXN002915,2025-07-06,P004,Hosur,RECEIPT,337,PO01283
TXN002916,2026-02-22,P022,Chengalpattu,RECEIPT,986,PO01375
TXN002917,2025-12-24,P022,Hosur,RECEIPT,378,PO00172
TXN002918,2025-08-24,P023,Chennai,RECEIPT,410,PO01849
TXN002919,2026-06-16,P037,Chengalpattu,RECEIPT,649,PO00983
TXN002920,2025-05-28,P023,Chennai,ISSUE,471,MO02539
TXN002921,2025-04-23,P002,Hosur,ISSUE,455,MO01686
TXN002922,2026-05-23,P009,Coimbatore,ISSUE,644,MO00466
TXN002923,2025-10-17,P043,Coimbatore,RECEIPT,868,PO01763
TXN002924,2025-04-07,P015,Chengalpattu,ISSUE,377,MO00567
TXN002925,2026-05-21,P021,Hosur,ISSUE,189,MO02644
TXN002926,2025-10-14,P024,Chengalpattu,ISSUE,475,MO00618
TXN002927,2026-05-02,P033,Hosur,RECEIPT,980,PO01983
TXN002928,2025-01-21,P030,Chennai,ISSUE,275,MO00260
TXN002929,2026-06-21,P026,Hosur,TRANSFER,952,TR00845
TXN002930,2025-09-14,P027,Coimbatore,RECEIPT,168,PO01873
TXN002931,2025-10-31,P030,Hosur,TRANSFER,487,TR00416
TXN002932,2026-01-23,P025,Chengalpattu,RECEIPT,757,PO01985
TXN002933,2025-11-06,P010,Coimbatore,TRANSFER,127,TR00175
TXN002934,2025-12-31,P035,Hosur,ISSUE,279,MO00758
TXN002935,2025-11-24,P010,Chennai,TRANSFER,871,TR00665
TXN002936,2025-06-04,P016,Coimbatore,RECEIPT,911,PO00508
TXN002937,2025-10-25,P016,Coimbatore,RECEIPT,494,PO00546
TXN002938,2026-06-01,P015,Coimbatore,ADJUSTMENT,75,ADJ00885
TXN002939,2025-11-14,P040,Hosur,ISSUE,525,MO00905
TXN002940,2025-08-17,P016,Chengalpattu,ISSUE,664,MO02849
TXN002941,2025-10-13,P038,Chengalpattu,ISSUE,876,MO02377
TXN002942,2025-01-14,P018,Chennai,RECEIPT,275,PO00071
TXN002943,2026-06-07,P002,Coimbatore,ISSUE,106,MO00770
TXN002944,2025-12-16,P037,Chennai,ISSUE,424,MO02519
TXN002945,2026-07-29,P024,Chengalpattu,TRANSFER,541,TR00787
TXN002946,2026-01-07,P033,Chennai,ISSUE,70,MO00379
TXN002947,2025-09-21,P038,Coimbatore,ISSUE,695,MO00834
TXN002948,2025-04-10,P026,Chengalpattu,RECEIPT,829,PO01136
TXN002949,2025-04-22,P001,Hosur,ISSUE,87,MO00183
TXN002950,2025-03-31,P008,Chennai,RECEIPT,455,PO00238
TXN002951,2025-02-27,P010,Hosur,RECEIPT,542,PO01938
TXN002952,2026-06-03,P044,Hosur,ADJUSTMENT,-36,ADJ00046
TXN002953,2025-03-15,P010,Chennai,RECEIPT,416,PO01681
TXN002954,2026-07-29,P013,Coimbatore,ISSUE,296,MO01108
TXN002955,2025-11-15,P014,Coimbatore,ADJUSTMENT,27,ADJ00368
TXN002956,2026-04-08,P045,Chengalpattu,ADJUSTMENT,-88,ADJ00536
TXN002957,2025-11-14,P013,Chengalpattu,ISSUE,376,MO01725
TXN002958,2026-06-28,P036,Chennai,ISSUE,141,MO01185
TXN002959,2025-10-06,P022,Chengalpattu,ISSUE,285,MO00610
TXN002960,2025-03-08,P013,Hosur,ISSUE,945,MO02618
TXN002961,2026-03-19,P026,Chengalpattu,TRANSFER,897,TR00865
TXN002962,2025-07-05,P018,Chengalpattu,ISSUE,169,MO01708
TXN002963,2026-07-12,P045,Chennai,ISSUE,507,MO02569
TXN002964,2026-05-17,P009,Chennai,RECEIPT,106,PO01826
TXN002965,2026-04-28,P014,Chennai,ISSUE,704,MO01177
TXN002966,2025-07-07,P020,Chennai,RECEIPT,653,PO00131
TXN002967,2025-09-20,P007,Chengalpattu,ISSUE,538,MO02584
TXN002968,2025-10-22,P024,Hosur,ISSUE,915,MO01459
TXN002969,2026-01-11,P018,Chengalpattu,ISSUE,158,MO02252
TXN002970,2025-10-31,P002,Chennai,ISSUE,62,MO02618
TXN002971,2025-08-17,P027,Chengalpattu,RECEIPT,48,PO01855
TXN002972,2025-03-28,P016,Coimbatore,TRANSFER,181,TR00025
TXN002973,2026-02-01,P012,Chengalpattu,RECEIPT,938,PO00511
TXN002974,2025-11-07,P026,Hosur,RECEIPT,984,PO01298
TXN002975,2026-02-12,P014,Chennai,ISSUE,519,MO00269
TXN002976,2025-12-22,P026,Coimbatore,RECEIPT,90,PO01066
TXN002977,2025-10-15,P025,Coimbatore,TRANSFER,603,TR00481
TXN002978,2025-04-13,P017,Chennai,ISSUE,361,MO01448
TXN002979,2026-04-15,P024,Hosur,ISSUE,466,MO01328
TXN002980,2026-07-19,P021,Coimbatore,RECEIPT,930,PO00515
TXN002981,2025-11-04,P020,Hosur,ISSUE,925,MO01376
TXN002982,2025-11-21,P018,Hosur,RECEIPT,933,PO00667
TXN002983,2025-07-11,P007,Chennai,RECEIPT,213,PO01624
TXN002984,2025-08-04,P006,Coimbatore,ISSUE,177,MO01589
TXN002985,2026-03-26,P033,Chennai,RECEIPT,607,PO01471
TXN002986,2025-05-25,P004,Chengalpattu,TRANSFER,876,TR00962
TXN002987,2025-03-26,P025,Chennai,TRANSFER,457,TR00476
TXN002988,2025-10-03,P026,Coimbatore,RECEIPT,795,PO01800
TXN002989,2026-04-16,P001,Chennai,ISSUE,454,MO02055
TXN002990,2025-05-05,P028,Chengalpattu,RECEIPT,15,PO00960
TXN002991,2025-12-26,P005,Chennai,ISSUE,518,MO01344
TXN002992,2025-06-05,P009,Hosur,TRANSFER,630,TR00852
TXN002993,2026-02-03,P001,Coimbatore,RECEIPT,346,PO01219
TXN002994,2025-12-28,P010,Chennai,RECEIPT,482,PO01268
TXN002995,2025-06-20,P038,Coimbatore,ADJUSTMENT,49,ADJ00574
TXN002996,2025-01-01,P001,Hosur,TRANSFER,747,TR00905
TXN002997,2026-05-21,P007,Coimbatore,TRANSFER,130,TR00398
TXN002998,2025-01-16,P031,Chengalpattu,ISSUE,639,MO00885
TXN002999,2026-06-10,P044,Chengalpattu,ISSUE,508,MO01090
TXN003000,2025-06-08,P002,Coimbatore,ISSUE,161,MO01278
TXN003001,2026-07-03,P003,Chennai,ADJUSTMENT,75,ADJ00027
TXN003002,2025-04-06,P010,Chengalpattu,TRANSFER,215,TR00194
TXN003003,2025-02-08,P027,Hosur,ISSUE,864,MO00939
TXN003004,2026-07-09,P032,Hosur,ISSUE,484,MO01520
TXN003005,2025-05-18,P005,Chennai,RECEIPT,948,PO00457
TXN003006,2026-03-20,P003,Coimbatore,ISSUE,353,MO00996
TXN003007,2026-06-22,P002,Coimbatore,ISSUE,982,MO00453
TXN003008,2025-04-25,P012,Hosur,RECEIPT,51,PO01393
TXN003009,2025-07-29,P019,Coimbatore,RECEIPT,888,PO00998
TXN003010,2026-03-11,P025,Hosur,ISSUE,777,MO01251
TXN003011,2025-12-26,P023,Chengalpattu,ISSUE,329,MO01869
TXN003012,2025-09-30,P031,Hosur,ISSUE,119,MO02994
TXN003013,2025-04-02,P015,Hosur,TRANSFER,979,TR00161
TXN003014,2025-02-14,P018,Chennai,ISSUE,777,MO02022
TXN003015,2026-01-10,P008,Coimbatore,RECEIPT,547,PO01874
TXN003016,2025-02-05,P031,Chennai,RECEIPT,474,PO00223
TXN003017,2026-02-06,P004,Chennai,RECEIPT,257,PO00654
TXN003018,2026-03-20,P044,Hosur,RECEIPT,418,PO01316
TXN003019,2025-09-14,P039,Chennai,ISSUE,992,MO00100
TXN003020,2025-11-26,P040,Hosur,TRANSFER,120,TR00584
TXN003021,2025-05-03,P002,Hosur,ISSUE,244,MO02934
TXN003022,2025-08-13,P010,Hosur,TRANSFER,915,TR00615
TXN003023,2025-12-29,P017,Hosur,TRANSFER,997,TR00083
TXN003024,2025-01-22,P019,Chengalpattu,ISSUE,580,MO00185
TXN003025,2025-02-07,P010,Hosur,RECEIPT,123,PO01854
TXN003026,2025-03-08,P018,Hosur,TRANSFER,905,TR00645
TXN003027,2026-07-24,P004,Hosur,ISSUE,661,MO01429
TXN003028,2025-11-16,P021,Coimbatore,ISSUE,177,MO00584
TXN003029,2026-06-17,P044,Chennai,RECEIPT,135,PO01799
TXN003030,2026-06-04,P029,Coimbatore,TRANSFER,969,TR00796
TXN003031,2025-12-08,P034,Hosur,RECEIPT,242,PO00522
TXN003032,2025-05-11,P007,Hosur,ISSUE,270,MO01964
TXN003033,2025-09-29,P029,Chennai,ISSUE,720,MO01782
TXN003034,2026-03-10,P014,Chengalpattu,ISSUE,38,MO01895
TXN003035,2026-07-14,P015,Coimbatore,RECEIPT,617,PO00474
TXN003036,2025-08-06,P014,Chennai,ISSUE,895,MO02615
TXN003037,2026-01-23,P012,Chennai,RECEIPT,85,PO01534
TXN003038,2025-02-18,P035,Chennai,ISSUE,67,MO02835
TXN003039,2025-05-13,P026,Coimbatore,ISSUE,327,MO01209
TXN003040,2026-08-12,P043,Chennai,RECEIPT,716,PO00516
TXN003041,2026-07-11,P015,Chengalpattu,TRANSFER,218,TR00747
TXN003042,2026-08-28,P029,Chengalpattu,ISSUE,5,MO01692
TXN003043,2026-05-08,P037,Chengalpattu,TRANSFER,649,TR00386
TXN003044,2026-06-27,P021,Chengalpattu,ISSUE,7,MO01950
TXN003045,2026-07-22,P027,Coimbatore,ISSUE,73,MO00010
TXN003046,2026-05-28,P017,Hosur,RECEIPT,990,PO00441
TXN003047,2025-12-04,P044,Hosur,RECEIPT,961,PO01726
TXN003048,2026-01-03,P013,Coimbatore,ISSUE,904,MO01340
TXN003049,2026-07-07,P001,Chengalpattu,ISSUE,908,MO02521
TXN003050,2025-12-11,P016,Chengalpattu,RECEIPT,349,PO00139
TXN003051,2025-10-21,P016,Chengalpattu,ISSUE,957,MO01553
TXN003052,2026-04-29,P018,Chengalpattu,RECEIPT,16,PO01550
TXN003053,2025-05-07,P018,Chennai,RECEIPT,824,PO00518
TXN003054,2025-08-20,P044,Coimbatore,ISSUE,959,MO00825
TXN003055,2025-10-04,P038,Chennai,RECEIPT,670,PO01248
TXN003056,2026-01-01,P002,Chengalpattu,RECEIPT,516,PO01239
TXN003057,2025-07-28,P039,Chengalpattu,ADJUSTMENT,-27,ADJ00227
TXN003058,2026-04-05,P040,Chengalpattu,ISSUE,577,MO02369
TXN003059,2026-04-01,P014,Hosur,ISSUE,278,MO01622
TXN003060,2025-04-05,P037,Hosur,TRANSFER,756,TR00959
TXN003061,2025-03-12,P028,Hosur,ISSUE,664,MO00969
TXN003062,2025-02-20,P035,Chengalpattu,ISSUE,898,MO01167
TXN003063,2025-06-16,P017,Chengalpattu,ISSUE,748,MO02308
TXN003064,2025-06-07,P044,Hosur,ISSUE,758,MO00099
TXN003065,2026-05-24,P030,Coimbatore,ISSUE,629,MO00746
TXN003066,2026-06-11,P017,Coimbatore,ADJUSTMENT,-83,ADJ00883
TXN003067,2025-06-01,P007,Chengalpattu,ISSUE,347,MO00816
TXN003068,2026-03-04,P005,Coimbatore,RECEIPT,866,PO01947
TXN003069,2025-11-05,P025,Chennai,ISSUE,378,MO00136
TXN003070,2026-06-26,P040,Hosur,TRANSFER,126,TR00357
TXN003071,2026-06-19,P017,Coimbatore,RECEIPT,701,PO00074
TXN003072,2026-06-21,P015,Coimbatore,ADJUSTMENT,48,ADJ00514
TXN003073,2026-08-07,P028,Chengalpattu,ISSUE,68,MO00606
TXN003074,2025-12-09,P011,Chengalpattu,ISSUE,97,MO00175
TXN003075,2026-01-26,P018,Hosur,ADJUSTMENT,-9,ADJ00001
TXN003076,2026-02-27,P018,Chengalpattu,ISSUE,19,MO02079
TXN003077,2025-07-30,P024,Chennai,RECEIPT,961,PO00161
TXN003078,2025-08-08,P002,Coimbatore,RECEIPT,357,PO00169
TXN003079,2025-05-19,P025,Chennai,TRANSFER,97,TR00147
TXN003080,2026-06-27,P020,Hosur,ADJUSTMENT,-99,ADJ00979
TXN003081,2026-05-27,P026,Chengalpattu,ISSUE,904,MO00730
TXN003082,2026-05-23,P015,Coimbatore,RECEIPT,916,PO01151
TXN003083,2025-08-14,P031,Chengalpattu,ISSUE,984,MO02913
TXN003084,2025-08-07,P006,Chennai,RECEIPT,277,PO00773
TXN003085,2026-01-04,P017,Coimbatore,ISSUE,944,MO02896
TXN003086,2026-02-23,P017,Coimbatore,TRANSFER,710,TR00865
TXN003087,2025-06-11,P023,Chengalpattu,RECEIPT,121,PO01916
TXN003088,2026-07-15,P032,Hosur,ISSUE,604,MO01153
TXN003089,2026-03-08,P035,Chengalpattu,TRANSFER,840,TR00065
TXN003090,2025-03-15,P036,Coimbatore,TRANSFER,460,TR00425
TXN003091,2025-08-27,P014,Chengalpattu,ISSUE,872,MO02501
TXN003092,2025-11-13,P014,Hosur,RECEIPT,209,PO01571
TXN003093,2025-02-05,P030,Chennai,RECEIPT,463,PO01788
TXN003094,2026-02-07,P011,Coimbatore,ISSUE,107,MO02087
TXN003095,2026-07-02,P025,Chengalpattu,ISSUE,126,MO00063
TXN003096,2025-10-26,P025,Hosur,RECEIPT,34,PO00752
TXN003097,2025-02-26,P023,Chennai,ISSUE,861,MO02157
TXN003098,2025-11-11,P006,Chennai,ISSUE,294,MO01701
TXN003099,2025-09-24,P029,Chennai,ISSUE,792,MO02136
TXN003100,2026-03-07,P022,Hosur,RECEIPT,996,PO01776
TXN003101,2025-08-30,P027,Coimbatore,ISSUE,702,MO02950
TXN003102,2026-01-23,P042,Hosur,RECEIPT,791,PO00781
TXN003103,2025-08-08,P002,Coimbatore,RECEIPT,769,PO00367
TXN003104,2026-06-16,P034,Chennai,ISSUE,450,MO01060
TXN003105,2025-07-08,P024,Hosur,RECEIPT,178,PO00608
TXN003106,2025-05-23,P025,Chengalpattu,ISSUE,62,MO01266
TXN003107,2026-08-26,P025,Coimbatore,ADJUSTMENT,22,ADJ00440
TXN003108,2026-03-31,P030,Hosur,ISSUE,198,MO00282
TXN003109,2025-11-28,P018,Chennai,RECEIPT,212,PO00087
TXN003110,2025-04-05,P012,Hosur,ISSUE,786,MO01577
TXN003111,2025-10-24,P031,Hosur,RECEIPT,123,PO01679
TXN003112,2025-08-19,P028,Chengalpattu,ISSUE,534,MO00402
TXN003113,2026-01-11,P045,Hosur,RECEIPT,926,PO00055
TXN003114,2025-07-16,P014,Coimbatore,TRANSFER,642,TR00243
TXN003115,2026-07-22,P007,Chengalpattu,ISSUE,567,MO01300
TXN003116,2026-07-19,P044,Chennai,ISSUE,398,MO01468
TXN003117,2026-05-02,P036,Chengalpattu,ISSUE,204,MO01136
TXN003118,2026-06-12,P004,Coimbatore,ISSUE,951,MO01374
TXN003119,2026-03-11,P034,Coimbatore,ADJUSTMENT,-77,ADJ00371
TXN003120,2025-06-30,P023,Chennai,RECEIPT,703,PO00999
TXN003121,2025-12-02,P039,Hosur,ISSUE,50,MO02133
TXN003122,2025-11-13,P042,Coimbatore,ISSUE,111,MO01358
TXN003123,2025-04-29,P021,Coimbatore,ISSUE,350,MO02965
TXN003124,2026-03-29,P040,Hosur,RECEIPT,553,PO00685
TXN003125,2025-03-26,P014,Coimbatore,RECEIPT,685,PO00245
TXN003126,2025-07-31,P030,Coimbatore,TRANSFER,596,TR00685
TXN003127,2025-12-16,P015,Coimbatore,ISSUE,282,MO02341
TXN003128,2025-01-20,P007,Chennai,RECEIPT,759,PO01864
TXN003129,2025-01-26,P037,Chennai,ISSUE,566,MO00395
TXN003130,2026-06-23,P013,Chennai,ISSUE,862,MO01107
TXN003131,2026-01-22,P028,Hosur,RECEIPT,963,PO00668
TXN003132,2026-01-04,P013,Chengalpattu,TRANSFER,655,TR00422
TXN003133,2026-06-04,P022,Hosur,ADJUSTMENT,46,ADJ00288
TXN003134,2025-06-04,P007,Chennai,ISSUE,504,MO00275
TXN003135,2025-05-17,P032,Chennai,RECEIPT,767,PO00988
TXN003136,2025-08-31,P012,Chengalpattu,TRANSFER,96,TR00197
TXN003137,2026-02-12,P024,Hosur,ISSUE,269,MO01195
TXN003138,2025-06-08,P001,Chengalpattu,ISSUE,509,MO02495
TXN003139,2025-02-26,P019,Hosur,RECEIPT,519,PO00112
TXN003140,2026-01-11,P033,Chengalpattu,ISSUE,828,MO02081
TXN003141,2026-05-01,P005,Coimbatore,ISSUE,516,MO01892
TXN003142,2025-05-22,P016,Hosur,ISSUE,790,MO01460
TXN003143,2026-08-29,P044,Coimbatore,RECEIPT,520,PO00598
TXN003144,2026-02-17,P027,Chengalpattu,TRANSFER,936,TR00246
TXN003145,2026-04-02,P024,Chennai,RECEIPT,444,PO01014
TXN003146,2025-08-15,P015,Chennai,TRANSFER,804,TR00548
TXN003147,2026-05-28,P016,Coimbatore,ISSUE,69,MO00969
TXN003148,2026-08-31,P028,Coimbatore,ISSUE,397,MO00084
TXN003149,2025-08-11,P031,Coimbatore,ISSUE,793,MO02781
TXN003150,2025-11-25,P001,Coimbatore,ISSUE,426,MO01578
TXN003151,2026-06-10,P027,Chengalpattu,ISSUE,625,MO02125
TXN003152,2026-04-11,P002,Chennai,RECEIPT,941,PO01472
TXN003153,2026-05-07,P024,Chengalpattu,ISSUE,313,MO01655
TXN003154,2025-05-26,P029,Chennai,ISSUE,675,MO02739
TXN003155,2025-11-04,P037,Chennai,ISSUE,546,MO02419
TXN003156,2026-05-06,P034,Hosur,TRANSFER,925,TR00150
TXN003157,2025-01-29,P031,Hosur,TRANSFER,874,TR00632
TXN003158,2025-10-21,P005,Chennai,ISSUE,441,MO02917
TXN003159,2026-07-01,P002,Hosur,ISSUE,710,MO00760
TXN003160,2025-06-12,P024,Chengalpattu,ISSUE,560,MO00399
TXN003161,2026-04-10,P005,Chennai,RECEIPT,580,PO01814
TXN003162,2025-04-20,P020,Coimbatore,RECEIPT,271,PO01404
TXN003163,2025-09-06,P011,Coimbatore,RECEIPT,521,PO00034
TXN003164,2026-08-07,P021,Coimbatore,RECEIPT,570,PO00220
TXN003165,2025-03-16,P018,Coimbatore,ISSUE,618,MO00136
TXN003166,2025-02-12,P007,Hosur,RECEIPT,50,PO00515
TXN003167,2026-07-30,P023,Coimbatore,ISSUE,582,MO01166
TXN003168,2025-08-09,P039,Hosur,ISSUE,362,MO02806
TXN003169,2026-01-04,P008,Coimbatore,RECEIPT,492,PO01935
TXN003170,2026-07-07,P001,Hosur,TRANSFER,69,TR00516
TXN003171,2026-08-25,P001,Chennai,ISSUE,690,MO00657
TXN003172,2026-06-20,P040,Hosur,RECEIPT,355,PO01495
TXN003173,2025-11-18,P043,Coimbatore,RECEIPT,572,PO01907
TXN003174,2025-08-23,P027,Coimbatore,ISSUE,923,MO01287
TXN003175,2026-07-24,P006,Hosur,ISSUE,945,MO02926
TXN003176,2025-12-01,P036,Hosur,RECEIPT,607,PO00217
TXN003177,2025-11-21,P004,Chennai,RECEIPT,901,PO01252
TXN003178,2025-10-12,P011,Chennai,ISSUE,392,MO02408
TXN003179,2025-06-14,P013,Chennai,ISSUE,733,MO00581
TXN003180,2025-12-10,P018,Chengalpattu,ISSUE,851,MO00524
TXN003181,2025-05-07,P010,Chennai,RECEIPT,738,PO00939
TXN003182,2025-10-12,P037,Chennai,ISSUE,22,MO00166
TXN003183,2026-03-10,P008,Coimbatore,RECEIPT,758,PO00234
TXN003184,2026-01-11,P035,Hosur,ISSUE,730,MO00303
TXN003185,2025-01-21,P012,Chengalpattu,RECEIPT,257,PO00399
TXN003186,2026-08-18,P026,Coimbatore,ISSUE,818,MO00636
TXN003187,2026-06-02,P021,Hosur,ADJUSTMENT,17,ADJ00453
TXN003188,2026-02-01,P016,Chennai,RECEIPT,683,PO01051
TXN003189,2025-04-07,P020,Chengalpattu,ISSUE,529,MO00685
TXN003190,2025-08-03,P026,Chennai,ISSUE,251,MO02264
TXN003191,2025-10-10,P030,Hosur,RECEIPT,614,PO01141
TXN003192,2026-06-27,P021,Chennai,ISSUE,676,MO00977
TXN003193,2025-09-18,P006,Chennai,ADJUSTMENT,-49,ADJ00049
TXN003194,2025-08-12,P015,Coimbatore,ISSUE,23,MO01008
TXN003195,2026-07-07,P023,Hosur,ISSUE,399,MO01006
TXN003196,2026-08-05,P017,Hosur,RECEIPT,708,PO00959
TXN003197,2026-04-12,P031,Coimbatore,TRANSFER,630,TR00877
TXN003198,2025-03-08,P045,Chengalpattu,RECEIPT,156,PO00835
TXN003199,2026-05-24,P004,Hosur,ADJUSTMENT,-27,ADJ00049
TXN003200,2025-06-28,P040,Coimbatore,ISSUE,48,MO01096
TXN003201,2025-06-08,P001,Chennai,TRANSFER,786,TR00780
TXN003202,2026-06-03,P034,Hosur,RECEIPT,92,PO00113
TXN003203,2025-12-24,P023,Coimbatore,RECEIPT,783,PO01223
TXN003204,2026-05-18,P031,Hosur,ISSUE,658,MO02966
TXN003205,2026-06-22,P031,Chengalpattu,ADJUSTMENT,-61,ADJ00344
TXN003206,2026-06-17,P027,Chengalpattu,RECEIPT,899,PO00031
TXN003207,2025-03-14,P043,Coimbatore,ISSUE,953,MO01121
TXN003208,2025-10-26,P002,Hosur,ADJUSTMENT,16,ADJ00449
TXN003209,2025-02-03,P040,Chengalpattu,ISSUE,498,MO02896
TXN003210,2026-04-08,P041,Chengalpattu,TRANSFER,28,TR00713
TXN003211,2025-07-21,P014,Chennai,RECEIPT,521,PO01311
TXN003212,2026-08-16,P026,Chengalpattu,RECEIPT,107,PO01482
TXN003213,2026-05-13,P041,Coimbatore,ISSUE,244,MO02738
TXN003214,2026-01-29,P032,Chengalpattu,ISSUE,21,MO01829
TXN003215,2025-07-21,P040,Coimbatore,TRANSFER,120,TR00649
TXN003216,2025-08-22,P041,Coimbatore,ISSUE,633,MO00602
TXN003217,2026-01-03,P003,Chengalpattu,TRANSFER,76,TR00649
TXN003218,2025-12-12,P014,Chengalpattu,RECEIPT,483,PO01243
TXN003219,2026-07-04,P028,Coimbatore,ISSUE,646,MO01245
TXN003220,2025-02-22,P016,Chennai,RECEIPT,450,PO00062
TXN003221,2025-02-16,P035,Chengalpattu,ISSUE,859,MO02868
TXN003222,2026-07-30,P016,Chennai,ISSUE,119,MO02783
TXN003223,2025-12-08,P008,Hosur,RECEIPT,568,PO01083
TXN003224,2026-01-16,P038,Hosur,RECEIPT,486,PO01756
TXN003225,2025-04-12,P036,Coimbatore,ISSUE,556,MO02796
TXN003226,2026-08-12,P008,Coimbatore,ISSUE,904,MO02683
TXN003227,2026-04-25,P029,Chengalpattu,RECEIPT,533,PO00108
TXN003228,2025-03-31,P039,Chennai,ISSUE,591,MO02737
TXN003229,2025-12-27,P043,Coimbatore,RECEIPT,847,PO01648
TXN003230,2025-10-20,P030,Chengalpattu,RECEIPT,146,PO00404
TXN003231,2026-08-29,P018,Hosur,RECEIPT,191,PO01027
TXN003232,2025-06-26,P042,Chennai,TRANSFER,257,TR00873
TXN003233,2025-08-08,P031,Chennai,TRANSFER,981,TR00173
TXN003234,2025-09-17,P030,Hosur,RECEIPT,131,PO01137
TXN003235,2025-01-20,P006,Coimbatore,RECEIPT,215,PO01334
TXN003236,2025-09-28,P013,Chengalpattu,TRANSFER,934,TR00407
TXN003237,2025-03-20,P016,Hosur,RECEIPT,180,PO01004
TXN003238,2025-09-03,P023,Hosur,ISSUE,14,MO02147
TXN003239,2025-01-19,P009,Chengalpattu,TRANSFER,664,TR00260
TXN003240,2025-05-17,P012,Chennai,ISSUE,359,MO00754
TXN003241,2026-01-11,P027,Chengalpattu,TRANSFER,250,TR00446
TXN003242,2026-04-18,P039,Hosur,ADJUSTMENT,75,ADJ00392
TXN003243,2026-08-02,P013,Coimbatore,RECEIPT,516,PO00798
TXN003244,2025-10-02,P012,Chengalpattu,ADJUSTMENT,-53,ADJ00086
TXN003245,2025-01-31,P021,Chengalpattu,ADJUSTMENT,45,ADJ00107
TXN003246,2026-08-21,P025,Hosur,ISSUE,556,MO01106
TXN003247,2026-07-21,P002,Hosur,RECEIPT,586,PO00885
TXN003248,2026-05-12,P025,Chengalpattu,ISSUE,137,MO02911
TXN003249,2026-04-30,P028,Chennai,ISSUE,820,MO02194
TXN003250,2025-03-28,P038,Coimbatore,TRANSFER,843,TR00948
TXN003251,2025-08-20,P033,Chengalpattu,ISSUE,901,MO00588
TXN003252,2026-04-11,P016,Chennai,RECEIPT,934,PO01194
TXN003253,2026-07-27,P039,Hosur,RECEIPT,511,PO00488
TXN003254,2025-01-26,P030,Coimbatore,ISSUE,83,MO00364
TXN003255,2025-10-19,P042,Chengalpattu,RECEIPT,789,PO01961
TXN003256,2026-04-06,P024,Chengalpattu,RECEIPT,804,PO00664
TXN003257,2025-09-28,P030,Chennai,ISSUE,847,MO01158
TXN003258,2026-02-09,P026,Coimbatore,TRANSFER,977,TR00888
TXN003259,2026-03-20,P009,Chennai,RECEIPT,434,PO01252
TXN003260,2025-01-02,P043,Coimbatore,ADJUSTMENT,94,ADJ00606
TXN003261,2025-09-07,P043,Chengalpattu,ISSUE,147,MO00348
TXN003262,2025-05-05,P009,Coimbatore,RECEIPT,763,PO00398
TXN003263,2026-02-11,P001,Hosur,ADJUSTMENT,-23,ADJ00334
TXN003264,2025-12-21,P034,Chennai,TRANSFER,173,TR00189
TXN003265,2025-06-17,P032,Hosur,RECEIPT,368,PO00536
TXN003266,2026-01-05,P001,Coimbatore,ISSUE,706,MO01620
TXN003267,2026-06-28,P016,Chennai,ISSUE,829,MO00129
TXN003268,2025-07-18,P014,Hosur,TRANSFER,813,TR00077
TXN003269,2026-05-21,P002,Chennai,RECEIPT,643,PO00238
TXN003270,2025-09-26,P044,Chennai,ISSUE,740,MO02660
TXN003271,2025-12-21,P032,Chengalpattu,ISSUE,578,MO02895
TXN003272,2025-08-19,P002,Coimbatore,RECEIPT,308,PO01682
TXN003273,2025-05-20,P006,Hosur,ISSUE,663,MO00021
TXN003274,2025-06-11,P035,Chengalpattu,RECEIPT,130,PO00581
TXN003275,2026-01-19,P041,Hosur,ISSUE,107,MO02669
TXN003276,2025-05-14,P004,Coimbatore,ISSUE,199,MO02558
TXN003277,2026-04-27,P033,Coimbatore,ISSUE,512,MO00250
TXN003278,2026-08-23,P009,Chengalpattu,ISSUE,975,MO02531
TXN003279,2025-10-21,P029,Chengalpattu,RECEIPT,394,PO01846
TXN003280,2025-09-05,P044,Coimbatore,RECEIPT,902,PO00052
TXN003281,2025-01-07,P018,Chengalpattu,ISSUE,563,MO00826
TXN003282,2026-01-02,P030,Chennai,TRANSFER,922,TR00698
TXN003283,2025-01-13,P022,Hosur,ISSUE,146,MO00478
TXN003284,2026-05-24,P045,Coimbatore,TRANSFER,152,TR00057
TXN003285,2025-05-13,P037,Chennai,ISSUE,163,MO00275
TXN003286,2026-07-04,P006,Chennai,ISSUE,318,MO00534
TXN003287,2025-08-25,P032,Chennai,TRANSFER,893,TR00517
TXN003288,2025-08-08,P012,Hosur,RECEIPT,38,PO00654
TXN003289,2026-03-24,P033,Hosur,TRANSFER,495,TR00684
TXN003290,2025-09-01,P018,Hosur,RECEIPT,527,PO00226
TXN003291,2026-01-16,P024,Coimbatore,ISSUE,625,MO02804
TXN003292,2025-08-06,P035,Coimbatore,TRANSFER,871,TR00275
TXN003293,2026-07-21,P020,Hosur,TRANSFER,14,TR00781
TXN003294,2025-02-10,P013,Hosur,RECEIPT,304,PO01292
TXN003295,2026-06-02,P001,Hosur,ISSUE,898,MO00783
TXN003296,2025-01-10,P011,Chengalpattu,ISSUE,138,MO00754
TXN003297,2025-08-13,P026,Chennai,ISSUE,580,MO00554
TXN003298,2025-05-14,P011,Hosur,RECEIPT,309,PO01890
TXN003299,2025-06-19,P020,Hosur,ISSUE,290,MO00740
TXN003300,2026-04-02,P021,Chengalpattu,ADJUSTMENT,-55,ADJ00046
TXN003301,2025-09-18,P014,Chennai,ISSUE,123,MO00231
TXN003302,2026-08-16,P018,Chennai,RECEIPT,246,PO00859
TXN003303,2025-08-03,P044,Chengalpattu,RECEIPT,864,PO00747
TXN003304,2025-03-17,P008,Hosur,RECEIPT,527,PO01756
TXN003305,2026-04-24,P029,Hosur,TRANSFER,372,TR00265
TXN003306,2025-07-19,P031,Hosur,RECEIPT,226,PO00185
TXN003307,2025-04-09,P015,Coimbatore,RECEIPT,339,PO00811
TXN003308,2025-12-16,P040,Hosur,ADJUSTMENT,-69,ADJ00457
TXN003309,2026-01-22,P028,Chengalpattu,ISSUE,791,MO01483
TXN003310,2025-09-26,P002,Hosur,ISSUE,894,MO00797
TXN003311,2025-12-12,P021,Coimbatore,ISSUE,724,MO02949
TXN003312,2025-05-16,P038,Hosur,TRANSFER,304,TR00397
TXN003313,2026-02-22,P012,Coimbatore,RECEIPT,242,PO01075
TXN003314,2025-07-25,P024,Chengalpattu,ISSUE,826,MO02537
TXN003315,2026-01-10,P007,Chengalpattu,ADJUSTMENT,-21,ADJ00042
TXN003316,2025-11-08,P027,Hosur,ISSUE,294,MO00598
TXN003317,2025-10-29,P014,Chennai,RECEIPT,964,PO01540
TXN003318,2025-11-14,P003,Hosur,ISSUE,996,MO02261
TXN003319,2025-03-26,P036,Chengalpattu,ISSUE,516,MO01656
TXN003320,2026-03-17,P001,Hosur,RECEIPT,45,PO00658
TXN003321,2025-03-30,P039,Chengalpattu,ISSUE,730,MO01834
TXN003322,2025-02-10,P010,Hosur,ISSUE,99,MO02920
TXN003323,2025-07-18,P004,Chengalpattu,RECEIPT,659,PO00488
TXN003324,2026-04-22,P044,Chennai,RECEIPT,122,PO01101
TXN003325,2026-06-02,P022,Chengalpattu,RECEIPT,197,PO01122
TXN003326,2025-01-08,P041,Chennai,RECEIPT,172,PO01978
TXN003327,2025-12-20,P007,Coimbatore,ISSUE,864,MO01073
TXN003328,2025-06-07,P025,Chengalpattu,ISSUE,66,MO01997
TXN003329,2025-12-03,P011,Coimbatore,TRANSFER,671,TR00783
TXN003330,2026-07-22,P017,Hosur,RECEIPT,843,PO00096
TXN003331,2026-03-05,P031,Coimbatore,ISSUE,540,MO02050
TXN003332,2025-01-24,P007,Chengalpattu,TRANSFER,765,TR00368
TXN003333,2026-03-05,P032,Hosur,TRANSFER,887,TR00733
TXN003334,2025-12-27,P013,Chengalpattu,ISSUE,274,MO02225
TXN003335,2025-10-06,P037,Hosur,ISSUE,706,MO01373
TXN003336,2025-10-17,P032,Chennai,RECEIPT,18,PO00064
TXN003337,2025-01-17,P010,Hosur,ISSUE,443,MO00141
TXN003338,2026-04-20,P025,Chengalpattu,RECEIPT,832,PO01269
TXN003339,2025-06-10,P021,Hosur,ISSUE,140,MO00393
TXN003340,2025-10-22,P021,Chennai,ISSUE,425,MO02954
TXN003341,2025-01-28,P040,Coimbatore,RECEIPT,388,PO01316
TXN003342,2026-05-20,P007,Chennai,RECEIPT,98,PO01839
TXN003343,2025-06-28,P006,Coimbatore,TRANSFER,609,TR00892
TXN003344,2026-03-29,P042,Hosur,RECEIPT,97,PO01793
TXN003345,2025-09-06,P035,Hosur,RECEIPT,245,PO00251
TXN003346,2026-05-16,P030,Chennai,TRANSFER,687,TR00781
TXN003347,2025-02-28,P040,Chennai,TRANSFER,731,TR00498
TXN003348,2025-08-06,P042,Hosur,RECEIPT,527,PO01838
TXN003349,2026-08-24,P032,Hosur,RECEIPT,975,PO00589
TXN003350,2025-04-20,P039,Chennai,ISSUE,353,MO01837
TXN003351,2026-02-18,P029,Chengalpattu,ISSUE,702,MO02121
TXN003352,2025-10-10,P042,Coimbatore,ISSUE,505,MO01222
TXN003353,2025-12-07,P009,Chengalpattu,ISSUE,658,MO01358
TXN003354,2025-02-13,P011,Hosur,ISSUE,32,MO01767
TXN003355,2025-06-09,P034,Chengalpattu,TRANSFER,845,TR00207
TXN003356,2025-08-20,P045,Coimbatore,ISSUE,660,MO02472
TXN003357,2025-08-27,P038,Coimbatore,RECEIPT,334,PO00149
TXN003358,2025-08-14,P002,Chengalpattu,ISSUE,652,MO01680
TXN003359,2025-06-23,P024,Hosur,ISSUE,843,MO00205
TXN003360,2025-03-06,P002,Chengalpattu,ISSUE,117,MO01106
TXN003361,2026-08-07,P007,Hosur,TRANSFER,607,TR00816
TXN003362,2025-03-08,P010,Hosur,TRANSFER,176,TR00833
TXN003363,2026-02-07,P036,Hosur,ISSUE,758,MO02240
TXN003364,2025-03-04,P025,Chennai,TRANSFER,297,TR00245
TXN003365,2025-07-23,P024,Chengalpattu,ISSUE,646,MO01618
TXN003366,2025-07-14,P008,Chennai,TRANSFER,194,TR00184
TXN003367,2025-11-20,P026,Chennai,RECEIPT,160,PO00706
TXN003368,2025-09-11,P042,Chennai,ISSUE,283,MO02166
TXN003369,2025-02-05,P023,Chengalpattu,RECEIPT,531,PO00091
TXN003370,2025-08-05,P007,Chengalpattu,ISSUE,735,MO00098
TXN003371,2025-01-28,P042,Coimbatore,ADJUSTMENT,-33,ADJ00223
TXN003372,2025-06-25,P045,Coimbatore,ADJUSTMENT,100,ADJ00423
TXN003373,2026-02-07,P041,Coimbatore,TRANSFER,576,TR00380
TXN003374,2026-06-21,P030,Chengalpattu,ADJUSTMENT,-12,ADJ00604
TXN003375,2026-01-24,P044,Hosur,ADJUSTMENT,45,ADJ00107
TXN003376,2026-05-21,P002,Chennai,TRANSFER,121,TR00134
TXN003377,2025-09-14,P019,Chengalpattu,RECEIPT,697,PO01822
TXN003378,2025-02-17,P005,Coimbatore,ISSUE,599,MO00897
TXN003379,2025-02-25,P008,Hosur,RECEIPT,741,PO01681
TXN003380,2025-10-10,P045,Hosur,ISSUE,311,MO00997
TXN003381,2025-06-05,P020,Chengalpattu,ISSUE,888,MO01738
TXN003382,2025-04-27,P018,Chennai,ISSUE,666,MO02412
TXN003383,2026-04-11,P024,Coimbatore,ISSUE,775,MO02232
TXN003384,2025-09-29,P032,Chengalpattu,TRANSFER,691,TR00503
TXN003385,2025-12-09,P032,Coimbatore,ISSUE,700,MO00635
TXN003386,2025-05-10,P007,Coimbatore,RECEIPT,764,PO00358
TXN003387,2026-05-10,P031,Chengalpattu,RECEIPT,622,PO00482
TXN003388,2025-11-17,P005,Hosur,RECEIPT,788,PO00290
TXN003389,2026-04-20,P008,Chennai,RECEIPT,23,PO00806
TXN003390,2025-07-12,P004,Coimbatore,ISSUE,681,MO00916
TXN003391,2025-05-12,P021,Hosur,ISSUE,93,MO00861
TXN003392,2025-09-06,P007,Chennai,RECEIPT,614,PO01873
TXN003393,2025-08-25,P028,Coimbatore,ISSUE,287,MO02325
TXN003394,2025-06-18,P036,Hosur,RECEIPT,443,PO00656
TXN003395,2025-09-25,P045,Chennai,ISSUE,476,MO00253
TXN003396,2025-01-21,P039,Chennai,RECEIPT,316,PO00564
TXN003397,2025-05-03,P038,Coimbatore,ISSUE,874,MO00960
TXN003398,2026-08-23,P006,Hosur,TRANSFER,792,TR00040
TXN003399,2025-07-01,P002,Chengalpattu,ADJUSTMENT,-98,ADJ00694
TXN003400,2025-07-15,P041,Coimbatore,ISSUE,724,MO00509
TXN003401,2026-08-28,P026,Chengalpattu,ISSUE,133,MO01163
TXN003402,2025-01-15,P021,Chennai,ISSUE,747,MO01826
TXN003403,2025-12-02,P009,Chengalpattu,ISSUE,19,MO02018
TXN003404,2026-07-14,P043,Hosur,ADJUSTMENT,64,ADJ00458
TXN003405,2025-01-29,P019,Chengalpattu,ISSUE,956,MO02717
TXN003406,2026-04-24,P026,Chengalpattu,RECEIPT,519,PO00305
TXN003407,2025-08-22,P029,Chennai,RECEIPT,938,PO00458
TXN003408,2026-02-11,P038,Chengalpattu,ISSUE,841,MO01533
TXN003409,2025-07-18,P012,Chengalpattu,ISSUE,391,MO01673
TXN003410,2025-06-21,P009,Hosur,RECEIPT,86,PO00558
TXN003411,2026-06-05,P013,Hosur,ISSUE,627,MO02714
TXN003412,2025-10-22,P018,Coimbatore,ISSUE,978,MO02317
TXN003413,2026-01-11,P024,Hosur,RECEIPT,88,PO00925
TXN003414,2026-04-08,P042,Coimbatore,ISSUE,569,MO00769
TXN003415,2025-08-26,P007,Chennai,ISSUE,334,MO00106
TXN003416,2026-01-17,P030,Coimbatore,ISSUE,689,MO00261
TXN003417,2026-04-21,P020,Chennai,RECEIPT,225,PO00907
TXN003418,2026-07-29,P037,Hosur,ISSUE,642,MO00463
TXN003419,2025-06-07,P026,Hosur,ADJUSTMENT,-42,ADJ00238
TXN003420,2026-06-05,P043,Chengalpattu,RECEIPT,321,PO00059
TXN003421,2026-03-12,P018,Chengalpattu,ISSUE,146,MO02907
TXN003422,2025-09-02,P027,Chengalpattu,ISSUE,560,MO02349
TXN003423,2026-04-25,P001,Chengalpattu,TRANSFER,415,TR00165
TXN003424,2025-05-01,P022,Hosur,RECEIPT,88,PO01241
TXN003425,2025-06-12,P023,Hosur,ADJUSTMENT,69,ADJ00301
TXN003426,2026-04-08,P037,Chengalpattu,RECEIPT,670,PO00408
TXN003427,2025-11-13,P010,Coimbatore,RECEIPT,479,PO00421
TXN003428,2025-09-20,P023,Chennai,TRANSFER,426,TR00166
TXN003429,2025-08-04,P010,Chengalpattu,ISSUE,796,MO00107
TXN003430,2026-05-14,P003,Hosur,RECEIPT,230,PO01281
TXN003431,2025-07-07,P008,Hosur,RECEIPT,385,PO00819
TXN003432,2025-05-05,P032,Hosur,ISSUE,673,MO02135
TXN003433,2025-12-11,P044,Chennai,RECEIPT,760,PO01898
TXN003434,2025-10-23,P038,Coimbatore,RECEIPT,414,PO01861
TXN003435,2025-01-04,P005,Coimbatore,ISSUE,178,MO00746
TXN003436,2025-12-29,P022,Chengalpattu,RECEIPT,818,PO01741
TXN003437,2026-03-11,P032,Chengalpattu,ISSUE,273,MO00290
TXN003438,2026-02-12,P033,Coimbatore,RECEIPT,694,PO01170
TXN003439,2026-06-29,P004,Hosur,RECEIPT,497,PO00983
TXN003440,2025-08-29,P024,Chennai,TRANSFER,778,TR00223
TXN003441,2025-11-18,P008,Chennai,ISSUE,375,MO02575
TXN003442,2026-01-09,P038,Chennai,ADJUSTMENT,13,ADJ00450
TXN003443,2026-01-03,P011,Coimbatore,TRANSFER,822,TR00255
TXN003444,2025-11-30,P045,Chengalpattu,ISSUE,989,MO00565
TXN003445,2026-04-01,P043,Coimbatore,ISSUE,688,MO01091
TXN003446,2026-02-04,P004,Chengalpattu,ISSUE,287,MO02234
TXN003447,2025-08-25,P005,Chengalpattu,ISSUE,18,MO00815
TXN003448,2026-02-24,P036,Hosur,ISSUE,29,MO02396
TXN003449,2026-03-26,P022,Chengalpattu,RECEIPT,380,PO00699
TXN003450,2025-12-22,P036,Coimbatore,RECEIPT,254,PO01567
TXN003451,2025-03-22,P024,Coimbatore,ISSUE,46,MO00810
TXN003452,2026-02-20,P032,Chengalpattu,RECEIPT,979,PO00600
TXN003453,2025-08-15,P018,Coimbatore,RECEIPT,79,PO01681
TXN003454,2025-03-12,P008,Chengalpattu,RECEIPT,896,PO01221
TXN003455,2025-02-17,P027,Chengalpattu,ISSUE,435,MO01209
TXN003456,2025-11-27,P026,Coimbatore,ISSUE,330,MO01145
TXN003457,2025-06-17,P025,Coimbatore,RECEIPT,995,PO01570
TXN003458,2026-03-03,P012,Chengalpattu,ISSUE,709,MO01245
TXN003459,2025-09-04,P019,Hosur,TRANSFER,360,TR00909
TXN003460,2026-04-05,P029,Chennai,RECEIPT,128,PO01723
TXN003461,2025-07-24,P028,Hosur,ISSUE,641,MO01387
TXN003462,2025-08-02,P032,Chengalpattu,ISSUE,995,MO00956
TXN003463,2026-02-19,P024,Chengalpattu,ISSUE,8,MO02053
TXN003464,2025-09-30,P017,Hosur,RECEIPT,422,PO00265
TXN003465,2025-08-09,P017,Chengalpattu,ISSUE,369,MO02395
TXN003466,2026-02-21,P021,Chengalpattu,TRANSFER,515,TR00215
TXN003467,2026-07-13,P008,Chengalpattu,RECEIPT,428,PO00733
TXN003468,2026-02-17,P021,Hosur,ISSUE,733,MO02428
TXN003469,2025-09-13,P044,Chengalpattu,ISSUE,403,MO02472
TXN003470,2026-08-26,P025,Coimbatore,ISSUE,950,MO00173
TXN003471,2025-08-15,P002,Chengalpattu,TRANSFER,581,TR00934
TXN003472,2025-08-01,P001,Chennai,ISSUE,53,MO02672
TXN003473,2026-02-22,P030,Chengalpattu,RECEIPT,625,PO00143
TXN003474,2026-03-13,P033,Chennai,ISSUE,816,MO02591
TXN003475,2025-01-14,P017,Chengalpattu,TRANSFER,634,TR00727
TXN003476,2025-04-13,P003,Chennai,RECEIPT,866,PO00883
TXN003477,2025-05-24,P032,Chengalpattu,ISSUE,82,MO02637
TXN003478,2026-01-30,P030,Chennai,RECEIPT,513,PO01805
TXN003479,2026-08-06,P021,Chennai,ISSUE,968,MO01991
TXN003480,2025-10-14,P018,Chennai,TRANSFER,819,TR00667
TXN003481,2026-02-21,P028,Chennai,ISSUE,638,MO00041
TXN003482,2026-08-24,P031,Chennai,RECEIPT,42,PO00632
TXN003483,2025-03-31,P031,Coimbatore,ISSUE,616,MO00948
TXN003484,2026-02-03,P010,Chengalpattu,ISSUE,819,MO01798
TXN003485,2025-08-08,P009,Chennai,ISSUE,419,MO00379
TXN003486,2025-05-26,P008,Hosur,ISSUE,233,MO01395
TXN003487,2026-04-26,P011,Hosur,ISSUE,573,MO02638
TXN003488,2025-08-04,P019,Coimbatore,RECEIPT,725,PO01840
TXN003489,2025-05-15,P014,Chengalpattu,ISSUE,83,MO00391
TXN003490,2026-01-16,P010,Chengalpattu,RECEIPT,77,PO01283
TXN003491,2026-02-03,P016,Chengalpattu,RECEIPT,100,PO01525
TXN003492,2026-08-25,P043,Coimbatore,ISSUE,345,MO02058
TXN003493,2026-07-25,P042,Chengalpattu,TRANSFER,195,TR00987
TXN003494,2025-04-07,P029,Coimbatore,RECEIPT,462,PO01663
TXN003495,2026-04-28,P007,Coimbatore,ISSUE,146,MO00661
TXN003496,2025-10-24,P029,Coimbatore,ISSUE,426,MO01673
TXN003497,2026-06-22,P001,Coimbatore,RECEIPT,798,PO01186
TXN003498,2025-07-08,P025,Hosur,RECEIPT,723,PO01779
TXN003499,2025-10-06,P013,Chengalpattu,ISSUE,430,MO01649
TXN003500,2026-03-29,P008,Coimbatore,ISSUE,889,MO00851
TXN003501,2025-12-24,P013,Hosur,RECEIPT,201,PO00444
TXN003502,2025-04-11,P010,Coimbatore,RECEIPT,97,PO01689
TXN003503,2026-03-14,P032,Chennai,ISSUE,379,MO00073
TXN003504,2026-07-04,P036,Coimbatore,TRANSFER,20,TR00625
TXN003505,2025-05-16,P034,Chennai,RECEIPT,505,PO01957
TXN003506,2025-10-05,P029,Chennai,ISSUE,133,MO00750
TXN003507,2026-07-16,P018,Hosur,ISSUE,647,MO02678
TXN003508,2026-04-12,P002,Hosur,TRANSFER,628,TR00391
TXN003509,2026-08-23,P007,Chennai,TRANSFER,715,TR00361
TXN003510,2025-06-30,P005,Chengalpattu,RECEIPT,812,PO01983
TXN003511,2026-05-15,P025,Coimbatore,TRANSFER,649,TR00355
TXN003512,2025-01-30,P003,Coimbatore,ISSUE,577,MO00723
TXN003513,2026-08-12,P037,Hosur,RECEIPT,580,PO01901
TXN003514,2026-08-27,P029,Hosur,ISSUE,512,MO02136
TXN003515,2026-05-07,P024,Hosur,RECEIPT,558,PO01715
TXN003516,2026-06-04,P003,Chengalpattu,ISSUE,449,MO01801
TXN003517,2025-08-28,P036,Hosur,ISSUE,258,MO01996
TXN003518,2026-01-25,P035,Hosur,ISSUE,343,MO00773
TXN003519,2025-09-27,P003,Coimbatore,ISSUE,149,MO00811
TXN003520,2025-07-01,P008,Chennai,RECEIPT,166,PO00017
TXN003521,2025-07-08,P016,Coimbatore,ISSUE,651,MO00294
TXN003522,2026-07-03,P016,Chennai,ISSUE,431,MO01519
TXN003523,2026-05-02,P039,Coimbatore,ADJUSTMENT,-12,ADJ00209
TXN003524,2026-02-10,P002,Chennai,ISSUE,721,MO00278
TXN003525,2025-11-24,P038,Hosur,ISSUE,610,MO02906
TXN003526,2026-08-29,P026,Hosur,ISSUE,592,MO01062
TXN003527,2025-05-14,P028,Chengalpattu,ISSUE,708,MO00978
TXN003528,2026-03-01,P023,Hosur,RECEIPT,587,PO00806
TXN003529,2026-04-19,P020,Chengalpattu,ISSUE,568,MO02259
TXN003530,2025-03-14,P011,Coimbatore,ISSUE,215,MO00900
TXN003531,2025-09-28,P025,Coimbatore,TRANSFER,499,TR00354
TXN003532,2026-07-29,P043,Coimbatore,RECEIPT,372,PO00184
TXN003533,2025-03-22,P035,Hosur,ISSUE,322,MO00435
TXN003534,2025-10-20,P040,Coimbatore,RECEIPT,688,PO00888
TXN003535,2026-02-24,P003,Chengalpattu,ISSUE,927,MO02615
TXN003536,2026-04-19,P014,Coimbatore,ADJUSTMENT,43,ADJ00077
TXN003537,2025-09-20,P038,Hosur,TRANSFER,185,TR00055
TXN003538,2025-08-18,P040,Chengalpattu,RECEIPT,377,PO01310
TXN003539,2026-02-23,P028,Hosur,ISSUE,472,MO00420
TXN003540,2026-07-25,P007,Chengalpattu,ISSUE,743,MO01713
TXN003541,2025-12-21,P016,Hosur,ISSUE,204,MO01313
TXN003542,2025-06-22,P007,Hosur,RECEIPT,301,PO00600
TXN003543,2025-10-05,P006,Coimbatore,TRANSFER,663,TR00511
TXN003544,2026-08-03,P014,Hosur,ISSUE,507,MO01390
TXN003545,2025-04-21,P014,Chennai,ISSUE,875,MO02406
TXN003546,2025-01-25,P039,Coimbatore,RECEIPT,843,PO00509
TXN003547,2025-05-03,P040,Chennai,ISSUE,497,MO02103
TXN003548,2025-03-24,P001,Hosur,ISSUE,707,MO00546
TXN003549,2025-08-18,P005,Chennai,RECEIPT,283,PO00917
TXN003550,2025-07-01,P022,Coimbatore,RECEIPT,239,PO00649
TXN003551,2025-09-23,P006,Hosur,TRANSFER,187,TR00040
TXN003552,2025-09-17,P044,Chennai,ISSUE,655,MO01740
TXN003553,2025-07-19,P016,Hosur,ISSUE,711,MO02874
TXN003554,2025-10-08,P031,Coimbatore,RECEIPT,940,PO01786
TXN003555,2026-04-22,P026,Coimbatore,ISSUE,376,MO00716
TXN003556,2026-05-15,P022,Coimbatore,TRANSFER,838,TR00252
TXN003557,2026-02-13,P040,Hosur,TRANSFER,711,TR00488
TXN003558,2026-02-24,P006,Chengalpattu,ISSUE,561,MO00304
TXN003559,2025-01-07,P012,Coimbatore,RECEIPT,731,PO01613
TXN003560,2025-05-01,P023,Chennai,RECEIPT,124,PO00150
TXN003561,2025-01-01,P002,Chennai,TRANSFER,673,TR00244
TXN003562,2026-07-30,P034,Hosur,RECEIPT,299,PO00760
TXN003563,2026-05-15,P037,Chennai,RECEIPT,115,PO01831
TXN003564,2026-04-27,P018,Chennai,ISSUE,610,MO00600
TXN003565,2025-05-21,P022,Hosur,ISSUE,583,MO00137
TXN003566,2025-06-16,P002,Coimbatore,ISSUE,343,MO01434
TXN003567,2025-03-06,P020,Hosur,RECEIPT,581,PO01091
TXN003568,2026-08-26,P020,Hosur,ISSUE,115,MO00569
TXN003569,2026-05-10,P028,Hosur,RECEIPT,269,PO00941
TXN003570,2025-07-21,P013,Chengalpattu,TRANSFER,503,TR00737
TXN003571,2026-08-08,P002,Chengalpattu,TRANSFER,560,TR00018
TXN003572,2026-03-22,P002,Chengalpattu,ISSUE,340,MO01555
TXN003573,2025-09-26,P016,Chengalpattu,TRANSFER,637,TR00116
TXN003574,2025-06-13,P011,Chennai,ISSUE,583,MO02035
TXN003575,2026-01-10,P030,Hosur,RECEIPT,991,PO01018
TXN003576,2026-01-18,P013,Hosur,RECEIPT,633,PO01665
TXN003577,2026-07-04,P015,Coimbatore,ADJUSTMENT,15,ADJ00614
TXN003578,2026-02-08,P044,Hosur,TRANSFER,567,TR00304
TXN003579,2025-03-29,P035,Coimbatore,ISSUE,10,MO00308
TXN003580,2025-11-13,P042,Hosur,ISSUE,996,MO02704
TXN003581,2025-12-05,P006,Hosur,ISSUE,936,MO02296
TXN003582,2025-07-23,P043,Coimbatore,ADJUSTMENT,22,ADJ00570
TXN003583,2025-05-08,P027,Chennai,ISSUE,548,MO00822
TXN003584,2025-08-11,P024,Chennai,RECEIPT,636,PO01973
TXN003585,2025-04-06,P008,Chengalpattu,TRANSFER,107,TR00632
TXN003586,2025-02-01,P020,Coimbatore,TRANSFER,493,TR00066
TXN003587,2026-07-03,P036,Coimbatore,ISSUE,201,MO01894
TXN003588,2025-09-20,P044,Coimbatore,ISSUE,133,MO02031
TXN003589,2025-01-11,P018,Chengalpattu,TRANSFER,201,TR00945
TXN003590,2025-11-03,P018,Chennai,ISSUE,980,MO02608
TXN003591,2026-08-24,P036,Chengalpattu,ISSUE,109,MO02156
TXN003592,2025-04-22,P016,Chengalpattu,RECEIPT,295,PO01604
TXN003593,2026-07-28,P041,Chengalpattu,RECEIPT,465,PO00258
TXN003594,2026-05-16,P026,Chengalpattu,ISSUE,683,MO00210
TXN003595,2025-08-26,P033,Chennai,RECEIPT,336,PO00063
TXN003596,2026-05-15,P041,Coimbatore,ISSUE,541,MO00791
TXN003597,2025-04-22,P044,Chengalpattu,RECEIPT,873,PO00301
TXN003598,2025-05-18,P036,Chennai,ADJUSTMENT,100,ADJ00601
TXN003599,2025-06-23,P019,Coimbatore,ISSUE,602,MO01367
TXN003600,2026-06-08,P009,Chengalpattu,ISSUE,216,MO01613
TXN003601,2026-02-27,P017,Chengalpattu,RECEIPT,716,PO01447
TXN003602,2026-06-27,P042,Hosur,TRANSFER,747,TR00242
TXN003603,2026-03-11,P011,Chennai,TRANSFER,781,TR00484
TXN003604,2025-11-19,P007,Chengalpattu,TRANSFER,848,TR00474
TXN003605,2025-02-01,P026,Chengalpattu,ISSUE,177,MO02965
TXN003606,2026-04-24,P008,Hosur,RECEIPT,268,PO00597
TXN003607,2026-01-01,P021,Hosur,ISSUE,82,MO01917
TXN003608,2026-08-08,P010,Hosur,ISSUE,327,MO02590
TXN003609,2025-05-13,P010,Hosur,ADJUSTMENT,56,ADJ00559
TXN003610,2026-08-18,P013,Coimbatore,RECEIPT,419,PO00472
TXN003611,2026-07-24,P024,Chengalpattu,TRANSFER,771,TR00162
TXN003612,2026-02-25,P024,Hosur,TRANSFER,143,TR00700
TXN003613,2026-06-19,P023,Chennai,RECEIPT,867,PO01061
TXN003614,2025-04-07,P024,Chennai,RECEIPT,281,PO01134
TXN003615,2025-07-07,P027,Chengalpattu,RECEIPT,752,PO00870
TXN003616,2026-01-28,P017,Hosur,RECEIPT,837,PO01285
TXN003617,2026-04-29,P033,Hosur,TRANSFER,304,TR00624
TXN003618,2025-07-03,P041,Chengalpattu,ISSUE,405,MO02847
TXN003619,2025-01-08,P037,Coimbatore,RECEIPT,705,PO01342
TXN003620,2026-01-02,P039,Coimbatore,RECEIPT,489,PO00689
TXN003621,2025-04-24,P029,Hosur,RECEIPT,692,PO00706
TXN003622,2025-11-19,P024,Hosur,RECEIPT,936,PO01797
TXN003623,2025-06-14,P018,Chengalpattu,RECEIPT,252,PO01803
TXN003624,2025-03-18,P011,Hosur,ISSUE,374,MO00628
TXN003625,2025-09-01,P026,Coimbatore,ISSUE,341,MO02951
TXN003626,2026-03-24,P022,Chengalpattu,ISSUE,97,MO01355
TXN003627,2025-03-18,P021,Chennai,ISSUE,896,MO00549
TXN003628,2025-05-15,P003,Chennai,TRANSFER,654,TR00254
TXN003629,2026-05-14,P044,Coimbatore,ISSUE,613,MO02532
TXN003630,2026-08-02,P019,Coimbatore,ISSUE,4,MO02049
TXN003631,2026-04-05,P023,Chennai,ISSUE,266,MO01162
TXN003632,2025-09-19,P012,Chengalpattu,ISSUE,728,MO00633
TXN003633,2025-12-27,P004,Chennai,TRANSFER,320,TR00222
TXN003634,2026-08-06,P019,Hosur,RECEIPT,489,PO01896
TXN003635,2026-04-09,P017,Hosur,ISSUE,700,MO02500
TXN003636,2025-09-13,P029,Hosur,RECEIPT,150,PO00127
TXN003637,2026-02-01,P028,Coimbatore,ISSUE,923,MO02450
TXN003638,2025-05-19,P041,Chennai,RECEIPT,103,PO01266
TXN003639,2025-08-12,P022,Hosur,TRANSFER,270,TR00825
TXN003640,2025-12-31,P037,Hosur,RECEIPT,232,PO00458
TXN003641,2025-07-26,P032,Chengalpattu,ISSUE,520,MO01467
TXN003642,2025-06-07,P002,Chennai,ISSUE,872,MO02147
TXN003643,2026-08-08,P006,Chengalpattu,TRANSFER,991,TR00401
TXN003644,2026-07-14,P017,Coimbatore,TRANSFER,279,TR00710
TXN003645,2026-01-03,P007,Coimbatore,ISSUE,744,MO00618
TXN003646,2026-05-15,P004,Hosur,TRANSFER,308,TR00493
TXN003647,2025-11-24,P038,Coimbatore,ADJUSTMENT,89,ADJ00637
TXN003648,2025-01-31,P013,Coimbatore,RECEIPT,333,PO00076
TXN003649,2025-07-09,P001,Chennai,RECEIPT,489,PO01913
TXN003650,2025-08-03,P007,Chengalpattu,ISSUE,856,MO02701
TXN003651,2025-09-26,P007,Hosur,ISSUE,551,MO01559
TXN003652,2025-05-22,P011,Hosur,ISSUE,145,MO02840
TXN003653,2025-04-22,P027,Hosur,RECEIPT,214,PO01674
TXN003654,2025-01-07,P016,Chengalpattu,ISSUE,858,MO01549
TXN003655,2026-02-20,P017,Hosur,ISSUE,784,MO01007
TXN003656,2026-03-04,P024,Hosur,RECEIPT,808,PO01005
TXN003657,2026-04-13,P033,Hosur,ISSUE,319,MO00527
TXN003658,2025-11-17,P004,Chengalpattu,TRANSFER,739,TR00044
TXN003659,2025-03-24,P010,Chennai,ISSUE,543,MO00322
TXN003660,2026-03-25,P043,Hosur,TRANSFER,239,TR00490
TXN003661,2025-06-29,P023,Chennai,RECEIPT,932,PO00385
TXN003662,2025-03-16,P010,Coimbatore,ISSUE,344,MO01738
TXN003663,2025-06-20,P011,Hosur,RECEIPT,406,PO01852
TXN003664,2025-03-03,P005,Coimbatore,ISSUE,327,MO01740
TXN003665,2026-08-07,P020,Coimbatore,RECEIPT,590,PO01213
TXN003666,2026-07-12,P006,Coimbatore,RECEIPT,224,PO01352
TXN003667,2025-05-22,P044,Chengalpattu,RECEIPT,585,PO00102
TXN003668,2025-03-03,P003,Chennai,ISSUE,532,MO02458
TXN003669,2025-10-28,P028,Coimbatore,ADJUSTMENT,99,ADJ00989
TXN003670,2025-12-03,P027,Hosur,ADJUSTMENT,-3,ADJ00984
TXN003671,2025-02-17,P017,Chennai,ISSUE,250,MO01250
TXN003672,2025-06-29,P003,Chennai,TRANSFER,814,TR00665
TXN003673,2026-08-29,P009,Coimbatore,TRANSFER,370,TR00245
TXN003674,2026-06-05,P029,Chengalpattu,ADJUSTMENT,84,ADJ00807
TXN003675,2025-04-06,P006,Hosur,TRANSFER,119,TR00374
TXN003676,2025-06-26,P031,Hosur,ISSUE,873,MO01773
TXN003677,2025-05-12,P011,Chennai,TRANSFER,44,TR00123
TXN003678,2026-03-15,P026,Coimbatore,ISSUE,787,MO02031
TXN003679,2025-05-17,P002,Chengalpattu,ISSUE,158,MO00056
TXN003680,2025-11-22,P030,Chengalpattu,ISSUE,640,MO01662
TXN003681,2025-11-29,P038,Chengalpattu,ISSUE,175,MO00441
TXN003682,2025-10-05,P014,Hosur,ISSUE,485,MO00595
TXN003683,2026-08-30,P042,Coimbatore,ISSUE,877,MO01730
TXN003684,2025-11-15,P042,Chengalpattu,TRANSFER,199,TR00796
TXN003685,2026-06-24,P004,Chennai,ISSUE,514,MO01041
TXN003686,2026-01-06,P007,Chengalpattu,TRANSFER,165,TR00609
TXN003687,2026-05-29,P041,Chengalpattu,RECEIPT,801,PO01868
TXN003688,2026-07-28,P008,Chennai,ISSUE,811,MO02757
TXN003689,2025-07-07,P031,Coimbatore,ISSUE,63,MO00820
TXN003690,2026-06-17,P021,Hosur,RECEIPT,299,PO00201
TXN003691,2025-03-28,P034,Chengalpattu,ISSUE,31,MO01145
TXN003692,2026-05-11,P019,Hosur,ISSUE,924,MO01170
TXN003693,2025-09-20,P038,Chennai,RECEIPT,293,PO01453
TXN003694,2025-04-28,P025,Chengalpattu,ISSUE,270,MO02903
TXN003695,2025-06-16,P005,Chengalpattu,ISSUE,300,MO02076
TXN003696,2025-06-05,P010,Chengalpattu,ISSUE,324,MO01145
TXN003697,2026-07-15,P017,Chengalpattu,RECEIPT,164,PO01086
TXN003698,2025-12-12,P010,Hosur,ISSUE,150,MO01912
TXN003699,2025-12-20,P039,Chennai,TRANSFER,514,TR00309
TXN003700,2026-04-23,P017,Coimbatore,ISSUE,414,MO00587
TXN003701,2026-03-26,P032,Hosur,ISSUE,496,MO02563
TXN003702,2025-02-21,P036,Coimbatore,ISSUE,263,MO02181
TXN003703,2025-01-16,P038,Chennai,ISSUE,741,MO00195
TXN003704,2025-05-01,P005,Coimbatore,ISSUE,499,MO00832
TXN003705,2026-06-18,P028,Chennai,RECEIPT,371,PO01206
TXN003706,2025-08-19,P022,Chennai,RECEIPT,809,PO01372
TXN003707,2025-10-05,P027,Chennai,RECEIPT,749,PO01712
TXN003708,2026-04-09,P034,Chennai,RECEIPT,754,PO01841
TXN003709,2025-01-21,P045,Hosur,RECEIPT,282,PO00761
TXN003710,2025-10-12,P031,Coimbatore,TRANSFER,532,TR00532
TXN003711,2025-04-30,P001,Hosur,ISSUE,97,MO02168
TXN003712,2026-05-31,P035,Chennai,RECEIPT,393,PO01167
TXN003713,2025-08-08,P032,Hosur,TRANSFER,839,TR00160
TXN003714,2025-02-01,P018,Coimbatore,RECEIPT,777,PO00334
TXN003715,2025-12-18,P012,Chengalpattu,RECEIPT,339,PO00926
TXN003716,2025-04-03,P030,Hosur,ISSUE,792,MO02406
TXN003717,2025-01-01,P028,Chengalpattu,RECEIPT,555,PO00311
TXN003718,2026-02-21,P005,Chengalpattu,TRANSFER,708,TR00998
TXN003719,2025-12-06,P044,Chennai,RECEIPT,858,PO01359
TXN003720,2026-02-22,P034,Coimbatore,TRANSFER,468,TR00143
TXN003721,2025-07-31,P004,Chennai,ISSUE,317,MO00185
TXN003722,2025-08-27,P012,Chengalpattu,ISSUE,805,MO01415
TXN003723,2025-10-04,P020,Coimbatore,ISSUE,957,MO01006
TXN003724,2026-05-23,P031,Hosur,RECEIPT,976,PO01099
TXN003725,2025-05-22,P023,Chennai,ISSUE,590,MO02370
TXN003726,2025-05-26,P042,Chennai,ISSUE,54,MO02325
TXN003727,2026-05-31,P002,Coimbatore,ISSUE,499,MO01335
TXN003728,2025-08-27,P036,Chengalpattu,RECEIPT,144,PO01398
TXN003729,2025-07-16,P045,Chengalpattu,TRANSFER,382,TR00581
TXN003730,2025-06-13,P026,Coimbatore,RECEIPT,606,PO01273
TXN003731,2026-05-27,P003,Coimbatore,ISSUE,597,MO00536
TXN003732,2026-04-05,P016,Chennai,RECEIPT,78,PO00434
TXN003733,2025-12-05,P023,Chengalpattu,ISSUE,988,MO00169
TXN003734,2026-08-02,P045,Chennai,ISSUE,229,MO01185
TXN003735,2025-04-21,P031,Hosur,ISSUE,657,MO01245
TXN003736,2025-12-20,P038,Chengalpattu,RECEIPT,474,PO00909
TXN003737,2025-06-02,P009,Chennai,ISSUE,239,MO00663
TXN003738,2025-06-07,P037,Chennai,ISSUE,971,MO01505
TXN003739,2025-07-22,P031,Chengalpattu,RECEIPT,229,PO00152
TXN003740,2025-12-26,P033,Chengalpattu,TRANSFER,540,TR00811
TXN003741,2025-09-02,P018,Hosur,ISSUE,219,MO00291
TXN003742,2026-04-27,P002,Chengalpattu,ISSUE,792,MO00511
TXN003743,2026-06-09,P003,Hosur,ISSUE,356,MO00356
TXN003744,2025-03-08,P026,Coimbatore,ISSUE,859,MO01747
TXN003745,2026-03-09,P042,Chennai,ADJUSTMENT,14,ADJ00787
TXN003746,2025-05-23,P027,Coimbatore,RECEIPT,740,PO00632
TXN003747,2025-03-16,P025,Chengalpattu,ISSUE,753,MO00535
TXN003748,2026-02-17,P014,Hosur,RECEIPT,415,PO00449
TXN003749,2026-03-12,P010,Hosur,RECEIPT,552,PO00705
TXN003750,2025-01-10,P031,Hosur,ISSUE,747,MO01861
TXN003751,2025-07-15,P013,Chennai,TRANSFER,74,TR00615
TXN003752,2025-06-10,P023,Coimbatore,RECEIPT,233,PO00491
TXN003753,2025-08-15,P007,Hosur,RECEIPT,273,PO00938
TXN003754,2026-04-14,P006,Coimbatore,ISSUE,729,MO01895
TXN003755,2026-03-03,P029,Chennai,ISSUE,375,MO01926
TXN003756,2026-06-17,P034,Chengalpattu,ISSUE,307,MO00675
TXN003757,2025-04-17,P038,Chengalpattu,ISSUE,400,MO01603
TXN003758,2026-03-18,P015,Chengalpattu,RECEIPT,1,PO00358
TXN003759,2026-08-27,P027,Chengalpattu,ISSUE,274,MO00856
TXN003760,2026-04-03,P007,Chengalpattu,RECEIPT,585,PO01457
TXN003761,2026-08-22,P005,Chennai,ISSUE,309,MO01760
TXN003762,2025-12-25,P019,Chengalpattu,ISSUE,36,MO01058
TXN003763,2026-02-25,P029,Hosur,RECEIPT,553,PO00767
TXN003764,2026-04-13,P002,Hosur,TRANSFER,880,TR00862
TXN003765,2025-06-25,P009,Hosur,RECEIPT,740,PO00966
TXN003766,2025-01-18,P040,Hosur,ISSUE,56,MO02967
TXN003767,2026-07-27,P024,Hosur,ISSUE,600,MO01807
TXN003768,2025-05-13,P021,Chengalpattu,ADJUSTMENT,98,ADJ00256
TXN003769,2025-10-28,P043,Coimbatore,ADJUSTMENT,-75,ADJ00535
TXN003770,2026-03-26,P031,Hosur,TRANSFER,320,TR00156
TXN003771,2026-02-26,P045,Chengalpattu,ISSUE,886,MO00930
TXN003772,2026-08-21,P035,Coimbatore,ISSUE,285,MO00572
TXN003773,2026-04-03,P015,Chennai,TRANSFER,885,TR00265
TXN003774,2025-12-24,P044,Chennai,ISSUE,203,MO02106
TXN003775,2026-01-04,P017,Hosur,RECEIPT,692,PO01442
TXN003776,2025-06-10,P037,Coimbatore,RECEIPT,200,PO01184
TXN003777,2026-02-02,P008,Chennai,ADJUSTMENT,35,ADJ00755
TXN003778,2025-10-04,P022,Coimbatore,RECEIPT,111,PO00224
TXN003779,2026-04-27,P015,Hosur,TRANSFER,189,TR00364
TXN003780,2025-10-31,P033,Chennai,TRANSFER,91,TR00392
TXN003781,2025-06-15,P029,Chennai,ISSUE,146,MO01306
TXN003782,2025-06-19,P035,Chennai,ISSUE,765,MO01370
TXN003783,2025-05-22,P004,Chengalpattu,ISSUE,897,MO01761
TXN003784,2025-12-31,P037,Chennai,ADJUSTMENT,89,ADJ00136
TXN003785,2026-07-11,P036,Chennai,RECEIPT,18,PO01891
TXN003786,2025-11-20,P017,Coimbatore,RECEIPT,595,PO00562
TXN003787,2025-06-13,P012,Coimbatore,RECEIPT,324,PO01592
TXN003788,2025-07-27,P018,Coimbatore,TRANSFER,315,TR00304
TXN003789,2025-08-12,P033,Coimbatore,ISSUE,88,MO01561
TXN003790,2025-03-07,P027,Chengalpattu,ISSUE,592,MO01447
TXN003791,2026-01-20,P041,Chennai,ISSUE,447,MO00387
TXN003792,2025-09-24,P042,Chennai,RECEIPT,790,PO01135
TXN003793,2025-06-07,P041,Chennai,ISSUE,728,MO02944
TXN003794,2025-11-24,P032,Chengalpattu,ISSUE,960,MO02742
TXN003795,2026-03-19,P045,Hosur,ISSUE,164,MO00973
TXN003796,2025-07-14,P029,Chennai,ADJUSTMENT,-12,ADJ00588
TXN003797,2025-08-29,P037,Coimbatore,ISSUE,509,MO00666
TXN003798,2025-01-31,P017,Hosur,ISSUE,223,MO01828
TXN003799,2026-07-10,P031,Hosur,TRANSFER,62,TR00713
TXN003800,2026-06-20,P005,Chennai,ADJUSTMENT,-41,ADJ00340
TXN003801,2026-06-25,P003,Hosur,RECEIPT,416,PO01491
TXN003802,2025-02-22,P011,Coimbatore,ISSUE,788,MO01256
TXN003803,2025-02-11,P033,Chengalpattu,ISSUE,333,MO01257
TXN003804,2025-02-22,P028,Coimbatore,ADJUSTMENT,78,ADJ00994
TXN003805,2026-06-11,P037,Coimbatore,TRANSFER,782,TR00679
TXN003806,2025-08-28,P037,Chennai,TRANSFER,465,TR00107
TXN003807,2025-11-05,P035,Chengalpattu,RECEIPT,727,PO00589
TXN003808,2025-12-20,P040,Chennai,ISSUE,354,MO01339
TXN003809,2026-07-13,P027,Chennai,ISSUE,5,MO02004
TXN003810,2025-03-04,P002,Chennai,ISSUE,793,MO00044
TXN003811,2025-06-05,P009,Hosur,ISSUE,478,MO00275
TXN003812,2025-08-02,P038,Hosur,ISSUE,79,MO00139
TXN003813,2025-07-17,P026,Hosur,ISSUE,785,MO02204
TXN003814,2026-04-02,P017,Coimbatore,ISSUE,522,MO02197
TXN003815,2025-04-17,P005,Hosur,TRANSFER,427,TR00395
TXN003816,2026-03-22,P002,Hosur,RECEIPT,641,PO01941
TXN003817,2026-03-16,P038,Chengalpattu,ISSUE,257,MO01814
TXN003818,2025-07-21,P007,Chengalpattu,TRANSFER,575,TR00655
TXN003819,2025-11-21,P039,Chengalpattu,TRANSFER,925,TR00623
TXN003820,2026-02-04,P036,Coimbatore,ADJUSTMENT,-60,ADJ00961
TXN003821,2025-08-28,P038,Chennai,RECEIPT,738,PO01210
TXN003822,2025-06-06,P036,Hosur,RECEIPT,225,PO01168
TXN003823,2026-04-10,P026,Coimbatore,ISSUE,132,MO00625
TXN003824,2025-11-30,P041,Coimbatore,RECEIPT,920,PO01099
TXN003825,2025-02-05,P019,Chengalpattu,ISSUE,778,MO01649
TXN003826,2025-08-29,P022,Coimbatore,TRANSFER,134,TR00732
TXN003827,2026-05-13,P033,Hosur,RECEIPT,511,PO00703
TXN003828,2026-06-29,P014,Chennai,TRANSFER,343,TR00841
TXN003829,2025-05-17,P016,Hosur,RECEIPT,835,PO00912
TXN003830,2025-07-02,P039,Chengalpattu,ISSUE,168,MO00038
TXN003831,2026-05-05,P013,Coimbatore,RECEIPT,142,PO01013
TXN003832,2025-02-11,P034,Coimbatore,ISSUE,947,MO02114
TXN003833,2026-05-17,P034,Chennai,RECEIPT,653,PO01642
TXN003834,2025-11-22,P038,Chengalpattu,ISSUE,38,MO01121
TXN003835,2025-02-26,P028,Coimbatore,ISSUE,878,MO00335
TXN003836,2025-09-11,P020,Coimbatore,RECEIPT,385,PO01480
TXN003837,2026-05-10,P032,Hosur,RECEIPT,326,PO00837
TXN003838,2026-06-25,P018,Coimbatore,ISSUE,739,MO01490
TXN003839,2025-04-27,P008,Chengalpattu,RECEIPT,207,PO01936
TXN003840,2026-08-10,P013,Chennai,TRANSFER,233,TR00929
TXN003841,2025-01-09,P031,Chengalpattu,RECEIPT,715,PO01926
TXN003842,2025-12-26,P011,Chennai,RECEIPT,176,PO00485
TXN003843,2025-06-06,P041,Chennai,ISSUE,565,MO01832
TXN003844,2026-03-22,P025,Coimbatore,RECEIPT,74,PO00096
TXN003845,2025-06-04,P015,Chennai,ISSUE,183,MO02337
TXN003846,2025-08-19,P005,Coimbatore,ISSUE,759,MO00161
TXN003847,2025-01-27,P019,Coimbatore,TRANSFER,246,TR00487
TXN003848,2026-08-14,P045,Chennai,RECEIPT,670,PO01118
TXN003849,2025-02-24,P006,Chengalpattu,ISSUE,911,MO01572
TXN003850,2025-04-22,P027,Chennai,RECEIPT,146,PO00230
TXN003851,2026-04-06,P008,Chennai,RECEIPT,807,PO01652
TXN003852,2026-03-04,P017,Hosur,RECEIPT,728,PO01156
TXN003853,2026-08-16,P035,Hosur,RECEIPT,305,PO00067
TXN003854,2025-10-04,P027,Coimbatore,RECEIPT,873,PO01608
TXN003855,2025-03-21,P028,Chengalpattu,ISSUE,57,MO02356
TXN003856,2026-08-19,P026,Hosur,ISSUE,493,MO00560
TXN003857,2025-12-15,P003,Chennai,RECEIPT,67,PO00330
TXN003858,2025-09-23,P022,Coimbatore,ISSUE,168,MO02193
TXN003859,2026-02-27,P008,Hosur,RECEIPT,786,PO00457
TXN003860,2026-05-31,P030,Chennai,RECEIPT,788,PO01820
TXN003861,2025-01-23,P019,Chennai,ISSUE,953,MO00815
TXN003862,2025-07-12,P036,Chengalpattu,ADJUSTMENT,-85,ADJ00375
TXN003863,2026-01-13,P019,Chengalpattu,ISSUE,550,MO00556
TXN003864,2025-08-14,P031,Hosur,ISSUE,819,MO02356
TXN003865,2026-06-09,P036,Chengalpattu,ISSUE,425,MO02572
TXN003866,2025-09-06,P007,Chengalpattu,RECEIPT,631,PO00569
TXN003867,2025-07-10,P009,Hosur,RECEIPT,137,PO00700
TXN003868,2025-05-11,P024,Hosur,RECEIPT,457,PO01805
TXN003869,2026-07-28,P028,Coimbatore,ISSUE,119,MO01288
TXN003870,2025-11-05,P008,Coimbatore,RECEIPT,749,PO01855
TXN003871,2026-02-07,P011,Chennai,RECEIPT,67,PO01070
TXN003872,2025-08-20,P002,Hosur,ISSUE,402,MO02956
TXN003873,2025-04-28,P045,Hosur,ISSUE,952,MO01624
TXN003874,2025-09-22,P031,Coimbatore,TRANSFER,268,TR00907
TXN003875,2025-08-05,P036,Hosur,ISSUE,431,MO01316
TXN003876,2026-04-01,P015,Hosur,ADJUSTMENT,-48,ADJ00850
TXN003877,2026-02-16,P012,Coimbatore,ISSUE,114,MO02623
TXN003878,2026-08-05,P020,Coimbatore,ADJUSTMENT,98,ADJ00876
TXN003879,2025-05-10,P003,Chennai,ISSUE,448,MO02006
TXN003880,2025-09-20,P027,Chengalpattu,ISSUE,966,MO02680
TXN003881,2026-03-21,P006,Hosur,ISSUE,622,MO00046
TXN003882,2026-01-20,P028,Chengalpattu,ISSUE,669,MO00265
TXN003883,2026-03-26,P010,Hosur,RECEIPT,976,PO00232
TXN003884,2026-04-26,P028,Hosur,ISSUE,403,MO01441
TXN003885,2026-07-09,P019,Chennai,ISSUE,733,MO01041
TXN003886,2025-02-13,P002,Chennai,TRANSFER,973,TR00901
TXN003887,2025-06-23,P037,Hosur,ISSUE,441,MO00566
TXN003888,2025-07-14,P030,Hosur,RECEIPT,409,PO00471
TXN003889,2025-05-31,P001,Hosur,ISSUE,111,MO02597
TXN003890,2025-12-10,P024,Coimbatore,ISSUE,449,MO02380
TXN003891,2025-11-30,P012,Coimbatore,ISSUE,380,MO00658
TXN003892,2025-03-30,P008,Chennai,ISSUE,333,MO02358
TXN003893,2025-12-20,P041,Chengalpattu,ISSUE,824,MO00145
TXN003894,2026-01-21,P025,Coimbatore,ISSUE,739,MO00910
TXN003895,2026-06-15,P035,Coimbatore,ISSUE,336,MO02028
TXN003896,2026-06-23,P028,Chennai,ISSUE,514,MO01274
TXN003897,2026-04-09,P023,Coimbatore,ADJUSTMENT,75,ADJ00256
TXN003898,2026-03-10,P044,Chengalpattu,ISSUE,607,MO00173
TXN003899,2026-03-15,P011,Coimbatore,ISSUE,57,MO00498
TXN003900,2026-07-15,P017,Chennai,ADJUSTMENT,62,ADJ00347
TXN003901,2025-06-28,P026,Coimbatore,ADJUSTMENT,85,ADJ00604
TXN003902,2026-05-16,P017,Hosur,TRANSFER,739,TR00933
TXN003903,2026-01-13,P004,Chengalpattu,ISSUE,877,MO01939
TXN003904,2025-11-12,P023,Hosur,RECEIPT,964,PO01209
TXN003905,2025-09-27,P012,Chennai,ISSUE,863,MO02780
TXN003906,2025-01-01,P009,Chengalpattu,ISSUE,23,MO01527
TXN003907,2026-03-01,P004,Chengalpattu,ISSUE,700,MO02066
TXN003908,2025-02-08,P034,Chennai,ISSUE,729,MO01234
TXN003909,2025-05-13,P007,Chennai,RECEIPT,449,PO00264
TXN003910,2025-08-26,P023,Coimbatore,RECEIPT,891,PO01481
TXN003911,2025-06-22,P013,Coimbatore,ADJUSTMENT,-98,ADJ00790
TXN003912,2025-03-25,P044,Chengalpattu,ISSUE,671,MO00798
TXN003913,2025-07-18,P014,Hosur,ISSUE,571,MO00234
TXN003914,2026-07-20,P001,Chengalpattu,ISSUE,446,MO02897
TXN003915,2025-06-02,P043,Chennai,ISSUE,110,MO00834
TXN003916,2026-08-18,P007,Chennai,RECEIPT,955,PO01439
TXN003917,2026-07-05,P036,Hosur,ADJUSTMENT,-88,ADJ00315
TXN003918,2025-07-03,P024,Chengalpattu,RECEIPT,35,PO01958
TXN003919,2026-04-17,P004,Coimbatore,RECEIPT,582,PO01770
TXN003920,2026-06-20,P003,Chengalpattu,ISSUE,274,MO02102
TXN003921,2026-03-19,P016,Chengalpattu,ISSUE,883,MO01442
TXN003922,2025-06-25,P031,Chennai,TRANSFER,566,TR00146
TXN003923,2026-06-15,P027,Chengalpattu,ISSUE,854,MO01395
TXN003924,2026-08-08,P039,Coimbatore,TRANSFER,815,TR00597
TXN003925,2025-05-16,P018,Hosur,ISSUE,628,MO02621
TXN003926,2025-10-26,P037,Hosur,RECEIPT,522,PO01118
TXN003927,2026-03-17,P040,Coimbatore,ISSUE,878,MO01471
TXN003928,2025-03-25,P044,Chennai,RECEIPT,209,PO00259
TXN003929,2025-10-09,P014,Hosur,RECEIPT,394,PO00418
TXN003930,2025-03-20,P005,Chengalpattu,ISSUE,869,MO01837
TXN003931,2025-12-17,P011,Chengalpattu,RECEIPT,62,PO01166
TXN003932,2026-06-11,P039,Hosur,TRANSFER,782,TR00671
TXN003933,2025-10-03,P030,Coimbatore,ISSUE,227,MO02234
TXN003934,2025-12-22,P006,Chengalpattu,RECEIPT,843,PO00392
TXN003935,2026-03-27,P015,Coimbatore,TRANSFER,420,TR00985
TXN003936,2026-08-15,P036,Chengalpattu,ISSUE,183,MO02065
TXN003937,2025-12-06,P012,Hosur,ISSUE,726,MO01934
TXN003938,2025-05-28,P038,Chengalpattu,ISSUE,566,MO00823
TXN003939,2025-09-06,P036,Coimbatore,RECEIPT,639,PO01566
TXN003940,2025-12-22,P030,Coimbatore,ISSUE,944,MO00150
TXN003941,2026-04-09,P045,Chengalpattu,ISSUE,240,MO01506
TXN003942,2025-12-01,P044,Coimbatore,ISSUE,352,MO00668
TXN003943,2025-12-02,P012,Coimbatore,ISSUE,666,MO00081
TXN003944,2025-07-04,P031,Chengalpattu,ISSUE,692,MO02746
TXN003945,2026-05-30,P031,Chennai,RECEIPT,904,PO01467
TXN003946,2025-12-23,P013,Hosur,RECEIPT,148,PO01309
TXN003947,2025-09-19,P043,Hosur,TRANSFER,574,TR00491
TXN003948,2025-09-25,P028,Coimbatore,RECEIPT,12,PO01215
TXN003949,2026-08-23,P038,Chennai,RECEIPT,844,PO01525
TXN003950,2026-03-09,P039,Chennai,ISSUE,417,MO01471
TXN003951,2025-08-28,P020,Hosur,TRANSFER,846,TR00921
TXN003952,2026-07-20,P013,Chengalpattu,ISSUE,599,MO01797
TXN003953,2025-08-04,P023,Coimbatore,TRANSFER,420,TR00709
TXN003954,2025-08-25,P038,Hosur,RECEIPT,644,PO01354
TXN003955,2026-05-02,P002,Chennai,RECEIPT,549,PO01603
TXN003956,2026-01-16,P016,Coimbatore,TRANSFER,87,TR00461
TXN003957,2026-06-09,P033,Coimbatore,RECEIPT,447,PO00300
TXN003958,2025-02-18,P033,Chennai,RECEIPT,892,PO00186
TXN003959,2025-07-13,P003,Hosur,ISSUE,103,MO01400
TXN003960,2025-09-07,P014,Chengalpattu,RECEIPT,805,PO01225
TXN003961,2025-03-24,P008,Chennai,RECEIPT,809,PO00458
TXN003962,2025-02-09,P019,Hosur,ISSUE,816,MO01540
TXN003963,2025-06-16,P002,Chengalpattu,ISSUE,261,MO01642
TXN003964,2025-05-06,P011,Hosur,TRANSFER,206,TR00140
TXN003965,2026-06-08,P011,Coimbatore,TRANSFER,136,TR00330
TXN003966,2026-05-04,P003,Chengalpattu,RECEIPT,813,PO01757
TXN003967,2026-03-25,P035,Chennai,ISSUE,635,MO01652
TXN003968,2026-04-27,P036,Hosur,RECEIPT,219,PO01343
TXN003969,2025-04-13,P016,Chennai,TRANSFER,723,TR00430
TXN003970,2025-05-05,P035,Hosur,ISSUE,565,MO00882
TXN003971,2025-09-13,P013,Hosur,ISSUE,585,MO00924
TXN003972,2026-01-27,P016,Hosur,ISSUE,658,MO01492
TXN003973,2026-07-15,P017,Chennai,RECEIPT,176,PO00466
TXN003974,2025-02-19,P023,Chennai,RECEIPT,4,PO01655
TXN003975,2025-08-11,P013,Chennai,ISSUE,870,MO01923
TXN003976,2025-03-02,P015,Coimbatore,ISSUE,356,MO00646
TXN003977,2025-12-22,P030,Chennai,TRANSFER,984,TR00870
TXN003978,2025-12-31,P018,Coimbatore,RECEIPT,608,PO00409
TXN003979,2025-08-07,P033,Coimbatore,RECEIPT,173,PO00608
TXN003980,2026-08-02,P022,Chengalpattu,ISSUE,657,MO00969
TXN003981,2025-12-06,P040,Chennai,ADJUSTMENT,4,ADJ00226
TXN003982,2025-01-16,P003,Chengalpattu,ISSUE,277,MO00333
TXN003983,2025-04-24,P028,Hosur,RECEIPT,38,PO00454
TXN003984,2025-07-24,P026,Hosur,ISSUE,878,MO00245
TXN003985,2026-05-22,P012,Chennai,RECEIPT,929,PO00924
TXN003986,2025-11-06,P016,Coimbatore,TRANSFER,808,TR00706
TXN003987,2026-04-18,P042,Hosur,ADJUSTMENT,74,ADJ00386
TXN003988,2026-02-09,P009,Hosur,RECEIPT,492,PO00357
TXN003989,2025-08-02,P003,Coimbatore,RECEIPT,98,PO00528
TXN003990,2026-06-19,P003,Hosur,TRANSFER,554,TR00549
TXN003991,2025-05-30,P041,Hosur,RECEIPT,518,PO01056
TXN003992,2025-06-26,P025,Hosur,ISSUE,61,MO01613
TXN003993,2025-01-07,P029,Coimbatore,RECEIPT,918,PO00085
TXN003994,2026-01-28,P034,Chennai,ISSUE,47,MO01522
TXN003995,2026-05-30,P023,Chengalpattu,TRANSFER,129,TR00835
TXN003996,2025-11-19,P044,Chennai,ISSUE,823,MO00543
TXN003997,2025-01-31,P020,Hosur,ISSUE,885,MO00191
TXN003998,2026-05-15,P024,Coimbatore,RECEIPT,862,PO01761
TXN003999,2026-01-10,P010,Hosur,ISSUE,701,MO00558
TXN004000,2025-04-15,P013,Chengalpattu,RECEIPT,337,PO01550
TXN004001,2026-08-01,P018,Chennai,ADJUSTMENT,-5,ADJ00058
TXN004002,2025-03-08,P007,Chengalpattu,RECEIPT,978,PO00690
TXN004003,2025-04-22,P036,Coimbatore,ISSUE,389,MO01432
TXN004004,2025-10-22,P045,Hosur,RECEIPT,112,PO01112
TXN004005,2025-10-17,P031,Chengalpattu,ISSUE,208,MO02916
TXN004006,2025-08-08,P009,Hosur,ISSUE,231,MO02850
TXN004007,2026-03-28,P009,Chennai,ISSUE,142,MO00089
TXN004008,2026-06-07,P038,Chengalpattu,RECEIPT,660,PO00951
TXN004009,2025-02-07,P015,Hosur,ISSUE,857,MO00210
TXN004010,2026-01-16,P023,Chengalpattu,TRANSFER,828,TR00537
TXN004011,2025-02-01,P002,Hosur,ISSUE,545,MO02760
TXN004012,2025-03-02,P003,Hosur,RECEIPT,553,PO01465
TXN004013,2026-01-06,P004,Coimbatore,TRANSFER,924,TR00719
TXN004014,2025-06-21,P011,Chengalpattu,ADJUSTMENT,86,ADJ00896
TXN004015,2026-06-17,P032,Chengalpattu,RECEIPT,810,PO01444
TXN004016,2025-02-02,P023,Chengalpattu,RECEIPT,69,PO00592
TXN004017,2026-01-25,P038,Chennai,RECEIPT,565,PO00160
TXN004018,2026-03-22,P023,Hosur,TRANSFER,696,TR00758
TXN004019,2025-12-05,P005,Hosur,TRANSFER,953,TR00365
TXN004020,2025-05-24,P031,Coimbatore,RECEIPT,103,PO00812
TXN004021,2025-04-29,P025,Coimbatore,RECEIPT,961,PO00029
TXN004022,2026-01-01,P043,Coimbatore,ISSUE,800,MO00475
TXN004023,2025-08-22,P007,Chengalpattu,ISSUE,55,MO00931
TXN004024,2025-03-30,P041,Chengalpattu,ADJUSTMENT,88,ADJ00318
TXN004025,2025-03-28,P037,Chennai,RECEIPT,409,PO01264
TXN004026,2025-03-11,P014,Chengalpattu,TRANSFER,739,TR00768
TXN004027,2025-10-03,P007,Chengalpattu,ISSUE,233,MO02102
TXN004028,2026-03-11,P035,Chennai,RECEIPT,625,PO00408
TXN004029,2025-12-17,P045,Chennai,ISSUE,299,MO01930
TXN004030,2026-06-10,P009,Coimbatore,RECEIPT,355,PO00621
TXN004031,2026-07-24,P006,Chennai,RECEIPT,975,PO00392
TXN004032,2025-10-15,P044,Hosur,TRANSFER,523,TR00726
TXN004033,2025-07-01,P027,Chennai,RECEIPT,850,PO01573
TXN004034,2026-07-09,P007,Chengalpattu,ISSUE,923,MO01075
TXN004035,2025-12-28,P032,Hosur,ISSUE,568,MO00878
TXN004036,2026-07-10,P040,Chengalpattu,RECEIPT,143,PO01370
TXN004037,2025-07-13,P038,Coimbatore,TRANSFER,667,TR00246
TXN004038,2025-10-04,P007,Hosur,ISSUE,72,MO01153
TXN004039,2025-08-08,P038,Hosur,TRANSFER,6,TR00751
TXN004040,2025-01-17,P013,Chengalpattu,ISSUE,585,MO00012
TXN004041,2026-05-17,P027,Coimbatore,TRANSFER,70,TR00108
TXN004042,2025-09-16,P025,Chengalpattu,ISSUE,482,MO01288
TXN004043,2026-07-08,P011,Coimbatore,TRANSFER,555,TR00125
TXN004044,2026-04-25,P016,Hosur,TRANSFER,132,TR00002
TXN004045,2025-11-27,P039,Chennai,ISSUE,577,MO00942
TXN004046,2026-01-26,P025,Coimbatore,ISSUE,834,MO02191
TXN004047,2025-03-31,P032,Hosur,ISSUE,808,MO01021
TXN004048,2026-05-09,P019,Coimbatore,RECEIPT,553,PO01877
TXN004049,2025-08-23,P003,Chennai,RECEIPT,608,PO00392
TXN004050,2025-06-25,P017,Hosur,ISSUE,52,MO01574
TXN004051,2025-07-28,P045,Chennai,TRANSFER,217,TR00536
TXN004052,2025-07-30,P021,Chennai,TRANSFER,26,TR00252
TXN004053,2025-05-30,P040,Hosur,ISSUE,583,MO02052
TXN004054,2025-03-11,P005,Hosur,RECEIPT,201,PO00308
TXN004055,2025-10-19,P014,Coimbatore,ISSUE,154,MO02972
TXN004056,2026-05-24,P025,Coimbatore,ISSUE,353,MO00005
TXN004057,2026-02-10,P020,Chengalpattu,ADJUSTMENT,-86,ADJ00273
TXN004058,2026-02-16,P023,Chennai,RECEIPT,187,PO01750
TXN004059,2026-08-17,P021,Hosur,ISSUE,401,MO02294
TXN004060,2025-02-12,P018,Chennai,RECEIPT,841,PO01747
TXN004061,2025-09-01,P003,Chennai,ISSUE,927,MO00017
TXN004062,2026-07-01,P044,Coimbatore,ISSUE,30,MO01216
TXN004063,2026-04-19,P026,Coimbatore,ISSUE,634,MO02850
TXN004064,2026-06-09,P016,Chengalpattu,TRANSFER,319,TR00230
TXN004065,2025-07-22,P041,Hosur,RECEIPT,267,PO00462
TXN004066,2026-03-04,P040,Hosur,RECEIPT,995,PO00469
TXN004067,2026-07-15,P042,Chennai,ISSUE,250,MO00331
TXN004068,2026-05-19,P008,Coimbatore,RECEIPT,546,PO00826
TXN004069,2026-06-28,P031,Chennai,ISSUE,209,MO02081
TXN004070,2025-08-14,P013,Chengalpattu,ISSUE,487,MO02227
TXN004071,2025-06-16,P028,Hosur,ISSUE,663,MO02348
TXN004072,2025-11-10,P033,Coimbatore,RECEIPT,816,PO00743
TXN004073,2025-08-03,P005,Hosur,ISSUE,935,MO02624
TXN004074,2026-07-28,P043,Coimbatore,RECEIPT,94,PO01493
TXN004075,2025-05-01,P004,Chennai,RECEIPT,50,PO00883
TXN004076,2026-01-14,P001,Chengalpattu,ISSUE,100,MO00329
TXN004077,2026-07-21,P044,Hosur,ISSUE,939,MO00996
TXN004078,2026-02-14,P003,Hosur,ISSUE,129,MO00108
TXN004079,2025-03-09,P024,Chennai,ISSUE,944,MO02704
TXN004080,2026-05-19,P009,Chennai,ISSUE,982,MO02027
TXN004081,2026-08-03,P022,Coimbatore,ISSUE,447,MO01598
TXN004082,2026-07-18,P002,Chennai,ISSUE,628,MO01917
TXN004083,2025-06-12,P025,Coimbatore,ISSUE,977,MO01356
TXN004084,2026-04-13,P012,Hosur,ADJUSTMENT,-30,ADJ00106
TXN004085,2026-03-20,P010,Coimbatore,TRANSFER,113,TR00030
TXN004086,2025-02-15,P020,Chennai,ISSUE,171,MO00757
TXN004087,2025-11-06,P038,Coimbatore,RECEIPT,35,PO00564
TXN004088,2026-03-11,P004,Chennai,RECEIPT,538,PO00225
TXN004089,2026-02-18,P021,Chennai,RECEIPT,95,PO01249
TXN004090,2025-03-07,P022,Chennai,TRANSFER,397,TR00959
TXN004091,2026-07-25,P030,Chennai,ISSUE,696,MO00180
TXN004092,2025-03-09,P001,Chengalpattu,RECEIPT,939,PO01353
TXN004093,2025-02-11,P038,Coimbatore,ISSUE,543,MO02822
TXN004094,2025-09-01,P011,Chennai,ISSUE,862,MO01792
TXN004095,2026-08-21,P004,Coimbatore,ADJUSTMENT,-79,ADJ00509
TXN004096,2025-10-30,P021,Chengalpattu,RECEIPT,671,PO01011
TXN004097,2025-07-03,P018,Chennai,RECEIPT,657,PO01574
TXN004098,2026-04-19,P011,Chengalpattu,RECEIPT,946,PO00267
TXN004099,2025-01-01,P035,Chennai,ISSUE,807,MO00548
TXN004100,2026-06-27,P012,Chengalpattu,RECEIPT,127,PO01798
TXN004101,2025-05-30,P009,Chennai,ISSUE,31,MO00612
TXN004102,2025-09-14,P024,Hosur,RECEIPT,940,PO01081
TXN004103,2025-07-24,P040,Chennai,ISSUE,24,MO02541
TXN004104,2025-04-13,P033,Hosur,ISSUE,60,MO01110
TXN004105,2026-08-19,P041,Coimbatore,RECEIPT,970,PO00202
TXN004106,2025-06-05,P002,Chennai,RECEIPT,973,PO00399
TXN004107,2026-06-15,P029,Chengalpattu,TRANSFER,480,TR00587
TXN004108,2025-09-28,P022,Chennai,RECEIPT,960,PO01124
TXN004109,2026-06-13,P001,Coimbatore,RECEIPT,354,PO01652
TXN004110,2025-11-19,P018,Hosur,RECEIPT,563,PO01596
TXN004111,2025-01-28,P035,Coimbatore,ISSUE,766,MO01255
TXN004112,2025-09-28,P033,Chengalpattu,ISSUE,851,MO02076
TXN004113,2025-03-23,P008,Chengalpattu,RECEIPT,88,PO01414
TXN004114,2026-03-27,P028,Coimbatore,RECEIPT,433,PO00374
TXN004115,2026-01-25,P018,Coimbatore,ISSUE,218,MO01132
TXN004116,2025-12-15,P027,Hosur,RECEIPT,788,PO01546
TXN004117,2025-01-14,P042,Chengalpattu,ISSUE,612,MO01211
TXN004118,2025-12-07,P044,Chengalpattu,RECEIPT,328,PO01703
TXN004119,2025-01-25,P005,Chennai,RECEIPT,529,PO00426
TXN004120,2025-11-09,P043,Chengalpattu,RECEIPT,584,PO01294
TXN004121,2025-08-11,P030,Coimbatore,ISSUE,75,MO02150
TXN004122,2025-06-22,P045,Chennai,ISSUE,4,MO01684
TXN004123,2025-06-16,P024,Hosur,ISSUE,300,MO02017
TXN004124,2025-06-24,P022,Chengalpattu,RECEIPT,159,PO01408
TXN004125,2026-03-07,P019,Coimbatore,ISSUE,710,MO01672
TXN004126,2025-01-13,P017,Hosur,ISSUE,567,MO01880
TXN004127,2025-03-12,P038,Chennai,TRANSFER,956,TR00780
TXN004128,2025-09-29,P011,Chennai,ISSUE,902,MO01038
TXN004129,2026-02-19,P022,Chengalpattu,ADJUSTMENT,68,ADJ00888
TXN004130,2025-10-27,P014,Hosur,ISSUE,951,MO01351
TXN004131,2025-12-08,P044,Coimbatore,ISSUE,765,MO01703
TXN004132,2026-06-16,P005,Chengalpattu,ISSUE,894,MO00864
TXN004133,2025-09-18,P022,Hosur,RECEIPT,306,PO00809
TXN004134,2026-03-17,P034,Chengalpattu,RECEIPT,933,PO00903
TXN004135,2026-01-27,P028,Coimbatore,RECEIPT,696,PO01737
TXN004136,2025-12-20,P022,Hosur,ISSUE,867,MO01419
TXN004137,2026-05-28,P042,Chengalpattu,RECEIPT,558,PO01266
TXN004138,2026-05-30,P044,Coimbatore,ISSUE,654,MO02946
TXN004139,2025-10-29,P013,Chengalpattu,RECEIPT,170,PO00646
TXN004140,2025-10-24,P015,Coimbatore,RECEIPT,455,PO01081
TXN004141,2025-06-25,P018,Coimbatore,RECEIPT,63,PO00551
TXN004142,2026-03-25,P019,Chennai,TRANSFER,226,TR00443
TXN004143,2025-04-17,P022,Chengalpattu,ISSUE,444,MO01725
TXN004144,2025-09-29,P011,Chennai,ISSUE,547,MO01444
TXN004145,2026-05-24,P009,Coimbatore,ADJUSTMENT,21,ADJ00417
TXN004146,2026-04-25,P019,Coimbatore,ISSUE,150,MO00707
TXN004147,2025-06-02,P044,Chengalpattu,RECEIPT,17,PO00551
TXN004148,2026-02-27,P024,Chengalpattu,RECEIPT,280,PO00422
TXN004149,2025-12-21,P012,Chennai,ISSUE,582,MO00378
TXN004150,2025-08-21,P036,Chengalpattu,RECEIPT,480,PO00154
TXN004151,2026-08-20,P033,Chengalpattu,RECEIPT,557,PO01527
TXN004152,2026-07-06,P015,Coimbatore,TRANSFER,430,TR00182
TXN004153,2026-07-04,P016,Chennai,ISSUE,868,MO00420
TXN004154,2026-06-26,P044,Chengalpattu,RECEIPT,495,PO01290
TXN004155,2025-02-23,P031,Chennai,ISSUE,609,MO01985
TXN004156,2026-08-26,P002,Chengalpattu,RECEIPT,89,PO00320
TXN004157,2025-08-22,P039,Chengalpattu,TRANSFER,921,TR00337
TXN004158,2025-06-29,P025,Chennai,TRANSFER,76,TR00656
TXN004159,2025-02-24,P017,Chennai,RECEIPT,701,PO00863
TXN004160,2025-10-04,P010,Chennai,ISSUE,578,MO01672
TXN004161,2025-02-12,P045,Coimbatore,ISSUE,361,MO01252
TXN004162,2025-11-03,P027,Coimbatore,ISSUE,750,MO02616
TXN004163,2025-05-10,P033,Chengalpattu,RECEIPT,394,PO01175
TXN004164,2025-01-17,P014,Hosur,ISSUE,594,MO01038
TXN004165,2026-06-28,P013,Coimbatore,ISSUE,23,MO02662
TXN004166,2025-04-14,P031,Hosur,ISSUE,382,MO01479
TXN004167,2026-08-06,P001,Chengalpattu,ISSUE,274,MO00452
TXN004168,2025-04-17,P018,Chennai,RECEIPT,660,PO00907
TXN004169,2026-05-11,P014,Hosur,ISSUE,972,MO00362
TXN004170,2026-02-10,P043,Coimbatore,ISSUE,377,MO01346
TXN004171,2025-09-27,P015,Hosur,RECEIPT,537,PO01124
TXN004172,2026-03-14,P022,Coimbatore,ISSUE,19,MO02273
TXN004173,2026-01-29,P007,Hosur,ISSUE,226,MO02960
TXN004174,2026-07-14,P011,Hosur,ISSUE,651,MO01004
TXN004175,2026-04-02,P034,Chengalpattu,RECEIPT,722,PO01555
TXN004176,2025-12-18,P011,Hosur,ISSUE,976,MO01686
TXN004177,2026-05-24,P027,Hosur,RECEIPT,188,PO00735
TXN004178,2026-03-22,P008,Chennai,TRANSFER,25,TR00508
TXN004179,2026-08-19,P040,Chengalpattu,ISSUE,285,MO00684
TXN004180,2025-02-24,P037,Chennai,ISSUE,977,MO00781
TXN004181,2026-07-13,P015,Coimbatore,ISSUE,246,MO02551
TXN004182,2026-05-05,P029,Coimbatore,ISSUE,780,MO01037
TXN004183,2025-07-17,P010,Coimbatore,RECEIPT,243,PO00507
TXN004184,2026-03-05,P010,Hosur,ISSUE,791,MO01768
TXN004185,2026-03-11,P022,Hosur,TRANSFER,233,TR00111
TXN004186,2025-09-30,P028,Chengalpattu,ISSUE,598,MO02855
TXN004187,2025-03-18,P027,Chengalpattu,RECEIPT,690,PO00490
TXN004188,2026-07-25,P035,Chennai,ISSUE,196,MO00619
TXN004189,2025-02-03,P014,Chennai,ISSUE,295,MO01275
TXN004190,2025-06-29,P041,Coimbatore,TRANSFER,622,TR00228
TXN004191,2025-11-23,P030,Coimbatore,ISSUE,154,MO00619
TXN004192,2025-03-11,P013,Chengalpattu,RECEIPT,543,PO01117
TXN004193,2026-08-11,P010,Hosur,TRANSFER,63,TR00612
TXN004194,2025-03-15,P014,Chengalpattu,ADJUSTMENT,91,ADJ00542
TXN004195,2025-02-08,P011,Coimbatore,RECEIPT,55,PO01052
TXN004196,2025-07-28,P030,Chennai,ISSUE,587,MO02897
TXN004197,2026-01-28,P032,Chengalpattu,ISSUE,941,MO02492
TXN004198,2025-07-17,P011,Chengalpattu,ADJUSTMENT,15,ADJ00445
TXN004199,2025-11-01,P034,Hosur,ISSUE,339,MO00529
TXN004200,2026-02-23,P040,Chengalpattu,ISSUE,974,MO02353
TXN004201,2025-09-09,P023,Chengalpattu,ISSUE,728,MO00126
TXN004202,2025-10-31,P002,Chengalpattu,ISSUE,904,MO02896
TXN004203,2026-05-26,P040,Chengalpattu,RECEIPT,207,PO00574
TXN004204,2026-07-07,P027,Coimbatore,TRANSFER,201,TR00611
TXN004205,2025-05-17,P024,Chengalpattu,ISSUE,130,MO01219
TXN004206,2025-03-10,P041,Chennai,TRANSFER,458,TR00540
TXN004207,2025-01-16,P038,Hosur,RECEIPT,990,PO01960
TXN004208,2025-08-29,P018,Chennai,ISSUE,58,MO02008
TXN004209,2025-01-14,P041,Chennai,TRANSFER,359,TR00377
TXN004210,2026-02-19,P015,Chennai,ISSUE,394,MO00729
TXN004211,2025-01-18,P037,Chennai,RECEIPT,728,PO01855
TXN004212,2025-06-04,P024,Chengalpattu,TRANSFER,567,TR00487
TXN004213,2025-12-25,P011,Coimbatore,RECEIPT,368,PO01644
TXN004214,2026-04-28,P006,Coimbatore,TRANSFER,947,TR00852
TXN004215,2025-05-23,P045,Chengalpattu,RECEIPT,400,PO01121
TXN004216,2025-08-19,P008,Coimbatore,ISSUE,939,MO02973
TXN004217,2026-03-29,P044,Chennai,ISSUE,316,MO01346
TXN004218,2025-03-15,P043,Hosur,TRANSFER,453,TR00047
TXN004219,2026-06-18,P040,Chengalpattu,RECEIPT,17,PO01236
TXN004220,2025-12-20,P035,Coimbatore,ISSUE,305,MO01623
TXN004221,2026-05-24,P039,Chennai,TRANSFER,712,TR00395
TXN004222,2025-06-26,P007,Chennai,ISSUE,406,MO02349
TXN004223,2025-01-21,P027,Coimbatore,RECEIPT,711,PO00701
TXN004224,2026-04-25,P019,Chengalpattu,ISSUE,443,MO00096
TXN004225,2026-08-17,P004,Hosur,ISSUE,640,MO01157
TXN004226,2025-04-22,P029,Coimbatore,TRANSFER,715,TR00170
TXN004227,2025-12-03,P007,Coimbatore,ISSUE,138,MO01618
TXN004228,2025-01-03,P045,Chengalpattu,RECEIPT,571,PO00116
TXN004229,2026-04-28,P041,Coimbatore,RECEIPT,401,PO01225
TXN004230,2025-08-04,P012,Coimbatore,ISSUE,636,MO00585
TXN004231,2026-04-14,P040,Hosur,RECEIPT,418,PO00027
TXN004232,2025-04-08,P001,Hosur,RECEIPT,279,PO01964
TXN004233,2025-07-26,P010,Chennai,ISSUE,864,MO01870
TXN004234,2025-08-27,P002,Chennai,RECEIPT,250,PO01607
TXN004235,2026-04-08,P014,Chennai,ISSUE,783,MO01937
TXN004236,2025-07-02,P029,Chengalpattu,ISSUE,699,MO02693
TXN004237,2026-02-23,P029,Chengalpattu,ISSUE,74,MO00024
TXN004238,2025-12-05,P009,Hosur,ISSUE,947,MO02005
TXN004239,2025-03-29,P030,Hosur,ISSUE,877,MO00571
TXN004240,2025-09-27,P024,Coimbatore,TRANSFER,819,TR00651
TXN004241,2025-12-02,P013,Chengalpattu,ISSUE,636,MO01210
TXN004242,2026-07-19,P036,Chennai,ISSUE,668,MO01298
TXN004243,2025-04-08,P010,Hosur,RECEIPT,241,PO00557
TXN004244,2025-04-24,P025,Chennai,ISSUE,487,MO01265
TXN004245,2025-11-08,P045,Chengalpattu,RECEIPT,138,PO01687
TXN004246,2025-10-26,P013,Chengalpattu,RECEIPT,562,PO00262
TXN004247,2026-02-27,P012,Chennai,ISSUE,396,MO02020
TXN004248,2025-06-18,P014,Hosur,ISSUE,266,MO02356
TXN004249,2026-03-17,P014,Chennai,ISSUE,673,MO02439
TXN004250,2026-08-09,P006,Coimbatore,RECEIPT,335,PO01424
TXN004251,2025-04-29,P011,Chengalpattu,ISSUE,996,MO00470
TXN004252,2026-05-15,P024,Chennai,ISSUE,70,MO00694
TXN004253,2025-06-30,P025,Chengalpattu,ISSUE,996,MO01221
TXN004254,2025-05-20,P023,Hosur,ISSUE,862,MO01689
TXN004255,2026-07-15,P001,Coimbatore,ISSUE,854,MO02358
TXN004256,2025-12-27,P018,Chengalpattu,ISSUE,69,MO02710
TXN004257,2025-02-01,P015,Coimbatore,ISSUE,979,MO00621
TXN004258,2025-09-05,P019,Chennai,TRANSFER,620,TR00882
TXN004259,2025-12-18,P031,Hosur,RECEIPT,985,PO01506
TXN004260,2025-08-22,P028,Chennai,RECEIPT,168,PO00743
TXN004261,2025-07-09,P030,Chennai,RECEIPT,633,PO01452
TXN004262,2025-08-11,P001,Hosur,TRANSFER,492,TR00011
TXN004263,2025-11-06,P013,Chennai,RECEIPT,749,PO01058
TXN004264,2026-07-28,P025,Chengalpattu,RECEIPT,825,PO01763
TXN004265,2025-05-13,P041,Chennai,RECEIPT,844,PO00989
TXN004266,2025-01-30,P003,Chengalpattu,RECEIPT,969,PO00298
TXN004267,2025-12-06,P015,Hosur,TRANSFER,861,TR00448
TXN004268,2026-06-24,P040,Chengalpattu,RECEIPT,485,PO00077
TXN004269,2025-04-02,P032,Coimbatore,ADJUSTMENT,-84,ADJ00466
TXN004270,2025-11-25,P032,Chennai,TRANSFER,285,TR00947
TXN004271,2025-04-19,P045,Chennai,RECEIPT,415,PO00092
TXN004272,2025-08-28,P012,Chengalpattu,ISSUE,435,MO02260
TXN004273,2026-04-13,P010,Hosur,TRANSFER,170,TR00819
TXN004274,2025-03-14,P022,Coimbatore,ISSUE,147,MO00317
TXN004275,2025-09-12,P026,Hosur,RECEIPT,351,PO00547
TXN004276,2025-05-14,P036,Chengalpattu,ISSUE,948,MO00436
TXN004277,2025-05-15,P035,Hosur,ISSUE,843,MO00523
TXN004278,2025-07-10,P038,Chengalpattu,TRANSFER,453,TR00344
TXN004279,2026-01-03,P018,Hosur,ISSUE,741,MO00993
TXN004280,2025-01-21,P037,Hosur,RECEIPT,549,PO00246
TXN004281,2025-08-20,P026,Hosur,ADJUSTMENT,-31,ADJ00800
TXN004282,2025-09-02,P038,Chengalpattu,ISSUE,387,MO02737
TXN004283,2025-01-22,P007,Hosur,RECEIPT,19,PO01311
TXN004284,2026-07-06,P012,Coimbatore,ISSUE,679,MO00603
TXN004285,2025-12-01,P044,Chennai,TRANSFER,652,TR00751
TXN004286,2025-05-27,P030,Coimbatore,RECEIPT,210,PO00670
TXN004287,2025-12-18,P042,Chennai,RECEIPT,163,PO01843
TXN004288,2025-01-10,P020,Coimbatore,ISSUE,353,MO00183
TXN004289,2025-11-29,P042,Hosur,ISSUE,258,MO00211
TXN004290,2026-05-01,P015,Coimbatore,ISSUE,770,MO01075
TXN004291,2025-11-06,P012,Hosur,ISSUE,399,MO02182
TXN004292,2026-07-23,P015,Coimbatore,RECEIPT,502,PO00946
TXN004293,2026-04-17,P045,Coimbatore,RECEIPT,149,PO01265
TXN004294,2025-03-04,P016,Chengalpattu,ISSUE,733,MO02638
TXN004295,2026-04-24,P017,Chengalpattu,RECEIPT,114,PO01906
TXN004296,2025-08-25,P017,Chengalpattu,RECEIPT,476,PO01996
TXN004297,2026-05-25,P019,Hosur,ISSUE,165,MO02325
TXN004298,2025-09-14,P044,Chengalpattu,ISSUE,141,MO00686
TXN004299,2026-06-03,P032,Chennai,ISSUE,51,MO01527
TXN004300,2025-12-22,P023,Hosur,RECEIPT,318,PO01690
TXN004301,2025-02-13,P017,Chengalpattu,RECEIPT,593,PO01702
TXN004302,2025-01-14,P044,Hosur,ISSUE,357,MO01507
TXN004303,2026-08-14,P017,Coimbatore,TRANSFER,194,TR00997
TXN004304,2026-02-01,P040,Chengalpattu,TRANSFER,107,TR00017
TXN004305,2026-05-14,P027,Chennai,ISSUE,525,MO01783
TXN004306,2026-08-16,P004,Coimbatore,ISSUE,350,MO01465
TXN004307,2025-04-04,P033,Hosur,ISSUE,723,MO02044
TXN004308,2025-08-02,P029,Chennai,ADJUSTMENT,-87,ADJ00192
TXN004309,2026-07-09,P002,Hosur,ISSUE,693,MO02435
TXN004310,2025-07-22,P010,Chengalpattu,ISSUE,447,MO02948
TXN004311,2025-06-27,P034,Chengalpattu,ISSUE,663,MO00829
TXN004312,2025-09-30,P026,Coimbatore,RECEIPT,534,PO00116
TXN004313,2025-04-14,P038,Chengalpattu,RECEIPT,259,PO01332
TXN004314,2025-10-29,P035,Hosur,ISSUE,560,MO02075
TXN004315,2025-10-25,P001,Coimbatore,ADJUSTMENT,4,ADJ00646
TXN004316,2026-03-15,P044,Chennai,ISSUE,340,MO02174
TXN004317,2026-03-19,P014,Hosur,ISSUE,263,MO02984
TXN004318,2026-01-29,P028,Hosur,RECEIPT,306,PO01170
TXN004319,2025-12-06,P034,Chengalpattu,RECEIPT,919,PO00352
TXN004320,2025-01-15,P037,Chennai,RECEIPT,858,PO01452
TXN004321,2025-04-17,P043,Hosur,RECEIPT,419,PO01302
TXN004322,2025-07-17,P006,Hosur,RECEIPT,704,PO00357
TXN004323,2025-07-13,P016,Chengalpattu,ISSUE,316,MO01025
TXN004324,2026-01-06,P035,Coimbatore,ISSUE,822,MO01595
TXN004325,2025-01-08,P030,Coimbatore,RECEIPT,462,PO01000
TXN004326,2025-12-26,P009,Hosur,ISSUE,971,MO01112
TXN004327,2025-05-24,P007,Chengalpattu,ISSUE,869,MO02704
TXN004328,2026-06-26,P024,Chengalpattu,RECEIPT,447,PO01409
TXN004329,2025-10-29,P036,Hosur,RECEIPT,633,PO01429
TXN004330,2026-07-16,P044,Hosur,ISSUE,780,MO00837
TXN004331,2025-09-22,P008,Chennai,ISSUE,227,MO01217
TXN004332,2025-12-25,P041,Coimbatore,ISSUE,740,MO01978
TXN004333,2026-08-16,P027,Chengalpattu,RECEIPT,13,PO01414
TXN004334,2025-01-11,P010,Chennai,RECEIPT,81,PO01285
TXN004335,2025-08-10,P035,Hosur,RECEIPT,917,PO01834
TXN004336,2025-08-09,P010,Coimbatore,RECEIPT,962,PO00349
TXN004337,2025-07-12,P013,Chengalpattu,ISSUE,956,MO01498
TXN004338,2026-02-02,P020,Coimbatore,RECEIPT,366,PO00658
TXN004339,2025-07-08,P015,Chennai,RECEIPT,918,PO01202
TXN004340,2026-08-21,P045,Chengalpattu,ISSUE,760,MO01478
TXN004341,2026-01-08,P037,Hosur,RECEIPT,465,PO00163
TXN004342,2026-04-25,P045,Chengalpattu,ISSUE,689,MO02003
TXN004343,2026-01-21,P025,Chennai,ISSUE,85,MO01732
TXN004344,2025-12-08,P018,Coimbatore,ISSUE,177,MO00657
TXN004345,2026-04-16,P007,Chengalpattu,RECEIPT,498,PO01531
TXN004346,2025-03-04,P009,Chengalpattu,ISSUE,89,MO01725
TXN004347,2026-06-22,P041,Coimbatore,TRANSFER,176,TR00364
TXN004348,2026-04-28,P042,Chennai,ISSUE,987,MO01143
TXN004349,2026-03-13,P027,Chengalpattu,TRANSFER,439,TR00888
TXN004350,2026-02-06,P012,Chengalpattu,ISSUE,586,MO00864
TXN004351,2025-08-13,P005,Chengalpattu,ADJUSTMENT,82,ADJ00550
TXN004352,2025-04-08,P029,Hosur,RECEIPT,787,PO01095
TXN004353,2025-03-31,P001,Hosur,RECEIPT,430,PO01243
TXN004354,2026-08-31,P034,Chengalpattu,ISSUE,915,MO02592
TXN004355,2025-04-30,P036,Coimbatore,TRANSFER,786,TR00652
TXN004356,2025-03-23,P038,Coimbatore,RECEIPT,448,PO01936
TXN004357,2026-02-27,P029,Chengalpattu,ISSUE,545,MO01085
TXN004358,2025-07-05,P029,Chennai,ISSUE,375,MO00072
TXN004359,2025-04-06,P033,Chennai,TRANSFER,565,TR00445
TXN004360,2025-02-20,P028,Hosur,ISSUE,377,MO00765
TXN004361,2025-06-17,P012,Chennai,RECEIPT,775,PO00331
TXN004362,2026-05-09,P040,Hosur,RECEIPT,143,PO01606
TXN004363,2025-11-24,P002,Chengalpattu,RECEIPT,604,PO01283
TXN004364,2025-12-15,P044,Chennai,ISSUE,693,MO02563
TXN004365,2026-06-30,P012,Coimbatore,ISSUE,562,MO01313
TXN004366,2026-06-29,P016,Coimbatore,ISSUE,265,MO01064
TXN004367,2025-05-16,P017,Chengalpattu,RECEIPT,599,PO01084
TXN004368,2025-09-12,P012,Chengalpattu,RECEIPT,737,PO00722
TXN004369,2025-01-17,P016,Coimbatore,ISSUE,882,MO02874
TXN004370,2026-02-27,P045,Hosur,RECEIPT,846,PO01466
TXN004371,2026-06-04,P041,Coimbatore,ISSUE,80,MO02857
TXN004372,2026-06-25,P012,Hosur,TRANSFER,272,TR00133
TXN004373,2025-05-21,P045,Chengalpattu,ISSUE,483,MO02393
TXN004374,2026-04-19,P024,Hosur,ISSUE,82,MO01108
TXN004375,2026-04-08,P003,Coimbatore,RECEIPT,849,PO01419
TXN004376,2026-03-10,P011,Coimbatore,TRANSFER,249,TR00644
TXN004377,2025-08-29,P012,Coimbatore,RECEIPT,702,PO01520
TXN004378,2026-04-08,P038,Chennai,ISSUE,801,MO01849
TXN004379,2025-03-01,P014,Chennai,RECEIPT,365,PO01264
TXN004380,2026-02-01,P013,Hosur,ADJUSTMENT,-75,ADJ00500
TXN004381,2026-01-24,P027,Chennai,ISSUE,997,MO00583
TXN004382,2025-03-07,P014,Hosur,ISSUE,639,MO01229
TXN004383,2025-05-29,P003,Chennai,RECEIPT,194,PO01704
TXN004384,2026-04-10,P028,Hosur,ADJUSTMENT,-44,ADJ00005
TXN004385,2026-03-12,P040,Chengalpattu,ISSUE,816,MO01240
TXN004386,2025-05-17,P014,Chengalpattu,TRANSFER,978,TR00612
TXN004387,2026-04-26,P029,Chengalpattu,ADJUSTMENT,15,ADJ00419
TXN004388,2025-07-21,P022,Chengalpattu,ISSUE,914,MO00152
TXN004389,2025-04-09,P005,Hosur,ISSUE,978,MO02025
TXN004390,2026-01-24,P026,Chennai,ISSUE,813,MO01398
TXN004391,2026-02-15,P008,Coimbatore,ISSUE,985,MO01494
TXN004392,2025-02-13,P021,Chennai,RECEIPT,397,PO01609
TXN004393,2026-04-21,P031,Coimbatore,TRANSFER,410,TR00580
TXN004394,2025-04-12,P028,Chennai,TRANSFER,186,TR00951
TXN004395,2026-07-27,P032,Chennai,ISSUE,18,MO00570
TXN004396,2025-04-07,P006,Chengalpattu,ISSUE,727,MO00831
TXN004397,2025-10-10,P030,Coimbatore,ISSUE,729,MO00872
TXN004398,2026-08-16,P035,Chennai,ISSUE,255,MO02115
TXN004399,2026-08-26,P004,Hosur,RECEIPT,42,PO01812
TXN004400,2025-08-22,P036,Hosur,RECEIPT,966,PO01738
TXN004401,2025-01-11,P033,Chennai,RECEIPT,624,PO00409
TXN004402,2025-03-25,P022,Chengalpattu,ISSUE,58,MO02886
TXN004403,2026-03-13,P009,Chengalpattu,RECEIPT,727,PO01680
TXN004404,2025-05-18,P041,Coimbatore,RECEIPT,716,PO00814
TXN004405,2026-04-20,P006,Coimbatore,RECEIPT,880,PO00462
TXN004406,2025-02-13,P042,Chennai,ADJUSTMENT,-18,ADJ00892
TXN004407,2026-06-03,P034,Coimbatore,RECEIPT,411,PO01365
TXN004408,2025-08-18,P041,Chengalpattu,ISSUE,18,MO02721
TXN004409,2026-02-26,P018,Hosur,ADJUSTMENT,-97,ADJ00876
TXN004410,2025-12-21,P045,Hosur,RECEIPT,360,PO01014
TXN004411,2025-07-31,P016,Chennai,ADJUSTMENT,84,ADJ00203
TXN004412,2025-06-02,P035,Chennai,ISSUE,682,MO01777
TXN004413,2026-05-11,P015,Chennai,TRANSFER,604,TR00149
TXN004414,2025-11-22,P031,Coimbatore,RECEIPT,939,PO01053
TXN004415,2026-07-11,P014,Hosur,ISSUE,581,MO00498
TXN004416,2025-12-06,P041,Coimbatore,ISSUE,308,MO02752
TXN004417,2025-08-08,P006,Coimbatore,ISSUE,397,MO01753
TXN004418,2026-05-17,P032,Chennai,TRANSFER,154,TR00992
TXN004419,2025-08-20,P028,Hosur,ISSUE,12,MO01210
TXN004420,2025-05-15,P004,Chengalpattu,ISSUE,757,MO01055
TXN004421,2026-03-07,P037,Chengalpattu,RECEIPT,382,PO00469
TXN004422,2025-07-26,P008,Chennai,RECEIPT,647,PO00447
TXN004423,2025-05-02,P018,Chennai,TRANSFER,462,TR00116
TXN004424,2026-04-24,P005,Coimbatore,ISSUE,11,MO01754
TXN004425,2025-03-01,P011,Chengalpattu,RECEIPT,650,PO00562
TXN004426,2026-05-02,P024,Chennai,ISSUE,981,MO00092
TXN004427,2025-03-16,P012,Chengalpattu,ISSUE,557,MO01409
TXN004428,2026-04-19,P043,Coimbatore,RECEIPT,911,PO01385
TXN004429,2026-01-11,P044,Chennai,ISSUE,392,MO02230
TXN004430,2025-05-14,P045,Chengalpattu,RECEIPT,865,PO00924
TXN004431,2026-05-06,P002,Hosur,RECEIPT,849,PO00841
TXN004432,2026-02-05,P022,Hosur,ADJUSTMENT,75,ADJ00428
TXN004433,2026-04-07,P024,Chengalpattu,RECEIPT,966,PO01927
TXN004434,2025-09-22,P026,Chennai,RECEIPT,735,PO00406
TXN004435,2026-04-29,P033,Chennai,RECEIPT,482,PO01261
TXN004436,2025-09-23,P031,Coimbatore,RECEIPT,528,PO01116
TXN004437,2026-01-23,P014,Coimbatore,ISSUE,926,MO01119
TXN004438,2025-02-06,P004,Coimbatore,RECEIPT,393,PO01597
TXN004439,2026-02-05,P015,Hosur,RECEIPT,823,PO00344
TXN004440,2025-06-14,P044,Hosur,RECEIPT,13,PO00025
TXN004441,2026-07-01,P030,Coimbatore,ISSUE,595,MO01333
TXN004442,2025-02-12,P038,Chengalpattu,RECEIPT,404,PO01953
TXN004443,2025-09-20,P021,Chengalpattu,TRANSFER,70,TR00661
TXN004444,2025-05-27,P025,Hosur,RECEIPT,25,PO01347
TXN004445,2025-06-24,P013,Chennai,TRANSFER,347,TR00170
TXN004446,2025-12-28,P019,Hosur,RECEIPT,721,PO01320
TXN004447,2025-10-16,P041,Chengalpattu,RECEIPT,62,PO01526
TXN004448,2026-08-23,P033,Hosur,RECEIPT,846,PO01797
TXN004449,2026-05-08,P001,Chennai,RECEIPT,433,PO00572
TXN004450,2025-06-18,P043,Chengalpattu,TRANSFER,977,TR00963
TXN004451,2025-08-03,P036,Chengalpattu,ISSUE,995,MO02673
TXN004452,2025-12-03,P043,Coimbatore,RECEIPT,359,PO01314
TXN004453,2025-12-13,P035,Chennai,ISSUE,124,MO00552
TXN004454,2026-02-26,P007,Hosur,TRANSFER,336,TR00503
TXN004455,2025-03-17,P008,Hosur,RECEIPT,466,PO00285
TXN004456,2025-09-16,P039,Hosur,ADJUSTMENT,83,ADJ00840
TXN004457,2026-01-28,P024,Chengalpattu,ISSUE,600,MO01040
TXN004458,2025-03-27,P015,Coimbatore,ADJUSTMENT,-91,ADJ00477
TXN004459,2025-08-26,P025,Chengalpattu,ADJUSTMENT,-12,ADJ00238
TXN004460,2026-05-14,P039,Chengalpattu,TRANSFER,475,TR00749
TXN004461,2025-06-11,P042,Coimbatore,ISSUE,992,MO01109
TXN004462,2025-09-10,P045,Hosur,ISSUE,7,MO02729
TXN004463,2026-08-26,P008,Chennai,RECEIPT,163,PO00318
TXN004464,2025-06-14,P039,Chennai,RECEIPT,232,PO00328
TXN004465,2025-09-07,P007,Chengalpattu,ISSUE,336,MO01308
TXN004466,2025-05-31,P045,Chengalpattu,ISSUE,798,MO01244
TXN004467,2025-12-01,P014,Coimbatore,RECEIPT,359,PO01650
TXN004468,2025-06-06,P029,Coimbatore,ISSUE,162,MO00042
TXN004469,2026-03-05,P023,Coimbatore,ISSUE,350,MO00120
TXN004470,2025-05-03,P036,Hosur,ISSUE,653,MO02969
TXN004471,2026-08-21,P041,Hosur,ISSUE,583,MO01293
TXN004472,2026-06-02,P026,Chengalpattu,TRANSFER,148,TR00844
TXN004473,2026-01-30,P002,Chennai,ISSUE,628,MO00608
TXN004474,2025-04-15,P018,Chengalpattu,RECEIPT,547,PO01745
TXN004475,2026-05-04,P023,Chennai,RECEIPT,799,PO01617
TXN004476,2025-10-30,P040,Hosur,RECEIPT,1,PO01405
TXN004477,2026-01-16,P040,Hosur,TRANSFER,666,TR00162
TXN004478,2025-05-09,P010,Hosur,TRANSFER,176,TR00409
TXN004479,2025-08-10,P008,Coimbatore,ISSUE,325,MO01440
TXN004480,2026-06-07,P019,Chennai,RECEIPT,166,PO00708
TXN004481,2025-01-13,P013,Coimbatore,RECEIPT,731,PO01281
TXN004482,2025-08-13,P010,Hosur,ISSUE,996,MO02242
TXN004483,2025-08-01,P006,Chengalpattu,ISSUE,279,MO01404
TXN004484,2026-02-14,P033,Hosur,RECEIPT,893,PO01391
TXN004485,2025-04-23,P025,Chengalpattu,ISSUE,960,MO02052
TXN004486,2026-08-25,P019,Coimbatore,TRANSFER,988,TR00767
TXN004487,2025-07-26,P033,Chennai,RECEIPT,81,PO00615
TXN004488,2025-04-13,P007,Chennai,ISSUE,240,MO00033
TXN004489,2025-10-07,P029,Chennai,RECEIPT,984,PO01778
TXN004490,2026-06-21,P002,Coimbatore,ISSUE,756,MO02783
TXN004491,2025-10-15,P025,Hosur,RECEIPT,395,PO00453
TXN004492,2025-04-21,P015,Chennai,RECEIPT,121,PO00016
TXN004493,2025-04-08,P009,Coimbatore,ISSUE,116,MO01495
TXN004494,2025-04-21,P031,Chennai,RECEIPT,352,PO01954
TXN004495,2025-10-12,P033,Chengalpattu,ISSUE,947,MO01657
TXN004496,2025-06-19,P033,Coimbatore,RECEIPT,77,PO01989
TXN004497,2025-09-27,P032,Chennai,ISSUE,216,MO01099
TXN004498,2025-02-22,P016,Hosur,TRANSFER,496,TR00948
TXN004499,2026-01-26,P016,Chennai,RECEIPT,721,PO00980
TXN004500,2025-03-24,P034,Chengalpattu,RECEIPT,186,PO01885
TXN004501,2025-12-14,P015,Coimbatore,ISSUE,423,MO02006
TXN004502,2025-11-12,P031,Coimbatore,ISSUE,676,MO00764
TXN004503,2026-07-26,P013,Chennai,ISSUE,916,MO02070
TXN004504,2025-04-20,P038,Hosur,TRANSFER,570,TR00472
TXN004505,2025-01-19,P029,Hosur,ISSUE,384,MO02021
TXN004506,2026-03-28,P020,Hosur,ISSUE,79,MO02644
TXN004507,2025-05-29,P036,Hosur,TRANSFER,10,TR00542
TXN004508,2025-06-29,P017,Chengalpattu,ISSUE,744,MO02429
TXN004509,2026-02-17,P005,Coimbatore,ISSUE,759,MO02442
TXN004510,2025-06-12,P004,Coimbatore,RECEIPT,946,PO01064
TXN004511,2026-08-13,P034,Chengalpattu,ISSUE,725,MO02864
TXN004512,2025-07-12,P034,Coimbatore,ISSUE,253,MO01814
TXN004513,2025-01-19,P042,Chengalpattu,ISSUE,40,MO01634
TXN004514,2026-03-26,P021,Chennai,TRANSFER,539,TR00685
TXN004515,2026-08-30,P016,Chennai,RECEIPT,319,PO01769
TXN004516,2025-11-19,P034,Chengalpattu,TRANSFER,488,TR00451
TXN004517,2025-11-16,P020,Coimbatore,ISSUE,165,MO02133
TXN004518,2026-04-24,P011,Chengalpattu,RECEIPT,713,PO00368
TXN004519,2026-02-12,P037,Chennai,ISSUE,345,MO02227
TXN004520,2025-11-02,P014,Chennai,RECEIPT,367,PO01060
TXN004521,2025-05-26,P035,Chennai,ISSUE,380,MO00168
TXN004522,2026-05-12,P003,Coimbatore,RECEIPT,797,PO00315
TXN004523,2026-07-14,P026,Hosur,RECEIPT,830,PO01298
TXN004524,2026-05-02,P032,Chengalpattu,TRANSFER,454,TR00443
TXN004525,2025-12-16,P009,Coimbatore,TRANSFER,824,TR00438
TXN004526,2025-12-09,P018,Chennai,RECEIPT,230,PO00023
TXN004527,2025-09-10,P021,Chengalpattu,ISSUE,404,MO02181
TXN004528,2025-03-20,P035,Hosur,ISSUE,35,MO02543
TXN004529,2025-11-24,P014,Chennai,ISSUE,967,MO02738
TXN004530,2026-02-18,P004,Chengalpattu,TRANSFER,294,TR00547
TXN004531,2025-10-20,P009,Chengalpattu,RECEIPT,85,PO00909
TXN004532,2025-02-25,P003,Chennai,ISSUE,472,MO01676
TXN004533,2026-04-17,P020,Hosur,ISSUE,909,MO01605
TXN004534,2026-02-19,P015,Hosur,RECEIPT,821,PO00888
TXN004535,2025-07-14,P040,Chengalpattu,RECEIPT,922,PO01037
TXN004536,2026-07-11,P028,Hosur,ISSUE,174,MO02215
TXN004537,2025-04-07,P032,Hosur,ISSUE,679,MO02452
TXN004538,2025-10-18,P005,Chengalpattu,ISSUE,136,MO02937
TXN004539,2025-09-05,P006,Coimbatore,RECEIPT,766,PO01238
TXN004540,2025-11-25,P028,Hosur,TRANSFER,16,TR00487
TXN004541,2025-10-01,P004,Coimbatore,RECEIPT,524,PO01846
TXN004542,2026-02-03,P044,Chengalpattu,ISSUE,111,MO02011
TXN004543,2026-03-27,P020,Chennai,RECEIPT,396,PO01916
TXN004544,2025-11-12,P040,Coimbatore,RECEIPT,671,PO00698
TXN004545,2025-04-14,P034,Chennai,RECEIPT,907,PO00878
TXN004546,2026-07-17,P039,Chennai,ISSUE,364,MO02195
TXN004547,2026-05-21,P003,Chengalpattu,RECEIPT,486,PO00101
TXN004548,2025-12-15,P002,Chennai,RECEIPT,617,PO01757
TXN004549,2026-08-11,P002,Coimbatore,ISSUE,761,MO01791
TXN004550,2025-06-07,P020,Chengalpattu,RECEIPT,328,PO01769
TXN004551,2026-03-30,P017,Chennai,RECEIPT,310,PO00327
TXN004552,2025-08-29,P029,Chennai,ISSUE,435,MO02752
TXN004553,2026-04-17,P043,Chengalpattu,TRANSFER,667,TR00539
TXN004554,2026-07-23,P028,Hosur,ISSUE,631,MO01600
TXN004555,2025-05-31,P032,Hosur,ADJUSTMENT,-97,ADJ00387
TXN004556,2026-01-31,P013,Chennai,RECEIPT,397,PO01186
TXN004557,2025-01-31,P020,Coimbatore,ISSUE,71,MO00397
TXN004558,2025-05-15,P030,Hosur,RECEIPT,146,PO00179
TXN004559,2025-01-30,P045,Coimbatore,RECEIPT,59,PO01033
TXN004560,2026-01-14,P022,Chengalpattu,ISSUE,898,MO02839
TXN004561,2025-06-09,P045,Hosur,TRANSFER,777,TR00235
TXN004562,2025-02-02,P009,Hosur,ISSUE,408,MO01113
TXN004563,2025-08-25,P025,Chennai,ISSUE,907,MO01184
TXN004564,2026-07-08,P015,Chengalpattu,ISSUE,904,MO00578
TXN004565,2026-05-17,P012,Coimbatore,ISSUE,246,MO01347
TXN004566,2025-11-25,P035,Coimbatore,ISSUE,547,MO00339
TXN004567,2025-01-10,P023,Hosur,ISSUE,202,MO02741
TXN004568,2026-08-02,P038,Coimbatore,RECEIPT,612,PO01613
TXN004569,2026-05-06,P034,Coimbatore,ISSUE,580,MO00254
TXN004570,2025-09-13,P026,Chennai,ISSUE,728,MO01887
TXN004571,2025-01-07,P011,Chennai,TRANSFER,497,TR00892
TXN004572,2026-02-22,P019,Coimbatore,ISSUE,662,MO02100
TXN004573,2025-04-19,P004,Coimbatore,TRANSFER,351,TR00921
TXN004574,2025-08-02,P031,Hosur,TRANSFER,68,TR00759
TXN004575,2026-06-07,P017,Coimbatore,ISSUE,821,MO00988
TXN004576,2025-11-14,P032,Chengalpattu,ISSUE,473,MO01868
TXN004577,2026-04-28,P043,Hosur,ISSUE,869,MO02926
TXN004578,2026-05-12,P025,Chennai,RECEIPT,472,PO01595
TXN004579,2025-03-25,P019,Hosur,RECEIPT,377,PO01337
TXN004580,2025-10-21,P023,Chengalpattu,ISSUE,504,MO00539
TXN004581,2025-02-08,P031,Coimbatore,RECEIPT,130,PO00115
TXN004582,2025-08-04,P038,Hosur,ISSUE,600,MO02896
TXN004583,2026-03-16,P025,Chennai,ISSUE,617,MO01870
TXN004584,2026-02-10,P004,Chennai,ISSUE,355,MO00161
TXN004585,2025-06-22,P020,Chengalpattu,TRANSFER,999,TR00685
TXN004586,2025-07-14,P042,Hosur,ISSUE,525,MO02111
TXN004587,2025-02-09,P041,Hosur,RECEIPT,165,PO01055
TXN004588,2026-02-02,P001,Chennai,RECEIPT,459,PO01817
TXN004589,2026-08-23,P018,Hosur,RECEIPT,625,PO01636
TXN004590,2026-03-01,P024,Coimbatore,TRANSFER,387,TR00239
TXN004591,2026-01-20,P005,Hosur,RECEIPT,975,PO01163
TXN004592,2026-05-20,P044,Coimbatore,RECEIPT,422,PO01206
TXN004593,2025-06-28,P042,Hosur,ISSUE,293,MO02423
TXN004594,2025-09-02,P022,Hosur,RECEIPT,149,PO00796
TXN004595,2026-02-10,P038,Chengalpattu,RECEIPT,467,PO01904
TXN004596,2026-03-02,P033,Coimbatore,ISSUE,354,MO00750
TXN004597,2026-04-24,P015,Hosur,ISSUE,976,MO00044
TXN004598,2025-04-09,P019,Coimbatore,ISSUE,397,MO00171
TXN004599,2025-05-10,P019,Coimbatore,ISSUE,68,MO00828
TXN004600,2026-06-29,P026,Chengalpattu,ISSUE,286,MO02278
TXN004601,2025-07-05,P020,Hosur,ISSUE,877,MO00552
TXN004602,2025-05-08,P031,Chengalpattu,RECEIPT,351,PO00147
TXN004603,2025-05-25,P027,Chennai,ISSUE,841,MO01301
TXN004604,2026-01-10,P014,Chengalpattu,ISSUE,404,MO02929
TXN004605,2025-12-02,P037,Hosur,RECEIPT,831,PO01593
TXN004606,2025-11-11,P035,Chennai,ISSUE,960,MO01622
TXN004607,2025-04-08,P023,Coimbatore,RECEIPT,300,PO00176
TXN004608,2025-01-23,P010,Chengalpattu,RECEIPT,181,PO01069
TXN004609,2026-08-05,P007,Chengalpattu,ISSUE,364,MO02807
TXN004610,2025-06-05,P012,Chengalpattu,TRANSFER,387,TR00535
TXN004611,2025-02-19,P011,Coimbatore,TRANSFER,970,TR00698
TXN004612,2025-04-02,P044,Chengalpattu,TRANSFER,861,TR00456
TXN004613,2025-01-04,P013,Chennai,RECEIPT,681,PO00281
TXN004614,2026-01-28,P016,Chennai,ISSUE,208,MO00260
TXN004615,2026-07-04,P045,Coimbatore,ISSUE,203,MO01760
TXN004616,2025-12-22,P044,Hosur,ISSUE,723,MO02411
TXN004617,2026-02-16,P022,Coimbatore,ISSUE,771,MO02190
TXN004618,2025-02-14,P042,Chennai,RECEIPT,920,PO01656
TXN004619,2025-10-15,P023,Chengalpattu,TRANSFER,786,TR00269
TXN004620,2026-08-04,P001,Coimbatore,RECEIPT,242,PO00936
TXN004621,2025-03-12,P004,Chengalpattu,RECEIPT,835,PO00413
TXN004622,2026-01-28,P042,Chennai,ISSUE,631,MO02577
TXN004623,2026-07-12,P029,Coimbatore,ADJUSTMENT,20,ADJ00525
TXN004624,2026-07-28,P044,Chennai,ISSUE,434,MO01067
TXN004625,2025-04-19,P018,Chengalpattu,ISSUE,968,MO00284
TXN004626,2025-04-28,P039,Chennai,ISSUE,932,MO00603
TXN004627,2026-05-06,P040,Chennai,RECEIPT,19,PO01199
TXN004628,2025-05-22,P034,Hosur,ISSUE,463,MO02977
TXN004629,2026-01-08,P004,Hosur,RECEIPT,468,PO00928
TXN004630,2026-03-19,P012,Hosur,RECEIPT,456,PO01272
TXN004631,2025-08-10,P038,Hosur,ISSUE,737,MO01388
TXN004632,2025-06-30,P029,Hosur,RECEIPT,199,PO01926
TXN004633,2026-02-03,P025,Hosur,TRANSFER,922,TR00551
TXN004634,2026-04-23,P013,Chennai,ISSUE,814,MO00662
TXN004635,2025-11-14,P038,Chennai,ISSUE,98,MO01081
TXN004636,2026-01-06,P031,Coimbatore,TRANSFER,375,TR00052
TXN004637,2025-04-01,P040,Chengalpattu,RECEIPT,39,PO01037
TXN004638,2025-02-12,P018,Chengalpattu,ISSUE,209,MO00600
TXN004639,2025-04-19,P028,Hosur,RECEIPT,559,PO00214
TXN004640,2025-03-18,P023,Chennai,ISSUE,95,MO00269
TXN004641,2025-06-11,P005,Hosur,RECEIPT,465,PO00823
TXN004642,2025-07-06,P020,Chennai,RECEIPT,882,PO01784
TXN004643,2025-04-02,P038,Chengalpattu,ISSUE,651,MO02405
TXN004644,2025-05-24,P025,Coimbatore,RECEIPT,199,PO00815
TXN004645,2025-08-05,P016,Coimbatore,TRANSFER,701,TR00556
TXN004646,2026-05-18,P027,Coimbatore,RECEIPT,469,PO01975
TXN004647,2025-08-27,P043,Hosur,ISSUE,624,MO02968
TXN004648,2026-01-31,P034,Coimbatore,RECEIPT,395,PO01651
TXN004649,2026-01-05,P028,Hosur,ISSUE,285,MO02357
TXN004650,2025-12-08,P003,Chengalpattu,RECEIPT,896,PO01986
TXN004651,2025-12-16,P012,Chengalpattu,ISSUE,955,MO02503
TXN004652,2025-03-22,P010,Chennai,RECEIPT,361,PO00288
TXN004653,2026-02-03,P028,Coimbatore,ADJUSTMENT,82,ADJ00123
TXN004654,2026-03-06,P013,Hosur,ISSUE,448,MO00846
TXN004655,2026-02-19,P041,Chengalpattu,ISSUE,974,MO01320
TXN004656,2025-06-19,P010,Chennai,RECEIPT,146,PO00868
TXN004657,2025-01-03,P043,Chengalpattu,RECEIPT,594,PO01287
TXN004658,2026-07-30,P007,Chennai,TRANSFER,246,TR00589
TXN004659,2026-06-17,P012,Coimbatore,ISSUE,574,MO01363
TXN004660,2026-04-25,P020,Chengalpattu,ISSUE,579,MO01374
TXN004661,2026-06-21,P001,Chengalpattu,RECEIPT,11,PO00257
TXN004662,2026-08-16,P002,Chennai,ISSUE,798,MO01443
TXN004663,2026-05-20,P029,Coimbatore,TRANSFER,34,TR00288
TXN004664,2025-05-14,P012,Coimbatore,TRANSFER,499,TR00397
TXN004665,2025-08-01,P009,Hosur,ISSUE,833,MO02067
TXN004666,2025-10-12,P031,Coimbatore,RECEIPT,227,PO01531
TXN004667,2026-05-02,P025,Chengalpattu,RECEIPT,321,PO01687
TXN004668,2025-07-10,P030,Chengalpattu,ISSUE,995,MO02548
TXN004669,2025-11-23,P036,Chennai,TRANSFER,545,TR00127
TXN004670,2025-05-08,P028,Chengalpattu,RECEIPT,603,PO01154
TXN004671,2025-12-14,P044,Chennai,ISSUE,481,MO00922
TXN004672,2025-12-27,P040,Coimbatore,ISSUE,287,MO00182
TXN004673,2026-06-30,P029,Chennai,RECEIPT,955,PO00021
TXN004674,2026-02-07,P037,Chennai,RECEIPT,124,PO00613
TXN004675,2026-04-22,P032,Chennai,ISSUE,959,MO02920
TXN004676,2026-04-04,P008,Chengalpattu,ADJUSTMENT,33,ADJ00157
TXN004677,2025-11-14,P012,Coimbatore,ISSUE,670,MO00505
TXN004678,2025-02-21,P013,Hosur,TRANSFER,561,TR00446
TXN004679,2026-01-09,P001,Chengalpattu,ADJUSTMENT,-47,ADJ00375
TXN004680,2026-04-24,P042,Chennai,ISSUE,404,MO00593
TXN004681,2025-03-24,P038,Chengalpattu,RECEIPT,319,PO01091
TXN004682,2025-09-16,P008,Chennai,ISSUE,689,MO02346
TXN004683,2026-03-14,P045,Chengalpattu,ISSUE,692,MO00207
TXN004684,2025-01-29,P021,Hosur,ISSUE,179,MO02089
TXN004685,2025-10-05,P043,Chengalpattu,ISSUE,355,MO00529
TXN004686,2025-12-03,P037,Chennai,RECEIPT,863,PO01169
TXN004687,2025-03-09,P015,Chennai,ISSUE,619,MO01021
TXN004688,2025-03-13,P016,Coimbatore,RECEIPT,501,PO01471
TXN004689,2025-10-04,P029,Coimbatore,TRANSFER,883,TR00313
TXN004690,2025-05-08,P005,Coimbatore,ISSUE,200,MO02380
TXN004691,2025-03-07,P042,Hosur,ISSUE,972,MO00731
TXN004692,2026-08-29,P041,Chennai,ISSUE,618,MO00596
TXN004693,2026-02-06,P022,Hosur,ISSUE,125,MO01538
TXN004694,2026-02-02,P044,Chengalpattu,RECEIPT,794,PO00815
TXN004695,2025-05-12,P014,Chengalpattu,TRANSFER,231,TR00395
TXN004696,2026-05-21,P013,Hosur,RECEIPT,386,PO00908
TXN004697,2026-08-03,P007,Chennai,RECEIPT,126,PO00555
TXN004698,2026-03-22,P033,Chennai,ISSUE,470,MO02556
TXN004699,2026-01-20,P023,Hosur,RECEIPT,712,PO00929
TXN004700,2025-04-29,P020,Chengalpattu,TRANSFER,93,TR00910
TXN004701,2025-05-25,P010,Hosur,RECEIPT,68,PO00700
TXN004702,2026-07-20,P005,Coimbatore,ISSUE,513,MO02688
TXN004703,2026-01-26,P036,Chennai,ISSUE,266,MO00399
TXN004704,2025-06-23,P033,Chengalpattu,ISSUE,45,MO00855
TXN004705,2025-02-19,P011,Coimbatore,ISSUE,61,MO00243
TXN004706,2026-08-19,P009,Chengalpattu,TRANSFER,276,TR00031
TXN004707,2025-02-02,P022,Chengalpattu,RECEIPT,810,PO01679
TXN004708,2025-02-06,P010,Chennai,ISSUE,659,MO02082
TXN004709,2025-05-20,P019,Chengalpattu,ISSUE,702,MO02656
TXN004710,2025-10-23,P010,Hosur,ISSUE,152,MO01970
TXN004711,2026-06-13,P013,Chengalpattu,ISSUE,488,MO02259
TXN004712,2026-01-02,P035,Hosur,ISSUE,481,MO00572
TXN004713,2026-07-01,P014,Chengalpattu,RECEIPT,930,PO01040
TXN004714,2025-06-20,P021,Hosur,ISSUE,32,MO02311
TXN004715,2026-08-06,P027,Coimbatore,ISSUE,808,MO00600
TXN004716,2025-07-01,P012,Hosur,RECEIPT,505,PO00342
TXN004717,2025-06-15,P039,Hosur,RECEIPT,234,PO01399
TXN004718,2026-08-30,P025,Chennai,ISSUE,540,MO01468
TXN004719,2026-04-11,P013,Coimbatore,ISSUE,79,MO02941
TXN004720,2025-02-26,P042,Chennai,RECEIPT,975,PO00191
TXN004721,2025-06-22,P014,Coimbatore,ISSUE,679,MO02550
TXN004722,2025-06-14,P036,Hosur,ISSUE,755,MO00090
TXN004723,2025-09-20,P010,Coimbatore,RECEIPT,648,PO00750
TXN004724,2025-08-07,P027,Coimbatore,ISSUE,9,MO00430
TXN004725,2025-08-13,P014,Coimbatore,RECEIPT,743,PO00690
TXN004726,2026-05-18,P013,Coimbatore,ISSUE,184,MO01005
TXN004727,2025-08-29,P012,Chengalpattu,ISSUE,455,MO01766
TXN004728,2026-07-17,P026,Hosur,TRANSFER,962,TR00771
TXN004729,2025-11-06,P004,Hosur,RECEIPT,561,PO01308
TXN004730,2026-07-07,P003,Chengalpattu,TRANSFER,292,TR00615
TXN004731,2026-08-22,P012,Coimbatore,ISSUE,578,MO01162
TXN004732,2026-08-28,P017,Chengalpattu,RECEIPT,447,PO01372
TXN004733,2026-02-03,P042,Hosur,TRANSFER,391,TR00984
TXN004734,2026-07-03,P043,Hosur,TRANSFER,59,TR00088
TXN004735,2025-04-14,P003,Chengalpattu,ISSUE,254,MO00742
TXN004736,2026-07-09,P016,Coimbatore,ISSUE,628,MO01108
TXN004737,2026-03-04,P033,Coimbatore,ISSUE,367,MO02391
TXN004738,2025-09-12,P013,Coimbatore,ISSUE,854,MO01160
TXN004739,2026-05-01,P007,Coimbatore,ISSUE,402,MO00604
TXN004740,2025-09-04,P027,Coimbatore,TRANSFER,770,TR00699
TXN004741,2025-04-21,P042,Chengalpattu,ISSUE,290,MO01623
TXN004742,2025-07-19,P026,Coimbatore,RECEIPT,242,PO01263
TXN004743,2025-01-29,P026,Chennai,ISSUE,677,MO02583
TXN004744,2025-10-23,P027,Chennai,TRANSFER,651,TR00334
TXN004745,2026-07-15,P024,Chennai,RECEIPT,123,PO01059
TXN004746,2025-11-23,P012,Chengalpattu,TRANSFER,295,TR00432
TXN004747,2026-06-19,P005,Chennai,RECEIPT,910,PO00773
TXN004748,2025-01-27,P011,Hosur,RECEIPT,536,PO01053
TXN004749,2025-04-27,P010,Chengalpattu,RECEIPT,132,PO01313
TXN004750,2025-06-09,P038,Chengalpattu,RECEIPT,764,PO01715
TXN004751,2026-04-18,P039,Chengalpattu,ISSUE,836,MO00702
TXN004752,2025-08-16,P018,Coimbatore,ISSUE,902,MO02472
TXN004753,2025-06-14,P031,Coimbatore,RECEIPT,426,PO00997
TXN004754,2025-02-11,P044,Chennai,RECEIPT,797,PO00741
TXN004755,2025-10-27,P032,Coimbatore,RECEIPT,55,PO00336
TXN004756,2025-11-30,P042,Chennai,RECEIPT,741,PO01430
TXN004757,2025-08-09,P045,Coimbatore,ISSUE,827,MO02014
TXN004758,2026-07-18,P012,Hosur,ISSUE,321,MO01021
TXN004759,2026-02-15,P016,Coimbatore,RECEIPT,412,PO00492
TXN004760,2025-03-13,P037,Coimbatore,ISSUE,582,MO00220
TXN004761,2025-10-17,P035,Hosur,RECEIPT,380,PO01926
TXN004762,2025-03-21,P038,Coimbatore,ISSUE,66,MO02184
TXN004763,2025-02-28,P004,Coimbatore,ISSUE,778,MO02567
TXN004764,2025-08-25,P001,Hosur,RECEIPT,780,PO00079
TXN004765,2025-04-25,P013,Coimbatore,RECEIPT,986,PO01486
TXN004766,2026-05-15,P019,Hosur,TRANSFER,829,TR00102
TXN004767,2026-01-20,P019,Hosur,ISSUE,205,MO02411
TXN004768,2025-08-22,P018,Chennai,RECEIPT,16,PO00981
TXN004769,2026-04-01,P021,Chengalpattu,RECEIPT,300,PO00339
TXN004770,2025-11-12,P015,Chengalpattu,ISSUE,500,MO01750
TXN004771,2026-01-31,P005,Hosur,ISSUE,231,MO00804
TXN004772,2026-03-03,P031,Coimbatore,ISSUE,872,MO00115
TXN004773,2025-03-31,P014,Hosur,RECEIPT,757,PO01322
TXN004774,2026-04-15,P002,Chennai,ISSUE,740,MO01806
TXN004775,2025-11-02,P027,Chennai,ADJUSTMENT,1,ADJ00457
TXN004776,2026-04-12,P015,Chengalpattu,ISSUE,360,MO00128
TXN004777,2025-09-01,P033,Chennai,ISSUE,939,MO01929
TXN004778,2025-02-27,P006,Coimbatore,ISSUE,281,MO02605
TXN004779,2025-02-28,P042,Chengalpattu,ADJUSTMENT,2,ADJ00846
TXN004780,2025-04-26,P037,Hosur,ADJUSTMENT,42,ADJ00957
TXN004781,2025-11-14,P032,Chengalpattu,TRANSFER,816,TR00606
TXN004782,2025-12-09,P029,Coimbatore,ISSUE,427,MO02866
TXN004783,2026-06-11,P013,Coimbatore,RECEIPT,797,PO00203
TXN004784,2025-03-14,P016,Hosur,ISSUE,726,MO00337
TXN004785,2026-07-17,P036,Hosur,RECEIPT,57,PO00644
TXN004786,2025-11-01,P030,Coimbatore,ISSUE,466,MO02785
TXN004787,2025-03-19,P039,Chengalpattu,TRANSFER,647,TR00652
TXN004788,2026-02-25,P038,Chennai,ISSUE,971,MO01596
TXN004789,2025-04-17,P043,Chengalpattu,RECEIPT,171,PO00058
TXN004790,2025-03-25,P010,Hosur,ISSUE,117,MO00712
TXN004791,2025-04-12,P004,Coimbatore,TRANSFER,657,TR00456
TXN004792,2026-06-10,P006,Chennai,ISSUE,266,MO00141
TXN004793,2025-01-31,P023,Hosur,ISSUE,171,MO02403
TXN004794,2025-10-18,P021,Hosur,ISSUE,111,MO01092
TXN004795,2025-09-19,P001,Chennai,TRANSFER,887,TR00924
TXN004796,2025-02-04,P028,Chennai,ISSUE,871,MO00655
TXN004797,2025-10-12,P013,Hosur,RECEIPT,447,PO00518
TXN004798,2026-03-01,P027,Coimbatore,ISSUE,568,MO01392
TXN004799,2025-07-24,P001,Chengalpattu,ISSUE,43,MO02137
TXN004800,2026-04-09,P032,Chennai,ISSUE,601,MO01772
TXN004801,2025-05-12,P024,Chennai,ISSUE,428,MO02914
TXN004802,2026-05-12,P026,Coimbatore,ISSUE,442,MO02876
TXN004803,2025-06-24,P019,Chengalpattu,ISSUE,884,MO01516
TXN004804,2025-11-01,P025,Hosur,ISSUE,510,MO01368
TXN004805,2025-06-18,P002,Coimbatore,ISSUE,334,MO02284
TXN004806,2026-04-22,P026,Chengalpattu,ISSUE,535,MO00845
TXN004807,2025-09-10,P026,Chengalpattu,ISSUE,358,MO01423
TXN004808,2026-01-28,P024,Chennai,RECEIPT,643,PO01246
TXN004809,2026-04-25,P021,Chengalpattu,ISSUE,583,MO01956
TXN004810,2025-12-12,P035,Chennai,RECEIPT,19,PO00444
TXN004811,2025-05-27,P005,Chengalpattu,RECEIPT,693,PO01528
TXN004812,2025-10-14,P030,Chengalpattu,ISSUE,565,MO00369
TXN004813,2026-01-30,P030,Hosur,ISSUE,996,MO02566
TXN004814,2025-03-01,P006,Coimbatore,RECEIPT,545,PO01017
TXN004815,2026-01-10,P007,Chengalpattu,TRANSFER,283,TR00478
TXN004816,2025-09-15,P020,Coimbatore,ISSUE,655,MO01071
TXN004817,2026-02-01,P026,Coimbatore,ISSUE,951,MO00145
TXN004818,2026-04-07,P018,Coimbatore,RECEIPT,677,PO00382
TXN004819,2025-11-23,P038,Chennai,ADJUSTMENT,-60,ADJ00630
TXN004820,2025-05-26,P040,Coimbatore,RECEIPT,171,PO01358
TXN004821,2026-07-23,P036,Chennai,ISSUE,347,MO01946
TXN004822,2025-04-16,P039,Chengalpattu,RECEIPT,171,PO00640
TXN004823,2026-05-09,P032,Chengalpattu,ISSUE,244,MO01475
TXN004824,2025-11-10,P002,Chennai,RECEIPT,85,PO01439
TXN004825,2026-04-10,P020,Chennai,ISSUE,200,MO00329
TXN004826,2026-08-06,P010,Chengalpattu,ISSUE,657,MO02022
TXN004827,2026-01-20,P016,Chennai,ISSUE,720,MO02847
TXN004828,2026-05-19,P037,Chennai,RECEIPT,414,PO00127
TXN004829,2026-04-27,P027,Chennai,ISSUE,312,MO00283
TXN004830,2025-12-13,P002,Hosur,ADJUSTMENT,40,ADJ00337
TXN004831,2026-04-08,P004,Coimbatore,TRANSFER,462,TR00713
TXN004832,2026-02-11,P026,Chennai,RECEIPT,162,PO01527
TXN004833,2025-09-22,P015,Coimbatore,ISSUE,132,MO01858
TXN004834,2026-05-20,P035,Chengalpattu,RECEIPT,300,PO00109
TXN004835,2026-08-02,P015,Chennai,RECEIPT,828,PO00187
TXN004836,2025-01-08,P006,Chennai,ISSUE,748,MO01202
TXN004837,2025-04-23,P045,Chennai,ISSUE,877,MO02816
TXN004838,2025-07-15,P035,Chengalpattu,ISSUE,402,MO02881
TXN004839,2025-02-11,P023,Chengalpattu,ADJUSTMENT,87,ADJ00306
TXN004840,2026-08-08,P030,Coimbatore,TRANSFER,392,TR00153
TXN004841,2026-06-27,P034,Hosur,TRANSFER,524,TR00639
TXN004842,2025-02-15,P012,Hosur,ISSUE,647,MO01853
TXN004843,2025-02-18,P025,Hosur,ISSUE,803,MO02655
TXN004844,2025-01-10,P021,Chengalpattu,RECEIPT,674,PO00726
TXN004845,2025-10-29,P031,Chengalpattu,RECEIPT,203,PO00942
TXN004846,2025-11-18,P029,Coimbatore,ISSUE,418,MO01643
TXN004847,2025-05-29,P015,Chennai,TRANSFER,383,TR00529
TXN004848,2025-02-22,P008,Chengalpattu,ISSUE,436,MO00206
TXN004849,2025-02-23,P032,Hosur,ISSUE,999,MO01604
TXN004850,2025-06-10,P039,Coimbatore,TRANSFER,527,TR00703
TXN004851,2026-06-06,P001,Coimbatore,ISSUE,569,MO00199
TXN004852,2026-01-16,P045,Coimbatore,RECEIPT,765,PO01655
TXN004853,2025-06-17,P039,Chennai,ISSUE,284,MO02872
TXN004854,2025-11-11,P045,Coimbatore,TRANSFER,939,TR00220
TXN004855,2025-05-02,P021,Hosur,ISSUE,833,MO01923
TXN004856,2026-05-07,P003,Hosur,ISSUE,599,MO00289
TXN004857,2025-02-20,P002,Chennai,TRANSFER,839,TR00922
TXN004858,2025-06-28,P005,Chengalpattu,ISSUE,551,MO00183
TXN004859,2026-05-12,P024,Chengalpattu,TRANSFER,597,TR00461
TXN004860,2025-02-06,P021,Hosur,RECEIPT,599,PO01665
TXN004861,2025-12-22,P022,Coimbatore,RECEIPT,671,PO00617
TXN004862,2026-05-02,P035,Chennai,TRANSFER,561,TR00352
TXN004863,2025-01-25,P022,Coimbatore,RECEIPT,131,PO01965
TXN004864,2025-12-18,P010,Chengalpattu,ADJUSTMENT,96,ADJ00109
TXN004865,2025-11-15,P042,Chengalpattu,ISSUE,82,MO01561
TXN004866,2025-05-29,P034,Chengalpattu,TRANSFER,98,TR00728
TXN004867,2026-02-18,P020,Hosur,ISSUE,259,MO01927
TXN004868,2025-09-07,P003,Coimbatore,ISSUE,652,MO01871
TXN004869,2025-10-29,P038,Hosur,TRANSFER,125,TR00312
TXN004870,2026-03-26,P041,Coimbatore,RECEIPT,808,PO00694
TXN004871,2025-09-20,P042,Chengalpattu,RECEIPT,729,PO00912
TXN004872,2025-01-17,P034,Chengalpattu,ISSUE,637,MO00890
TXN004873,2025-06-29,P012,Chennai,ISSUE,419,MO01708
TXN004874,2026-08-12,P011,Chennai,RECEIPT,303,PO00331
TXN004875,2025-10-14,P038,Chennai,ISSUE,940,MO02080
TXN004876,2025-03-04,P007,Hosur,ADJUSTMENT,-85,ADJ00163
TXN004877,2025-10-22,P038,Coimbatore,RECEIPT,179,PO00229
TXN004878,2025-03-13,P031,Hosur,TRANSFER,318,TR00899
TXN004879,2026-01-13,P002,Coimbatore,RECEIPT,919,PO01143
TXN004880,2026-06-07,P009,Hosur,TRANSFER,650,TR00387
TXN004881,2025-09-26,P026,Chennai,TRANSFER,524,TR00547
TXN004882,2025-04-21,P001,Hosur,ADJUSTMENT,-86,ADJ00177
TXN004883,2026-04-18,P029,Coimbatore,RECEIPT,563,PO00994
TXN004884,2026-01-10,P032,Chengalpattu,ISSUE,170,MO01014
TXN004885,2025-09-17,P010,Chennai,ISSUE,641,MO02610
TXN004886,2026-06-22,P012,Chengalpattu,ISSUE,160,MO02642
TXN004887,2025-12-10,P033,Chennai,RECEIPT,536,PO01397
TXN004888,2025-02-24,P040,Hosur,RECEIPT,78,PO01515
TXN004889,2026-07-04,P008,Chengalpattu,ISSUE,111,MO01039
TXN004890,2025-10-02,P042,Chennai,ISSUE,494,MO01221
TXN004891,2026-06-28,P034,Coimbatore,RECEIPT,991,PO01769
TXN004892,2026-04-04,P008,Chennai,ISSUE,855,MO00799
TXN004893,2026-05-11,P027,Chennai,ISSUE,149,MO00769
TXN004894,2025-10-19,P018,Coimbatore,ISSUE,335,MO02747
TXN004895,2025-09-19,P012,Chengalpattu,RECEIPT,927,PO01334
TXN004896,2026-05-29,P024,Chengalpattu,RECEIPT,826,PO01548
TXN004897,2025-07-19,P012,Hosur,RECEIPT,385,PO01336
TXN004898,2025-12-17,P003,Chengalpattu,RECEIPT,28,PO01903
TXN004899,2026-08-25,P043,Chengalpattu,RECEIPT,528,PO01311
TXN004900,2025-08-15,P013,Coimbatore,ISSUE,427,MO02075
TXN004901,2025-05-02,P005,Chennai,ISSUE,894,MO00866
TXN004902,2026-02-02,P023,Coimbatore,RECEIPT,525,PO01048
TXN004903,2025-01-30,P020,Coimbatore,ISSUE,49,MO01963
TXN004904,2026-01-30,P030,Chengalpattu,TRANSFER,590,TR00496
TXN004905,2026-08-06,P032,Coimbatore,ISSUE,413,MO00364
TXN004906,2025-08-15,P026,Hosur,RECEIPT,243,PO00010
TXN004907,2025-07-23,P025,Chengalpattu,ISSUE,989,MO02942
TXN004908,2025-09-21,P006,Coimbatore,ISSUE,529,MO02636
TXN004909,2026-06-30,P025,Hosur,RECEIPT,147,PO01350
TXN004910,2026-07-04,P014,Chengalpattu,ISSUE,911,MO00870
TXN004911,2025-07-17,P028,Chennai,RECEIPT,374,PO01602
TXN004912,2026-01-15,P041,Chengalpattu,ADJUSTMENT,-100,ADJ00167
TXN004913,2025-04-12,P004,Chennai,ISSUE,594,MO01430
TXN004914,2025-02-09,P031,Chengalpattu,ISSUE,667,MO02807
TXN004915,2025-10-08,P013,Chennai,RECEIPT,351,PO00334
TXN004916,2025-10-10,P008,Coimbatore,ADJUSTMENT,-38,ADJ00823
TXN004917,2026-02-07,P039,Hosur,ISSUE,342,MO00199
TXN004918,2026-03-17,P014,Hosur,ADJUSTMENT,11,ADJ00535
TXN004919,2025-07-16,P012,Chengalpattu,ISSUE,790,MO01564
TXN004920,2026-04-24,P030,Chengalpattu,ISSUE,973,MO01492
TXN004921,2025-05-05,P038,Chennai,ISSUE,519,MO02071
TXN004922,2025-01-21,P002,Chennai,ISSUE,764,MO01862
TXN004923,2026-08-19,P030,Hosur,RECEIPT,874,PO01577
TXN004924,2025-04-17,P001,Chengalpattu,RECEIPT,991,PO00529
TXN004925,2025-10-18,P024,Chengalpattu,RECEIPT,805,PO01335
TXN004926,2026-08-08,P041,Chengalpattu,ISSUE,183,MO02749
TXN004927,2025-10-11,P045,Coimbatore,RECEIPT,565,PO01311
TXN004928,2025-03-28,P044,Chengalpattu,ISSUE,842,MO00101
TXN004929,2025-07-15,P040,Chennai,RECEIPT,391,PO00609
TXN004930,2025-09-18,P022,Chengalpattu,RECEIPT,512,PO00121
TXN004931,2026-01-31,P031,Chennai,RECEIPT,318,PO00675
TXN004932,2025-07-13,P032,Chennai,ISSUE,693,MO01017
TXN004933,2025-05-31,P017,Coimbatore,ISSUE,896,MO01183
TXN004934,2025-03-07,P008,Coimbatore,RECEIPT,935,PO00263
TXN004935,2025-12-09,P032,Coimbatore,TRANSFER,718,TR00413
TXN004936,2025-01-02,P010,Chengalpattu,TRANSFER,215,TR00687
TXN004937,2026-04-28,P023,Chennai,TRANSFER,561,TR00969
TXN004938,2025-08-31,P028,Hosur,RECEIPT,17,PO00534
TXN004939,2026-03-12,P017,Hosur,ISSUE,8,MO01019
TXN004940,2025-07-05,P009,Coimbatore,RECEIPT,524,PO01817
TXN004941,2026-07-21,P001,Chengalpattu,ISSUE,643,MO00325
TXN004942,2026-06-29,P006,Coimbatore,TRANSFER,62,TR00657
TXN004943,2025-01-04,P004,Hosur,RECEIPT,66,PO01084
TXN004944,2025-08-17,P018,Hosur,ISSUE,100,MO01143
TXN004945,2025-08-11,P012,Chengalpattu,ADJUSTMENT,85,ADJ00504
TXN004946,2025-09-19,P009,Coimbatore,ISSUE,518,MO01272
TXN004947,2026-01-27,P001,Hosur,RECEIPT,540,PO01881
TXN004948,2025-11-04,P022,Chennai,ISSUE,846,MO00898
TXN004949,2026-04-06,P025,Hosur,TRANSFER,775,TR00486
TXN004950,2025-09-13,P013,Chennai,ISSUE,395,MO01061
TXN004951,2026-07-25,P018,Coimbatore,RECEIPT,635,PO01471
TXN004952,2025-11-19,P039,Chengalpattu,ISSUE,530,MO02349
TXN004953,2025-12-01,P026,Chennai,TRANSFER,925,TR00315
TXN004954,2025-03-24,P002,Chennai,RECEIPT,669,PO01990
TXN004955,2026-07-21,P023,Hosur,ISSUE,667,MO02951
TXN004956,2025-06-18,P029,Coimbatore,RECEIPT,139,PO01541
TXN004957,2025-12-28,P035,Chengalpattu,ISSUE,244,MO00138
TXN004958,2025-11-13,P029,Coimbatore,TRANSFER,563,TR00426
TXN004959,2025-09-24,P007,Hosur,RECEIPT,107,PO00560
TXN004960,2026-01-03,P015,Coimbatore,ISSUE,6,MO00523
TXN004961,2025-03-07,P006,Coimbatore,RECEIPT,420,PO01363
TXN004962,2025-05-11,P020,Hosur,TRANSFER,994,TR00530
TXN004963,2025-08-31,P039,Chennai,TRANSFER,463,TR00350
TXN004964,2025-12-29,P015,Hosur,ISSUE,210,MO01635
TXN004965,2026-02-24,P020,Coimbatore,RECEIPT,786,PO00133
TXN004966,2025-10-22,P016,Chennai,TRANSFER,396,TR00104
TXN004967,2026-02-16,P024,Hosur,TRANSFER,931,TR00630
TXN004968,2025-07-18,P026,Coimbatore,RECEIPT,905,PO00036
TXN004969,2025-01-12,P043,Hosur,ISSUE,83,MO01432
TXN004970,2026-07-17,P014,Coimbatore,ADJUSTMENT,29,ADJ00932
TXN004971,2026-03-28,P016,Chengalpattu,TRANSFER,756,TR00832
TXN004972,2026-08-22,P045,Chennai,ISSUE,514,MO01885
TXN004973,2026-05-20,P037,Coimbatore,ADJUSTMENT,10,ADJ00677
TXN004974,2026-04-11,P008,Chennai,RECEIPT,794,PO00518
TXN004975,2025-12-03,P036,Chengalpattu,ISSUE,510,MO00814
TXN004976,2026-02-15,P017,Hosur,ISSUE,788,MO00883
TXN004977,2025-07-15,P005,Chengalpattu,RECEIPT,377,PO00948
TXN004978,2026-05-07,P035,Chengalpattu,ISSUE,66,MO00912
TXN004979,2025-08-17,P039,Coimbatore,ISSUE,785,MO01755
TXN004980,2026-05-27,P021,Chennai,ISSUE,173,MO01912
TXN004981,2026-06-22,P002,Chennai,RECEIPT,319,PO01183
TXN004982,2025-03-24,P032,Hosur,RECEIPT,419,PO00538
TXN004983,2026-08-27,P010,Chennai,RECEIPT,242,PO01475
TXN004984,2025-08-07,P024,Chengalpattu,TRANSFER,305,TR00243
TXN004985,2026-01-23,P007,Chengalpattu,TRANSFER,588,TR00209
TXN004986,2025-03-20,P029,Chennai,ISSUE,994,MO00128
TXN004987,2026-01-23,P023,Chennai,ISSUE,571,MO02469
TXN004988,2025-02-20,P018,Chengalpattu,ISSUE,987,MO02977
TXN004989,2026-01-01,P011,Chennai,TRANSFER,908,TR00911
TXN004990,2026-01-23,P019,Chengalpattu,ISSUE,45,MO00269
TXN004991,2026-04-20,P015,Chengalpattu,RECEIPT,567,PO00145
TXN004992,2025-05-16,P038,Coimbatore,ISSUE,445,MO02401
TXN004993,2025-11-19,P017,Hosur,RECEIPT,183,PO01597
TXN004994,2025-02-03,P042,Coimbatore,TRANSFER,705,TR00867
TXN004995,2025-07-29,P023,Chengalpattu,ISSUE,462,MO02129
TXN004996,2025-07-09,P009,Coimbatore,ISSUE,950,MO01257
TXN004997,2025-06-17,P001,Hosur,RECEIPT,231,PO01174
TXN004998,2025-10-02,P004,Hosur,ISSUE,617,MO00898
TXN004999,2026-06-12,P009,Chengalpattu,RECEIPT,862,PO00150
TXN005000,2026-03-05,P036,Chengalpattu,RECEIPT,310,PO00706
