po_id,po_date,supplier_id,part_id,warehouse,quantity_ordered,quantity_received,unit_cost,expected_delivery_date,actual_delivery_date,order_status,quantity_shortage,delivery_delay_days,order_value
PO00001,2025-12-10,S011,P021,Coimbatore,1252,1252,18000.0,2025-12-22,2025-12-22,Delivered,0,0,22536000.0
PO00002,2026-05-12,S011,P023,Chennai,541,378,3500.0,2026-05-24,2026-06-02,Late + Partial,163,9,1893500.0
PO00003,2025-06-10,S002,P005,Chengalpattu,1703,1703,16500.0,2025-06-29,2025-07-01,Delivered,0,2,28099500.0
PO00004,2025-04-02,S015,P029,Chennai,1477,1477,280.0,2025-04-20,2025-04-20,Delivered,0,0,413560.0
PO00005,2025-11-21,S005,P012,Hosur,615,615,14000.0,2025-12-09,2025-12-18,Late,0,9,8610000.0
PO00006,2026-07-19,S009,P016,Chennai,1274,1274,30000.0,2026-08-09,2026-08-18,Late,0,9,38220000.0
PO00007,2026-02-19,S020,P036,Coimbatore,1636,1636,6000.0,2026-03-11,2026-03-19,Late,0,8,9816000.0
PO00008,2025-04-28,S025,P041,Chennai,870,870,55000.0,2025-05-10,2025-05-11,Delivered,0,1,47850000.0
PO00009,2025-01-26,S014,P027,Chengalpattu,903,730,3500.0,2025-02-09,2025-02-08,Partial,173,-1,3160500.0
PO00010,2025-11-22,S017,P032,Chengalpattu,1533,1533,4500.0,2025-12-04,2025-12-04,Delivered,0,0,6898500.0
PO00011,2026-01-26,S008,P020,Coimbatore,1302,1302,1800.0,2026-02-12,2026-02-13,Delivered,0,1,2343600.0
PO00012,2025-05-17,S017,P030,Coimbatore,301,244,7500.0,2025-05-27,2025-05-30,Partial,57,3,2257500.0
PO00013,2026-04-14,S024,P038,Coimbatore,1009,1009,10500.0,2026-05-07,2026-05-06,Delivered,0,-1,10594500.0
PO00014,2025-10-19,S003,P002,Coimbatore,1494,1494,4200.0,2025-11-13,2025-11-15,Delivered,0,2,6274800.0
PO00015,2025-09-30,S020,P035,Chengalpattu,1649,1649,8500.0,2025-10-20,2025-10-20,Delivered,0,0,14016500.0
PO00016,2025-02-23,S016,P028,Coimbatore,1170,1170,8000.0,2025-03-17,2025-03-15,Delivered,0,-2,9360000.0
PO00017,2026-06-08,S002,P006,Hosur,394,394,9000.0,2026-06-26,2026-06-28,Delivered,0,2,3546000.0
PO00018,2025-03-01,S002,P004,Chennai,529,529,19500.0,2025-03-21,2025-03-23,Delivered,0,2,10315500.0
PO00019,2025-01-09,S013,P021,Hosur,873,873,22000.0,2025-01-29,2025-02-09,Late,0,11,19206000.0
PO00020,2026-06-04,S021,P036,Hosur,199,135,7000.0,2026-06-28,2026-06-28,Partial,64,0,1393000.0
PO00021,2026-01-10,S006,P012,Chennai,1131,896,15000.0,2026-02-01,2026-02-04,Late + Partial,235,3,16965000.0
PO00022,2025-01-12,S010,P020,Coimbatore,1256,1256,2100.0,2025-02-05,2025-02-07,Delivered,0,2,2637600.0
PO00023,2026-03-08,S002,P007,Coimbatore,904,904,3500.0,2026-03-26,2026-04-09,Late,0,14,3164000.0
PO00024,2025-03-25,S025,P045,Chennai,505,505,10000.0,2025-04-06,2025-04-04,Delivered,0,-2,5050000.0
PO00025,2025-10-14,S024,P039,Hosur,1110,1110,2100.0,2025-11-06,2025-11-05,Delivered,0,-1,2331000.0
PO00026,2025-08-20,S001,P010,Hosur,888,652,4200.0,2025-09-04,2025-09-04,Partial,236,0,3729600.0
PO00027,2025-04-23,S016,P027,Coimbatore,987,815,4000.0,2025-05-14,2025-05-26,Late + Partial,172,12,3948000.0
PO00028,2025-01-20,S005,P014,Chennai,635,635,18000.0,2025-02-09,2025-02-08,Delivered,0,-1,11430000.0
PO00029,2025-09-18,S025,P045,Hosur,455,455,10000.0,2025-09-30,2025-10-01,Delivered,0,1,4550000.0
PO00030,2026-07-31,S014,P029,Hosur,941,941,250.0,2026-08-14,2026-08-13,Delivered,0,-1,235250.0
PO00031,2026-01-01,S019,P032,Hosur,1881,1657,5000.0,2026-01-17,2026-01-16,Partial,224,-1,9405000.0
PO00032,2026-01-28,S026,P044,Coimbatore,1990,1990,15500.0,2026-02-16,2026-02-15,Delivered,0,-1,30845000.0
PO00033,2026-07-04,S002,P005,Chengalpattu,1911,1911,16500.0,2026-07-23,2026-07-28,Late,0,5,31531500.0
PO00034,2025-11-20,S025,P041,Coimbatore,1089,794,55000.0,2025-12-02,2025-12-04,Partial,295,2,59895000.0
PO00035,2026-07-30,S024,P040,Chengalpattu,424,424,4000.0,2026-08-22,2026-08-23,Delivered,0,1,1696000.0
PO00036,2026-01-30,S002,P008,Chengalpattu,1610,1610,1950.0,2026-02-18,2026-02-16,Delivered,0,-2,3139500.0
PO00037,2026-01-19,S001,P006,Coimbatore,1383,1383,8500.0,2026-02-03,2026-02-03,Delivered,0,0,11755500.0
PO00038,2025-06-06,S025,P045,Coimbatore,767,767,10000.0,2025-06-18,2025-06-16,Delivered,0,-2,7670000.0
PO00039,2025-08-23,S026,P044,Hosur,326,326,15500.0,2025-09-11,2025-09-14,Late,0,3,5053000.0
PO00040,2026-06-24,S009,P016,Hosur,377,377,30000.0,2026-07-15,2026-07-15,Delivered,0,0,11310000.0
PO00041,2026-05-10,S025,P043,Chennai,1729,1729,8500.0,2026-05-22,2026-05-31,Late,0,9,14696500.0
PO00042,2025-03-25,S016,P028,Chennai,1522,1522,8000.0,2025-04-16,2025-04-18,Delivered,0,2,12176000.0
PO00043,2025-03-29,S012,P022,Coimbatore,1317,1317,5000.0,2025-04-14,2025-04-23,Late,0,9,6585000.0
PO00044,2025-04-28,S005,P011,Chengalpattu,987,987,42000.0,2025-05-18,2025-05-22,Late,0,4,41454000.0
PO00045,2026-07-14,S015,P025,Hosur,1016,1016,13500.0,2026-08-01,2026-08-02,Delivered,0,1,13716000.0
PO00046,2026-07-22,S024,P039,Hosur,1310,1310,2100.0,2026-08-14,2026-08-16,Delivered,0,2,2751000.0
PO00047,2025-08-23,S005,P013,Chengalpattu,515,372,28000.0,2025-09-12,2025-09-12,Partial,143,0,14420000.0
PO00048,2025-10-19,S007,P011,Chennai,1458,1458,48000.0,2025-11-16,2025-11-14,Delivered,0,-2,69984000.0
PO00049,2025-08-10,S001,P003,Chengalpattu,160,160,3200.0,2025-08-25,2025-08-27,Delivered,0,2,512000.0
PO00050,2026-01-18,S017,P030,Chennai,118,118,7500.0,2026-01-28,2026-01-27,Delivered,0,-1,885000.0
PO00051,2026-06-03,S012,P023,Chengalpattu,1075,922,3800.0,2026-06-19,2026-06-20,Partial,153,1,4085000.0
PO00052,2025-03-30,S020,P037,Chengalpattu,787,787,12000.0,2025-04-19,2025-04-20,Delivered,0,1,9444000.0
PO00053,2025-04-19,S015,P025,Hosur,1402,1402,13500.0,2025-05-07,2025-05-07,Delivered,0,0,18927000.0
PO00054,2026-01-06,S009,P018,Chennai,1367,1367,17500.0,2026-01-28,2026-02-09,Late,0,12,23922500.0
PO00055,2025-04-01,S001,P004,Hosur,629,629,18000.0,2025-04-18,2025-04-18,Delivered,0,0,11322000.0
PO00056,2025-01-26,S001,P004,Hosur,1938,1938,18000.0,2025-02-12,2025-02-13,Delivered,0,1,34884000.0
PO00057,2026-08-31,S001,P001,Hosur,556,556,85000.0,2026-09-15,2026-09-16,Delivered,0,1,47260000.0
PO00058,2026-07-09,S007,P014,Chengalpattu,116,116,20000.0,2026-08-03,2026-08-01,Delivered,0,-2,2320000.0
PO00059,2025-05-18,S008,P020,Chennai,229,229,1800.0,2025-06-04,2025-06-14,Late,0,10,412200.0
PO00060,2025-05-08,S007,P011,Chennai,413,413,48000.0,2025-06-05,2025-06-06,Delivered,0,1,19824000.0
PO00061,2025-01-29,S021,P036,Chengalpattu,1235,1235,7000.0,2025-02-22,2025-02-22,Delivered,0,0,8645000.0
PO00062,2026-06-25,S006,P011,Hosur,1590,1590,45000.0,2026-07-19,2026-07-19,Delivered,0,0,71550000.0
PO00063,2026-02-09,S001,P008,Chennai,943,752,1800.0,2026-02-24,2026-02-23,Partial,191,-1,1697400.0
PO00064,2025-04-23,S005,P011,Chengalpattu,1551,1551,42000.0,2025-05-13,2025-05-13,Delivered,0,0,65142000.0
PO00065,2025-10-16,S006,P011,Chennai,1014,1014,45000.0,2025-11-09,2025-11-10,Delivered,0,1,45630000.0
PO00066,2025-05-06,S007,P014,Chennai,590,590,20000.0,2025-05-31,2025-05-30,Delivered,0,-1,11800000.0
PO00067,2025-07-11,S020,P036,Chengalpattu,424,424,6000.0,2025-07-31,2025-07-31,Delivered,0,0,2544000.0
PO00068,2026-03-08,S025,P043,Hosur,1512,1185,8500.0,2026-03-20,2026-03-25,Late + Partial,327,5,12852000.0
PO00069,2025-09-08,S012,P022,Chennai,977,665,5000.0,2025-09-24,2025-09-23,Partial,312,-1,4885000.0
PO00070,2026-07-23,S002,P008,Chennai,1605,987,1950.0,2026-08-11,2026-08-14,Partial,618,3,3129750.0
PO00071,2025-01-10,S005,P012,Chengalpattu,682,540,14000.0,2025-01-28,2025-01-30,Partial,142,2,9548000.0
PO00072,2026-04-25,S013,P024,Hosur,1816,1816,1100.0,2026-05-14,2026-05-12,Delivered,0,-2,1997600.0
PO00073,2025-05-14,S001,P003,Chengalpattu,1315,1315,3200.0,2025-05-29,2025-05-28,Delivered,0,-1,4208000.0
PO00074,2026-03-14,S016,P028,Chengalpattu,1877,1877,8000.0,2026-04-05,2026-04-07,Delivered,0,2,15016000.0
PO00075,2025-11-06,S001,P008,Chennai,1843,1843,1800.0,2025-11-21,2025-11-20,Delivered,0,-1,3317400.0
PO00076,2025-03-16,S013,P024,Chennai,1165,1165,1100.0,2025-04-04,2025-04-06,Delivered,0,2,1281500.0
PO00077,2026-08-11,S013,P024,Coimbatore,1434,1434,1100.0,2026-08-30,2026-08-31,Delivered,0,1,1577400.0
PO00078,2025-11-19,S005,P013,Coimbatore,1276,1276,28000.0,2025-12-09,2025-12-11,Delivered,0,2,35728000.0
PO00079,2025-03-23,S026,P043,Coimbatore,527,527,9500.0,2025-04-10,2025-04-09,Delivered,0,-1,5006500.0
PO00080,2025-06-01,S026,P045,Chennai,1054,1054,11500.0,2025-06-19,2025-06-20,Delivered,0,1,12121000.0
PO00081,2026-04-24,S011,P022,Coimbatore,931,931,4500.0,2026-05-06,2026-05-05,Delivered,0,-1,4189500.0
PO00082,2026-01-22,S019,P032,Chennai,1069,1069,5000.0,2026-02-07,2026-02-19,Late,0,12,5345000.0
PO00083,2025-03-08,S024,P040,Hosur,105,105,4000.0,2025-03-31,2025-04-02,Delivered,0,2,420000.0
PO00084,2026-03-10,S023,P039,Hosur,1587,1587,1800.0,2026-03-28,2026-04-05,Late,0,8,2856600.0
PO00085,2026-08-02,S008,P016,Coimbatore,641,641,28000.0,2026-08-20,2026-08-22,Delivered,0,2,17948000.0
PO00086,2025-10-09,S002,P008,Chengalpattu,232,232,1950.0,2025-10-28,2025-10-30,Delivered,0,2,452400.0
PO00087,2025-07-11,S016,P027,Chengalpattu,1795,1795,4000.0,2025-08-01,2025-07-31,Delivered,0,-1,7180000.0
PO00088,2026-04-13,S004,P002,Chengalpattu,1538,1538,4500.0,2026-05-05,2026-05-03,Delivered,0,-2,6921000.0
PO00089,2025-10-10,S009,P019,Chengalpattu,503,503,3500.0,2025-10-31,2025-11-11,Late,0,11,1760500.0
PO00090,2025-03-19,S001,P007,Chennai,1051,1051,3200.0,2025-04-03,2025-04-01,Delivered,0,-2,3363200.0
PO00091,2025-10-13,S012,P023,Chennai,427,427,3800.0,2025-10-29,2025-10-28,Delivered,0,-1,1622600.0
PO00092,2025-05-17,S019,P030,Coimbatore,475,475,8000.0,2025-06-01,2025-06-05,Late,0,4,3800000.0
PO00093,2026-04-02,S014,P028,Chengalpattu,332,277,7000.0,2026-04-17,2026-04-20,Partial,55,3,2324000.0
PO00094,2026-01-27,S008,P016,Chengalpattu,1980,1980,28000.0,2026-02-14,2026-02-13,Delivered,0,-1,55440000.0
PO00095,2026-06-20,S012,P021,Chennai,410,410,20000.0,2026-07-06,2026-07-05,Delivered,0,-1,8200000.0
PO00096,2025-01-06,S023,P039,Coimbatore,599,599,1800.0,2025-01-24,2025-01-26,Delivered,0,2,1078200.0
PO00097,2025-05-08,S001,P005,Hosur,1410,1410,15000.0,2025-05-24,2025-05-22,Delivered,0,-2,21150000.0
PO00098,2026-01-11,S001,P005,Chennai,842,842,15000.0,2026-01-27,2026-01-27,Delivered,0,0,12630000.0
PO00099,2026-03-22,S012,P021,Chengalpattu,1331,1331,20000.0,2026-04-07,2026-04-07,Delivered,0,0,26620000.0
PO00100,2025-11-21,S001,P010,Coimbatore,1237,1237,4200.0,2025-12-06,2025-12-06,Delivered,0,0,5195400.0
PO00101,2025-05-16,S018,P030,Coimbatore,322,322,9000.0,2025-06-02,2025-06-16,Late,0,14,2898000.0
PO00102,2026-08-29,S023,P040,Chengalpattu,1860,1165,3500.0,2026-09-16,2026-09-18,Partial,695,2,6510000.0
PO00103,2025-12-31,S015,P029,Chengalpattu,463,439,280.0,2026-01-18,2026-01-18,Partial,24,0,129640.0
PO00104,2026-03-07,S003,P002,Chennai,1417,1417,4200.0,2026-04-01,2026-04-02,Delivered,0,1,5951400.0
PO00105,2025-03-14,S024,P040,Hosur,1758,1758,4000.0,2025-04-06,2025-04-19,Late,0,13,7032000.0
PO00106,2025-05-04,S026,P041,Chengalpattu,1133,1133,58000.0,2025-05-22,2025-05-23,Delivered,0,1,65714000.0
PO00107,2025-05-25,S002,P010,Chennai,1489,1489,4500.0,2025-06-13,2025-06-11,Delivered,0,-2,6700500.0
PO00108,2026-04-17,S011,P024,Coimbatore,294,294,900.0,2026-04-29,2026-05-01,Delivered,0,2,264600.0
PO00109,2026-01-22,S002,P007,Chennai,1594,1594,3500.0,2026-02-09,2026-02-10,Delivered,0,1,5579000.0
PO00110,2026-05-18,S026,P045,Hosur,1371,1371,11500.0,2026-06-05,2026-06-04,Delivered,0,-1,15766500.0
PO00111,2025-09-30,S022,P037,Chengalpattu,1039,1039,13500.0,2025-10-27,2025-11-06,Late,0,10,14026500.0
PO00112,2025-05-03,S007,P011,Chennai,441,441,48000.0,2025-05-31,2025-05-31,Delivered,0,0,21168000.0
PO00113,2025-11-02,S001,P009,Chengalpattu,1247,678,6500.0,2025-11-18,2025-11-28,Late + Partial,569,10,8105500.0
PO00114,2025-09-10,S002,P010,Chennai,632,632,4500.0,2025-09-29,2025-09-29,Delivered,0,0,2844000.0
PO00115,2025-08-20,S007,P014,Hosur,1996,1400,20000.0,2025-09-14,2025-09-14,Partial,596,0,39920000.0
PO00116,2025-02-05,S002,P001,Chengalpattu,1190,975,88000.0,2025-02-23,2025-02-24,Partial,215,1,104720000.0
PO00117,2025-09-21,S002,P010,Chengalpattu,896,896,4500.0,2025-10-10,2025-10-12,Delivered,0,2,4032000.0
PO00118,2025-06-29,S014,P027,Chengalpattu,615,538,3500.0,2025-07-13,2025-07-26,Late + Partial,77,13,2152500.0
PO00119,2026-03-22,S011,P023,Chennai,1832,1832,3500.0,2026-04-03,2026-04-11,Late,0,8,6412000.0
PO00120,2025-06-14,S012,P021,Hosur,1648,1648,20000.0,2025-06-30,2025-06-29,Delivered,0,-1,32960000.0
PO00121,2025-01-29,S024,P038,Coimbatore,813,698,10500.0,2025-02-21,2025-02-23,Partial,115,2,8536500.0
PO00122,2026-04-09,S008,P018,Coimbatore,346,346,16000.0,2026-04-27,2026-04-25,Delivered,0,-2,5536000.0
PO00123,2026-05-15,S003,P002,Hosur,1769,1769,4200.0,2026-06-09,2026-06-11,Delivered,0,2,7429800.0
PO00124,2025-10-30,S002,P006,Chengalpattu,640,640,9000.0,2025-11-17,2025-11-19,Delivered,0,2,5760000.0
PO00125,2026-07-04,S023,P040,Chengalpattu,1075,688,3500.0,2026-07-22,2026-07-24,Partial,387,2,3762500.0
PO00126,2025-05-27,S018,P030,Chennai,561,450,9000.0,2025-06-13,2025-06-27,Late + Partial,111,14,5049000.0
PO00127,2025-04-11,S001,P005,Hosur,650,650,15000.0,2025-04-27,2025-04-28,Delivered,0,1,9750000.0
PO00128,2025-08-23,S006,P011,Chennai,761,761,45000.0,2025-09-16,2025-09-18,Delivered,0,2,34245000.0
PO00129,2025-02-14,S019,P031,Chennai,928,928,9500.0,2025-03-01,2025-02-27,Delivered,0,-2,8816000.0
PO00130,2026-06-28,S013,P021,Chengalpattu,330,330,22000.0,2026-07-18,2026-07-16,Delivered,0,-2,7260000.0
PO00131,2026-02-13,S016,P028,Chennai,700,700,8000.0,2026-03-07,2026-03-14,Late,0,7,5600000.0
PO00132,2025-11-13,S011,P023,Chengalpattu,1655,1655,3500.0,2025-11-25,2025-11-24,Delivered,0,-1,5792500.0
PO00133,2025-05-30,S009,P018,Chengalpattu,551,551,17500.0,2025-06-21,2025-06-29,Late,0,8,9642500.0
PO00134,2025-02-09,S006,P012,Coimbatore,1396,1174,15000.0,2025-03-03,2025-03-15,Late + Partial,222,12,20940000.0
PO00135,2025-12-28,S002,P001,Coimbatore,1382,1382,88000.0,2026-01-15,2026-01-16,Delivered,0,1,121616000.0
PO00136,2026-02-21,S013,P021,Chengalpattu,1282,1282,22000.0,2026-03-13,2026-03-13,Delivered,0,0,28204000.0
PO00137,2026-06-20,S001,P007,Coimbatore,863,863,3200.0,2026-07-05,2026-07-04,Delivered,0,-1,2761600.0
PO00138,2025-10-31,S024,P040,Coimbatore,863,863,4000.0,2025-11-23,2025-11-22,Delivered,0,-1,3452000.0
PO00139,2026-08-17,S009,P017,Chennai,665,665,8200.0,2026-09-07,2026-09-08,Delivered,0,1,5453000.0
PO00140,2026-06-07,S020,P036,Chengalpattu,1178,1178,6000.0,2026-06-27,2026-06-28,Delivered,0,1,7068000.0
PO00141,2025-07-21,S009,P018,Chennai,1061,1061,17500.0,2025-08-12,2025-08-11,Delivered,0,-1,18567500.0
PO00142,2025-06-27,S002,P006,Chengalpattu,968,968,9000.0,2025-07-15,2025-07-15,Delivered,0,0,8712000.0
PO00143,2025-07-28,S016,P027,Chennai,527,527,4000.0,2025-08-18,2025-08-19,Delivered,0,1,2108000.0
PO00144,2025-03-12,S024,P038,Hosur,1068,848,10500.0,2025-04-04,2025-04-11,Late + Partial,220,7,11214000.0
PO00145,2025-09-10,S001,P004,Chengalpattu,540,540,18000.0,2025-09-27,2025-09-27,Delivered,0,0,9720000.0
PO00146,2025-01-14,S011,P022,Chennai,1019,1019,4500.0,2025-01-26,2025-02-06,Late,0,11,4585500.0
PO00147,2025-07-02,S012,P022,Coimbatore,1944,1944,5000.0,2025-07-18,2025-07-31,Late,0,13,9720000.0
PO00148,2026-01-17,S013,P024,Coimbatore,1307,1096,1100.0,2026-02-05,2026-02-04,Partial,211,-1,1437700.0
PO00149,2026-01-03,S009,P018,Chengalpattu,164,164,17500.0,2026-01-25,2026-01-26,Delivered,0,1,2870000.0
PO00150,2025-12-22,S023,P040,Chennai,1648,1648,3500.0,2026-01-09,2026-01-12,Late,0,3,5768000.0
PO00151,2026-02-12,S017,P031,Coimbatore,385,385,8500.0,2026-02-22,2026-03-08,Late,0,14,3272500.0
PO00152,2025-06-01,S020,P035,Hosur,1115,1115,8500.0,2025-06-21,2025-06-19,Delivered,0,-2,9477500.0
PO00153,2025-06-16,S011,P024,Chengalpattu,267,267,900.0,2025-06-28,2025-06-26,Delivered,0,-2,240300.0
PO00154,2025-01-21,S008,P018,Chennai,1268,1268,16000.0,2025-02-08,2025-02-07,Delivered,0,-1,20288000.0
PO00155,2026-07-13,S007,P014,Coimbatore,369,336,20000.0,2026-08-07,2026-08-10,Partial,33,3,7380000.0
PO00156,2025-12-08,S010,P016,Hosur,852,852,32000.0,2026-01-02,2026-01-01,Delivered,0,-1,27264000.0
PO00157,2025-06-18,S023,P040,Chengalpattu,1272,1272,3500.0,2025-07-06,2025-07-05,Delivered,0,-1,4452000.0
PO00158,2026-03-15,S013,P021,Chengalpattu,814,814,22000.0,2026-04-04,2026-04-11,Late,0,7,17908000.0
PO00159,2026-05-08,S024,P040,Chengalpattu,598,598,4000.0,2026-05-31,2026-05-31,Delivered,0,0,2392000.0
PO00160,2026-02-23,S016,P028,Coimbatore,1245,1245,8000.0,2026-03-17,2026-03-17,Delivered,0,0,9960000.0
PO00161,2026-06-25,S024,P038,Hosur,1475,1376,10500.0,2026-07-18,2026-07-21,Partial,99,3,15487500.0
PO00162,2026-02-23,S010,P020,Chennai,1330,1330,2100.0,2026-03-19,2026-03-17,Delivered,0,-2,2793000.0
PO00163,2025-02-16,S024,P038,Coimbatore,725,725,10500.0,2025-03-11,2025-03-13,Delivered,0,2,7612500.0
PO00164,2026-08-26,S016,P027,Chennai,276,276,4000.0,2026-09-16,2026-09-29,Late,0,13,1104000.0
PO00165,2025-07-11,S003,P002,Chennai,1265,1265,4200.0,2025-08-05,2025-08-04,Delivered,0,-1,5313000.0
PO00166,2026-04-13,S001,P007,Chennai,148,148,3200.0,2026-04-28,2026-04-28,Delivered,0,0,473600.0
PO00167,2026-01-24,S001,P006,Chengalpattu,1157,802,8500.0,2026-02-08,2026-02-11,Late + Partial,355,3,9834500.0
PO00168,2025-10-06,S005,P012,Hosur,782,782,14000.0,2025-10-24,2025-10-23,Delivered,0,-1,10948000.0
PO00169,2025-02-21,S025,P045,Hosur,473,366,10000.0,2025-03-05,2025-03-07,Partial,107,2,4730000.0
PO00170,2026-08-09,S015,P029,Coimbatore,519,519,280.0,2026-08-27,2026-08-31,Late,0,4,145320.0
PO00171,2025-06-05,S010,P016,Chennai,881,881,32000.0,2025-06-30,2025-06-30,Delivered,0,0,28192000.0
PO00172,2025-08-27,S002,P005,Chengalpattu,749,749,16500.0,2025-09-15,2025-09-16,Delivered,0,1,12358500.0
PO00173,2025-03-25,S002,P006,Coimbatore,1138,1070,9000.0,2025-04-12,2025-04-11,Partial,68,-1,10242000.0
PO00174,2026-01-11,S009,P016,Chennai,1281,1281,30000.0,2026-02-01,2026-02-03,Delivered,0,2,38430000.0
PO00175,2025-03-25,S019,P031,Chengalpattu,768,498,9500.0,2025-04-09,2025-04-11,Partial,270,2,7296000.0
PO00176,2026-07-09,S005,P011,Chennai,583,480,42000.0,2026-07-29,2026-08-03,Late + Partial,103,5,24486000.0
PO00177,2025-04-10,S001,P008,Chennai,138,138,1800.0,2025-04-25,2025-05-03,Late,0,8,248400.0
PO00178,2026-05-14,S026,P042,Chennai,1341,1341,13500.0,2026-06-01,2026-06-10,Late,0,9,18103500.0
PO00179,2026-06-02,S023,P039,Coimbatore,228,228,1800.0,2026-06-20,2026-06-18,Delivered,0,-2,410400.0
PO00180,2026-08-02,S007,P014,Coimbatore,1658,1658,20000.0,2026-08-27,2026-08-29,Delivered,0,2,33160000.0
PO00181,2026-07-15,S026,P044,Chengalpattu,703,703,15500.0,2026-08-03,2026-08-17,Late,0,14,10896500.0
PO00182,2025-08-17,S001,P009,Hosur,1754,1754,6500.0,2025-09-02,2025-09-03,Delivered,0,1,11401000.0
PO00183,2025-03-19,S019,P030,Chennai,1018,1018,8000.0,2025-04-03,2025-04-02,Delivered,0,-1,8144000.0
PO00184,2025-04-06,S014,P028,Chengalpattu,296,296,7000.0,2025-04-21,2025-04-21,Delivered,0,0,2072000.0
PO00185,2025-11-04,S007,P011,Chennai,1986,1703,48000.0,2025-12-02,2025-12-04,Partial,283,2,95328000.0
PO00186,2026-08-25,S020,P036,Hosur,789,789,6000.0,2026-09-14,2026-09-13,Delivered,0,-1,4734000.0
PO00187,2026-02-01,S024,P039,Coimbatore,782,782,2100.0,2026-02-24,2026-02-25,Delivered,0,1,1642200.0
PO00188,2026-06-17,S017,P031,Chennai,130,130,8500.0,2026-06-27,2026-07-10,Late,0,13,1105000.0
PO00189,2025-07-04,S002,P008,Hosur,1682,1682,1950.0,2025-07-23,2025-08-03,Late,0,11,3279900.0
PO00190,2025-02-01,S002,P006,Chennai,280,171,9000.0,2025-02-19,2025-02-22,Partial,109,3,2520000.0
PO00191,2025-01-20,S016,P027,Chengalpattu,304,278,4000.0,2025-02-10,2025-02-11,Partial,26,1,1216000.0
PO00192,2025-10-21,S014,P028,Hosur,493,493,7000.0,2025-11-05,2025-11-05,Delivered,0,0,3451000.0
PO00193,2026-02-05,S023,P039,Hosur,883,883,1800.0,2026-02-23,2026-02-22,Delivered,0,-1,1589400.0
PO00194,2025-05-16,S005,P011,Chennai,1427,1427,42000.0,2025-06-05,2025-06-05,Delivered,0,0,59934000.0
PO00195,2026-07-25,S020,P037,Hosur,1944,1944,12000.0,2026-08-14,2026-08-25,Late,0,11,23328000.0
PO00196,2026-05-16,S005,P011,Hosur,786,786,42000.0,2026-06-05,2026-06-07,Delivered,0,2,33012000.0
PO00197,2026-02-07,S009,P018,Coimbatore,1881,1881,17500.0,2026-03-01,2026-02-27,Delivered,0,-2,32917500.0
PO00198,2025-02-25,S025,P045,Chennai,840,840,10000.0,2025-03-09,2025-03-08,Delivered,0,-1,8400000.0
PO00199,2025-09-25,S024,P040,Chengalpattu,575,575,4000.0,2025-10-18,2025-10-16,Delivered,0,-2,2300000.0
PO00200,2026-06-05,S021,P034,Chennai,1750,1750,18000.0,2026-06-29,2026-06-29,Delivered,0,0,31500000.0
PO00201,2025-09-20,S011,P021,Chengalpattu,1549,1549,18000.0,2025-10-02,2025-10-03,Delivered,0,1,27882000.0
PO00202,2025-10-14,S001,P006,Coimbatore,285,285,8500.0,2025-10-29,2025-10-28,Delivered,0,-1,2422500.0
PO00203,2026-02-19,S016,P028,Chennai,1131,1131,8000.0,2026-03-13,2026-03-14,Delivered,0,1,9048000.0
PO00204,2026-07-26,S011,P023,Chennai,644,644,3500.0,2026-08-07,2026-08-17,Late,0,10,2254000.0
PO00205,2025-03-10,S014,P027,Hosur,232,232,3500.0,2025-03-24,2025-03-24,Delivered,0,0,812000.0
PO00206,2025-09-25,S025,P045,Hosur,1520,1024,10000.0,2025-10-07,2025-10-10,Late + Partial,496,3,15200000.0
PO00207,2025-08-03,S002,P010,Coimbatore,999,999,4500.0,2025-08-22,2025-08-20,Delivered,0,-2,4495500.0
PO00208,2026-05-23,S002,P001,Hosur,222,222,88000.0,2026-06-10,2026-06-10,Delivered,0,0,19536000.0
PO00209,2025-06-16,S005,P014,Chengalpattu,1466,1466,18000.0,2025-07-06,2025-07-06,Delivered,0,0,26388000.0
PO00210,2026-03-23,S017,P031,Hosur,812,812,8500.0,2026-04-02,2026-04-08,Late,0,6,6902000.0
PO00211,2025-12-09,S022,P037,Coimbatore,160,160,13500.0,2026-01-05,2026-01-07,Delivered,0,2,2160000.0
PO00212,2025-07-07,S008,P018,Coimbatore,851,851,16000.0,2025-07-25,2025-07-24,Delivered,0,-1,13616000.0
PO00213,2026-07-29,S002,P005,Chengalpattu,559,559,16500.0,2026-08-17,2026-08-16,Delivered,0,-1,9223500.0
PO00214,2025-11-29,S021,P036,Chennai,175,175,7000.0,2025-12-23,2025-12-22,Delivered,0,-1,1225000.0
PO00215,2025-03-03,S021,P034,Chennai,1450,1023,18000.0,2025-03-27,2025-03-30,Partial,427,3,26100000.0
PO00216,2025-10-05,S012,P023,Chengalpattu,1608,1099,3800.0,2025-10-21,2025-10-26,Late + Partial,509,5,6110400.0
PO00217,2026-05-29,S023,P038,Hosur,408,344,9500.0,2026-06-16,2026-06-18,Partial,64,2,3876000.0
PO00218,2025-01-01,S009,P019,Hosur,1678,1678,3500.0,2025-01-22,2025-01-26,Late,0,4,5873000.0
PO00219,2025-12-20,S011,P023,Chennai,1597,1597,3500.0,2026-01-01,2026-01-03,Delivered,0,2,5589500.0
PO00220,2025-08-21,S026,P041,Chennai,590,299,58000.0,2025-09-08,2025-09-17,Late + Partial,291,9,34220000.0
PO00221,2026-06-19,S009,P019,Hosur,1776,1776,3500.0,2026-07-10,2026-07-12,Delivered,0,2,6216000.0
PO00222,2025-11-20,S014,P028,Chengalpattu,1691,1437,7000.0,2025-12-05,2025-12-05,Partial,254,0,11837000.0
PO00223,2025-03-04,S007,P013,Coimbatore,360,336,31000.0,2025-03-30,2025-03-30,Partial,24,0,11160000.0
PO00224,2025-05-24,S002,P006,Hosur,1542,1542,9000.0,2025-06-11,2025-06-11,Delivered,0,0,13878000.0
PO00225,2026-08-10,S001,P006,Coimbatore,332,332,8500.0,2026-08-25,2026-09-05,Late,0,11,2822000.0
PO00226,2025-11-04,S014,P029,Hosur,273,273,250.0,2025-11-18,2025-11-19,Delivered,0,1,68250.0
PO00227,2025-09-22,S001,P006,Chengalpattu,367,367,8500.0,2025-10-07,2025-10-08,Delivered,0,1,3119500.0
PO00228,2025-09-21,S014,P027,Coimbatore,182,182,3500.0,2025-10-05,2025-10-19,Late,0,14,637000.0
PO00229,2025-07-30,S009,P017,Chennai,664,664,8200.0,2025-08-20,2025-08-20,Delivered,0,0,5444800.0
PO00230,2026-08-20,S001,P008,Hosur,1407,853,1800.0,2026-09-04,2026-09-06,Partial,554,2,2532600.0
PO00231,2026-03-31,S014,P026,Chennai,1406,1406,4500.0,2026-04-14,2026-04-28,Late,0,14,6327000.0
PO00232,2025-07-05,S013,P021,Hosur,1328,1328,22000.0,2025-07-25,2025-07-24,Delivered,0,-1,29216000.0
PO00233,2026-06-19,S016,P028,Chennai,1002,1002,8000.0,2026-07-11,2026-07-12,Delivered,0,1,8016000.0
PO00234,2026-08-12,S020,P035,Hosur,515,515,8500.0,2026-09-01,2026-09-03,Delivered,0,2,4377500.0
PO00235,2026-03-18,S002,P004,Chennai,137,137,19500.0,2026-04-07,2026-04-06,Delivered,0,-1,2671500.0
PO00236,2026-04-10,S021,P035,Chennai,1210,1210,9500.0,2026-05-04,2026-05-05,Delivered,0,1,11495000.0
PO00237,2025-09-16,S023,P040,Coimbatore,1605,1325,3500.0,2025-10-04,2025-10-03,Partial,280,-1,5617500.0
PO00238,2026-07-06,S002,P008,Coimbatore,1803,1803,1950.0,2026-07-25,2026-07-25,Delivered,0,0,3515850.0
PO00239,2026-04-29,S007,P014,Chengalpattu,207,207,20000.0,2026-05-24,2026-05-25,Delivered,0,1,4140000.0
PO00240,2026-08-21,S015,P026,Chengalpattu,1297,1297,5000.0,2026-09-08,2026-09-14,Late,0,6,6485000.0
PO00241,2025-12-26,S011,P024,Hosur,1128,1128,900.0,2026-01-07,2026-01-08,Delivered,0,1,1015200.0
PO00242,2026-07-25,S017,P032,Chengalpattu,1072,1072,4500.0,2026-08-06,2026-08-06,Delivered,0,0,4824000.0
PO00243,2025-06-18,S001,P010,Chengalpattu,895,895,4200.0,2025-07-03,2025-07-09,Late,0,6,3759000.0
PO00244,2025-06-20,S002,P007,Coimbatore,1062,1062,3500.0,2025-07-08,2025-07-07,Delivered,0,-1,3717000.0
PO00245,2026-05-24,S009,P019,Hosur,287,287,3500.0,2026-06-14,2026-06-21,Late,0,7,1004500.0
PO00246,2025-03-15,S016,P028,Coimbatore,925,925,8000.0,2025-04-06,2025-04-08,Delivered,0,2,7400000.0
PO00247,2026-02-19,S001,P004,Hosur,493,493,18000.0,2026-03-08,2026-03-06,Delivered,0,-2,8874000.0
PO00248,2025-01-03,S020,P037,Hosur,1694,1694,12000.0,2025-01-23,2025-01-23,Delivered,0,0,20328000.0
PO00249,2026-03-12,S008,P017,Hosur,853,853,7500.0,2026-03-29,2026-03-29,Delivered,0,0,6397500.0
PO00250,2026-07-27,S016,P028,Chengalpattu,219,219,8000.0,2026-08-18,2026-08-16,Delivered,0,-2,1752000.0
PO00251,2025-12-10,S025,P043,Chengalpattu,1153,1153,8500.0,2025-12-22,2026-01-02,Late,0,11,9800500.0
PO00252,2025-01-16,S025,P044,Hosur,1513,1513,14000.0,2025-01-29,2025-01-30,Delivered,0,1,21182000.0
PO00253,2025-06-27,S002,P006,Chennai,1786,1254,9000.0,2025-07-15,2025-07-16,Partial,532,1,16074000.0
PO00254,2025-02-25,S022,P037,Chennai,719,719,13500.0,2025-03-24,2025-03-26,Delivered,0,2,9706500.0
PO00255,2025-05-10,S019,P032,Chengalpattu,756,756,5000.0,2025-05-26,2025-06-05,Late,0,10,3780000.0
PO00256,2025-04-20,S006,P012,Chennai,1581,1581,15000.0,2025-05-12,2025-05-10,Delivered,0,-2,23715000.0
PO00257,2026-01-30,S012,P022,Chennai,965,787,5000.0,2026-02-15,2026-02-19,Late + Partial,178,4,4825000.0
PO00258,2026-06-29,S007,P014,Chengalpattu,487,487,20000.0,2026-07-24,2026-07-25,Delivered,0,1,9740000.0
PO00259,2025-09-23,S013,P024,Coimbatore,902,853,1100.0,2025-10-12,2025-10-11,Partial,49,-1,992200.0
PO00260,2025-10-16,S011,P024,Chennai,1632,1632,900.0,2025-10-28,2025-10-29,Delivered,0,1,1468800.0
PO00261,2026-08-13,S018,P030,Hosur,362,362,9000.0,2026-08-30,2026-08-31,Delivered,0,1,3258000.0
PO00262,2026-07-13,S019,P030,Coimbatore,890,890,8000.0,2026-07-28,2026-07-28,Delivered,0,0,7120000.0
PO00263,2025-12-28,S016,P028,Hosur,480,480,8000.0,2026-01-19,2026-01-19,Delivered,0,0,3840000.0
PO00264,2025-12-18,S002,P007,Coimbatore,1135,1135,3500.0,2026-01-05,2026-01-12,Late,0,7,3972500.0
PO00265,2025-01-19,S021,P036,Hosur,1163,1071,7000.0,2025-02-12,2025-02-11,Partial,92,-1,8141000.0
PO00266,2025-10-20,S001,P009,Chennai,1208,1208,6500.0,2025-11-05,2025-11-07,Delivered,0,2,7852000.0
PO00267,2025-10-18,S022,P037,Coimbatore,1472,1472,13500.0,2025-11-14,2025-11-15,Delivered,0,1,19872000.0
PO00268,2025-06-20,S012,P022,Hosur,1233,1233,5000.0,2025-07-06,2025-07-18,Late,0,12,6165000.0
PO00269,2026-02-10,S009,P018,Coimbatore,1478,1478,17500.0,2026-03-04,2026-03-03,Delivered,0,-1,25865000.0
PO00270,2025-04-28,S023,P039,Chennai,1775,1775,1800.0,2025-05-16,2025-05-24,Late,0,8,3195000.0
PO00271,2025-09-26,S002,P007,Coimbatore,890,890,3500.0,2025-10-14,2025-10-13,Delivered,0,-1,3115000.0
PO00272,2025-02-26,S005,P013,Chennai,1986,1986,28000.0,2025-03-18,2025-03-19,Delivered,0,1,55608000.0
PO00273,2025-01-08,S017,P032,Chennai,186,161,4500.0,2025-01-20,2025-02-01,Late + Partial,25,12,837000.0
PO00274,2025-01-22,S011,P022,Chengalpattu,1745,1745,4500.0,2025-02-03,2025-02-09,Late,0,6,7852500.0
PO00275,2026-06-13,S021,P034,Hosur,185,185,18000.0,2026-07-07,2026-07-18,Late,0,11,3330000.0
PO00276,2025-10-08,S002,P003,Chengalpattu,1912,1912,3400.0,2025-10-26,2025-10-24,Delivered,0,-2,6500800.0
PO00277,2025-11-30,S013,P021,Coimbatore,1927,1927,22000.0,2025-12-20,2025-12-24,Late,0,4,42394000.0
PO00278,2025-03-29,S001,P003,Chengalpattu,558,558,3200.0,2025-04-13,2025-04-20,Late,0,7,1785600.0
PO00279,2025-08-16,S011,P023,Chengalpattu,1001,1001,3500.0,2025-08-28,2025-09-06,Late,0,9,3503500.0
PO00280,2026-08-15,S015,P025,Chennai,175,117,13500.0,2026-09-02,2026-09-10,Late + Partial,58,8,2362500.0
PO00281,2025-03-19,S002,P005,Coimbatore,1770,1770,16500.0,2025-04-07,2025-04-09,Delivered,0,2,29205000.0
PO00282,2026-03-18,S020,P034,Chengalpattu,927,927,16000.0,2026-04-07,2026-04-09,Delivered,0,2,14832000.0
PO00283,2026-01-26,S004,P002,Hosur,1420,1420,4500.0,2026-02-17,2026-02-18,Delivered,0,1,6390000.0
PO00284,2025-12-23,S024,P038,Hosur,856,856,10500.0,2026-01-15,2026-01-16,Delivered,0,1,8988000.0
PO00285,2026-08-15,S002,P003,Chengalpattu,1247,1247,3400.0,2026-09-02,2026-09-01,Delivered,0,-1,4239800.0
PO00286,2026-03-26,S026,P041,Chengalpattu,1931,1931,58000.0,2026-04-13,2026-04-11,Delivered,0,-2,111998000.0
PO00287,2025-12-06,S021,P034,Hosur,1961,1961,18000.0,2025-12-30,2026-01-12,Late,0,13,35298000.0
PO00288,2025-09-04,S023,P038,Coimbatore,1978,1978,9500.0,2025-09-22,2025-09-25,Late,0,3,18791000.0
PO00289,2026-04-13,S026,P043,Coimbatore,1759,1759,9500.0,2026-05-01,2026-05-03,Delivered,0,2,16710500.0
PO00290,2025-10-14,S015,P029,Chennai,879,879,280.0,2025-11-01,2025-11-02,Delivered,0,1,246120.0
PO00291,2025-04-01,S009,P018,Coimbatore,438,438,17500.0,2025-04-23,2025-04-21,Delivered,0,-2,7665000.0
PO00292,2026-03-28,S016,P028,Hosur,855,855,8000.0,2026-04-19,2026-04-30,Late,0,11,6840000.0
PO00293,2025-11-30,S008,P016,Chengalpattu,647,384,28000.0,2025-12-18,2025-12-26,Late + Partial,263,8,18116000.0
PO00294,2026-08-19,S023,P039,Chengalpattu,834,464,1800.0,2026-09-06,2026-09-11,Late + Partial,370,5,1501200.0
PO00295,2026-06-22,S009,P018,Coimbatore,1815,1815,17500.0,2026-07-14,2026-07-16,Delivered,0,2,31762500.0
PO00296,2026-03-31,S002,P003,Hosur,1157,1157,3400.0,2026-04-18,2026-04-17,Delivered,0,-1,3933800.0
PO00297,2026-05-05,S024,P038,Coimbatore,424,424,10500.0,2026-05-28,2026-05-29,Delivered,0,1,4452000.0
PO00298,2025-12-13,S025,P044,Hosur,911,911,14000.0,2025-12-26,2025-12-24,Delivered,0,-2,12754000.0
PO00299,2026-07-08,S008,P017,Chengalpattu,614,614,7500.0,2026-07-25,2026-07-23,Delivered,0,-2,4605000.0
PO00300,2026-07-01,S021,P034,Chengalpattu,1546,1546,18000.0,2026-07-25,2026-07-24,Delivered,0,-1,27828000.0
PO00301,2026-06-04,S002,P005,Coimbatore,1729,1729,16500.0,2026-06-23,2026-06-22,Delivered,0,-1,28528500.0
PO00302,2026-08-01,S017,P031,Chennai,195,195,8500.0,2026-08-11,2026-08-09,Delivered,0,-2,1657500.0
PO00303,2026-04-27,S019,P031,Coimbatore,1996,1996,9500.0,2026-05-12,2026-05-11,Delivered,0,-1,18962000.0
PO00304,2025-03-06,S001,P008,Coimbatore,456,456,1800.0,2025-03-21,2025-03-22,Delivered,0,1,820800.0
PO00305,2026-05-11,S026,P042,Coimbatore,1379,1166,13500.0,2026-05-29,2026-06-04,Late + Partial,213,6,18616500.0
PO00306,2025-11-12,S023,P039,Hosur,711,711,1800.0,2025-11-30,2025-11-28,Delivered,0,-2,1279800.0
PO00307,2026-02-26,S020,P036,Coimbatore,1777,1777,6000.0,2026-03-18,2026-03-17,Delivered,0,-1,10662000.0
PO00308,2026-01-25,S006,P011,Coimbatore,1272,1070,45000.0,2026-02-18,2026-02-17,Partial,202,-1,57240000.0
PO00309,2026-01-31,S002,P006,Chennai,1875,1875,9000.0,2026-02-18,2026-02-20,Delivered,0,2,16875000.0
PO00310,2026-06-15,S007,P011,Chengalpattu,1957,1957,48000.0,2026-07-13,2026-07-11,Delivered,0,-2,93936000.0
PO00311,2025-02-10,S013,P024,Hosur,1874,1279,1100.0,2025-03-01,2025-03-14,Late + Partial,595,13,2061400.0
PO00312,2025-05-21,S022,P037,Chennai,819,819,13500.0,2025-06-17,2025-06-17,Delivered,0,0,11056500.0
PO00313,2025-10-25,S006,P012,Hosur,1015,1015,15000.0,2025-11-16,2025-11-17,Delivered,0,1,15225000.0
PO00314,2026-02-16,S011,P024,Hosur,349,349,900.0,2026-02-28,2026-02-26,Delivered,0,-2,314100.0
PO00315,2026-06-20,S026,P044,Chennai,1757,1757,15500.0,2026-07-09,2026-07-10,Delivered,0,1,27233500.0
PO00316,2026-07-26,S018,P030,Chennai,1307,1307,9000.0,2026-08-12,2026-08-10,Delivered,0,-2,11763000.0
PO00317,2025-04-11,S020,P036,Coimbatore,1590,1590,6000.0,2025-05-01,2025-05-08,Late,0,7,9540000.0
PO00318,2026-03-27,S026,P045,Chengalpattu,1466,1466,11500.0,2026-04-14,2026-04-16,Delivered,0,2,16859000.0
PO00319,2025-11-20,S020,P035,Coimbatore,890,890,8500.0,2025-12-10,2025-12-18,Late,0,8,7565000.0
PO00320,2026-06-20,S019,P031,Chengalpattu,1608,1121,9500.0,2026-07-05,2026-07-08,Partial,487,3,15276000.0
PO00321,2026-02-05,S005,P014,Coimbatore,340,340,18000.0,2026-02-25,2026-02-27,Delivered,0,2,6120000.0
PO00322,2025-04-29,S005,P013,Hosur,464,351,28000.0,2025-05-19,2025-05-31,Late + Partial,113,12,12992000.0
PO00323,2025-09-14,S002,P004,Chengalpattu,1053,728,19500.0,2025-10-04,2025-10-03,Partial,325,-1,20533500.0
PO00324,2026-04-10,S008,P018,Chennai,713,713,16000.0,2026-04-28,2026-04-26,Delivered,0,-2,11408000.0
PO00325,2026-05-02,S020,P036,Chennai,1651,1349,6000.0,2026-05-22,2026-06-03,Late + Partial,302,12,9906000.0
PO00326,2025-01-05,S002,P001,Chennai,456,456,88000.0,2025-01-23,2025-01-22,Delivered,0,-1,40128000.0
PO00327,2026-07-02,S023,P038,Chengalpattu,233,233,9500.0,2026-07-20,2026-07-20,Delivered,0,0,2213500.0
PO00328,2025-05-18,S002,P004,Hosur,454,454,19500.0,2025-06-07,2025-06-07,Delivered,0,0,8853000.0
PO00329,2025-04-25,S007,P011,Chengalpattu,1599,1599,48000.0,2025-05-23,2025-05-25,Delivered,0,2,76752000.0
PO00330,2026-08-17,S012,P021,Chennai,592,592,20000.0,2026-09-02,2026-09-03,Delivered,0,1,11840000.0
PO00331,2025-08-10,S016,P025,Coimbatore,1160,1160,14500.0,2025-09-01,2025-09-02,Delivered,0,1,16820000.0
PO00332,2025-08-30,S017,P032,Chennai,379,379,4500.0,2025-09-11,2025-09-15,Late,0,4,1705500.0
PO00333,2026-07-01,S023,P038,Chengalpattu,922,843,9500.0,2026-07-19,2026-07-22,Partial,79,3,8759000.0
PO00334,2025-06-06,S021,P035,Chengalpattu,1812,1812,9500.0,2025-06-30,2025-06-29,Delivered,0,-1,17214000.0
PO00335,2026-04-15,S009,P018,Hosur,910,910,17500.0,2026-05-07,2026-05-09,Delivered,0,2,15925000.0
PO00336,2026-07-25,S002,P007,Chennai,205,144,3500.0,2026-08-12,2026-08-13,Partial,61,1,717500.0
PO00337,2026-05-04,S015,P029,Chennai,1566,1566,280.0,2026-05-22,2026-06-02,Late,0,11,438480.0
PO00338,2026-07-15,S006,P011,Chengalpattu,467,467,45000.0,2026-08-08,2026-08-08,Delivered,0,0,21015000.0
PO00339,2026-05-24,S010,P016,Chennai,350,322,32000.0,2026-06-18,2026-06-19,Partial,28,1,11200000.0
PO00340,2025-10-16,S001,P004,Chengalpattu,1567,1567,18000.0,2025-11-02,2025-11-03,Delivered,0,1,28206000.0
PO00341,2025-11-20,S026,P042,Coimbatore,1774,1774,13500.0,2025-12-08,2025-12-07,Delivered,0,-1,23949000.0
PO00342,2025-02-06,S014,P025,Hosur,1142,1142,12000.0,2025-02-20,2025-02-19,Delivered,0,-1,13704000.0
PO00343,2026-02-01,S020,P034,Hosur,1872,1872,16000.0,2026-02-21,2026-02-25,Late,0,4,29952000.0
PO00344,2026-06-08,S005,P013,Chengalpattu,316,316,28000.0,2026-06-28,2026-07-07,Late,0,9,8848000.0
PO00345,2025-01-12,S001,P007,Coimbatore,1245,1245,3200.0,2025-01-27,2025-02-09,Late,0,13,3984000.0
PO00346,2025-08-03,S026,P043,Chengalpattu,832,832,9500.0,2025-08-21,2025-08-21,Delivered,0,0,7904000.0
PO00347,2026-03-27,S016,P027,Chengalpattu,1111,1111,4000.0,2026-04-17,2026-04-19,Delivered,0,2,4444000.0
PO00348,2025-06-12,S001,P008,Chennai,1735,1735,1800.0,2025-06-27,2025-06-27,Delivered,0,0,3123000.0
PO00349,2026-04-04,S025,P045,Chennai,882,882,10000.0,2026-04-16,2026-04-16,Delivered,0,0,8820000.0
PO00350,2025-07-13,S016,P025,Coimbatore,942,942,14500.0,2025-08-04,2025-08-11,Late,0,7,13659000.0
PO00351,2026-03-10,S001,P009,Hosur,1225,1225,6500.0,2026-03-26,2026-03-28,Delivered,0,2,7962500.0
PO00352,2025-01-19,S025,P042,Chennai,875,875,12000.0,2025-01-31,2025-01-29,Delivered,0,-2,10500000.0
PO00353,2025-05-31,S017,P032,Coimbatore,530,530,4500.0,2025-06-12,2025-06-26,Late,0,14,2385000.0
PO00354,2026-08-10,S025,P045,Chengalpattu,1941,1711,10000.0,2026-08-22,2026-08-24,Partial,230,2,19410000.0
PO00355,2025-05-19,S007,P011,Chengalpattu,1780,1780,48000.0,2025-06-16,2025-06-16,Delivered,0,0,85440000.0
PO00356,2026-02-03,S001,P004,Hosur,1545,1545,18000.0,2026-02-20,2026-03-05,Late,0,13,27810000.0
PO00357,2025-05-03,S026,P042,Chengalpattu,1434,1434,13500.0,2025-05-21,2025-05-20,Delivered,0,-1,19359000.0
PO00358,2025-01-26,S014,P029,Hosur,1657,1657,250.0,2025-02-09,2025-02-10,Delivered,0,1,414250.0
PO00359,2026-02-12,S002,P009,Chennai,174,174,7000.0,2026-03-04,2026-03-02,Delivered,0,-2,1218000.0
PO00360,2026-01-13,S014,P025,Coimbatore,671,671,12000.0,2026-01-27,2026-01-29,Delivered,0,2,8052000.0
PO00361,2025-09-07,S014,P025,Chennai,1866,1494,12000.0,2025-09-21,2025-09-29,Late + Partial,372,8,22392000.0
PO00362,2025-11-29,S011,P024,Coimbatore,1646,1646,900.0,2025-12-11,2025-12-14,Late,0,3,1481400.0
PO00363,2025-04-04,S008,P018,Hosur,1380,1380,16000.0,2025-04-22,2025-04-23,Delivered,0,1,22080000.0
PO00364,2026-01-27,S011,P024,Hosur,1525,1525,900.0,2026-02-08,2026-02-07,Delivered,0,-1,1372500.0
PO00365,2026-05-06,S002,P001,Chengalpattu,860,860,88000.0,2026-05-24,2026-05-26,Delivered,0,2,75680000.0
PO00366,2026-04-29,S008,P020,Hosur,312,312,1800.0,2026-05-16,2026-05-17,Delivered,0,1,561600.0
PO00367,2026-05-09,S001,P009,Chengalpattu,784,784,6500.0,2026-05-25,2026-05-26,Delivered,0,1,5096000.0
PO00368,2026-04-04,S010,P020,Coimbatore,895,895,2100.0,2026-04-28,2026-04-27,Delivered,0,-1,1879500.0
PO00369,2026-06-25,S009,P017,Coimbatore,1635,1635,8200.0,2026-07-16,2026-07-18,Delivered,0,2,13407000.0
PO00370,2025-04-10,S024,P039,Chengalpattu,556,556,2100.0,2025-05-03,2025-05-05,Delivered,0,2,1167600.0
PO00371,2025-08-04,S002,P001,Coimbatore,212,212,88000.0,2025-08-22,2025-09-04,Late,0,13,18656000.0
PO00372,2025-02-11,S021,P036,Hosur,1734,1734,7000.0,2025-03-07,2025-03-06,Delivered,0,-1,12138000.0
PO00373,2026-03-20,S015,P026,Chengalpattu,1945,1945,5000.0,2026-04-07,2026-04-08,Delivered,0,1,9725000.0
PO00374,2026-05-12,S002,P008,Hosur,1349,1203,1950.0,2026-05-31,2026-06-06,Late + Partial,146,6,2630550.0
PO00375,2026-08-18,S025,P043,Chengalpattu,1474,1116,8500.0,2026-08-30,2026-09-01,Partial,358,2,12529000.0
PO00376,2025-10-29,S021,P034,Chennai,737,737,18000.0,2025-11-22,2025-12-06,Late,0,14,13266000.0
PO00377,2025-01-30,S025,P042,Chennai,284,284,12000.0,2025-02-11,2025-02-23,Late,0,12,3408000.0
PO00378,2025-11-23,S002,P004,Chengalpattu,1167,1167,19500.0,2025-12-13,2025-12-17,Late,0,4,22756500.0
PO00379,2025-09-28,S021,P036,Chennai,810,810,7000.0,2025-10-22,2025-10-22,Delivered,0,0,5670000.0
PO00380,2026-04-12,S024,P038,Hosur,1857,1857,10500.0,2026-05-05,2026-05-04,Delivered,0,-1,19498500.0
PO00381,2026-04-01,S018,P030,Chengalpattu,124,93,9000.0,2026-04-18,2026-04-17,Partial,31,-1,1116000.0
PO00382,2025-05-15,S013,P021,Coimbatore,1311,1311,22000.0,2025-06-04,2025-06-06,Delivered,0,2,28842000.0
PO00383,2026-07-27,S005,P012,Chengalpattu,1969,1969,14000.0,2026-08-14,2026-08-14,Delivered,0,0,27566000.0
PO00384,2025-04-16,S024,P039,Coimbatore,1383,1383,2100.0,2025-05-09,2025-05-07,Delivered,0,-2,2904300.0
PO00385,2025-06-07,S019,P032,Hosur,1597,1597,5000.0,2025-06-23,2025-06-21,Delivered,0,-2,7985000.0
PO00386,2026-06-12,S012,P023,Coimbatore,656,656,3800.0,2026-06-28,2026-07-10,Late,0,12,2492800.0
PO00387,2026-05-29,S008,P016,Chengalpattu,100,100,28000.0,2026-06-16,2026-06-17,Delivered,0,1,2800000.0
PO00388,2026-05-25,S001,P006,Chennai,983,983,8500.0,2026-06-09,2026-06-11,Delivered,0,2,8355500.0
PO00389,2025-05-12,S019,P032,Hosur,1275,1275,5000.0,2025-05-28,2025-06-04,Late,0,7,6375000.0
PO00390,2026-07-12,S021,P034,Chennai,1396,1049,18000.0,2026-08-05,2026-08-07,Partial,347,2,25128000.0
PO00391,2026-05-04,S008,P017,Coimbatore,577,577,7500.0,2026-05-21,2026-05-31,Late,0,10,4327500.0
PO00392,2025-06-14,S017,P032,Chennai,318,318,4500.0,2025-06-26,2025-06-28,Delivered,0,2,1431000.0
PO00393,2025-04-15,S009,P017,Chengalpattu,1925,1925,8200.0,2025-05-06,2025-05-14,Late,0,8,15785000.0
PO00394,2025-01-06,S023,P038,Chennai,942,942,9500.0,2025-01-24,2025-01-22,Delivered,0,-2,8949000.0
PO00395,2025-01-21,S001,P004,Coimbatore,738,738,18000.0,2025-02-07,2025-02-08,Delivered,0,1,13284000.0
PO00396,2025-03-28,S021,P034,Chengalpattu,1815,1815,18000.0,2025-04-21,2025-04-19,Delivered,0,-2,32670000.0
PO00397,2025-01-25,S001,P008,Coimbatore,726,726,1800.0,2025-02-09,2025-02-07,Delivered,0,-2,1306800.0
PO00398,2025-07-14,S008,P017,Coimbatore,1197,1197,7500.0,2025-07-31,2025-08-01,Delivered,0,1,8977500.0
PO00399,2025-11-27,S015,P026,Chengalpattu,1393,1393,5000.0,2025-12-15,2025-12-14,Delivered,0,-1,6965000.0
PO00400,2025-07-22,S020,P036,Coimbatore,900,900,6000.0,2025-08-11,2025-08-20,Late,0,9,5400000.0
PO00401,2025-08-20,S001,P004,Hosur,966,966,18000.0,2025-09-06,2025-09-05,Delivered,0,-1,17388000.0
PO00402,2025-10-22,S005,P012,Chengalpattu,819,819,14000.0,2025-11-09,2025-11-09,Delivered,0,0,11466000.0
PO00403,2025-10-17,S020,P037,Chengalpattu,1953,1953,12000.0,2025-11-06,2025-11-15,Late,0,9,23436000.0
PO00404,2026-01-17,S017,P032,Hosur,315,247,4500.0,2026-01-29,2026-01-31,Partial,68,2,1417500.0
PO00405,2026-03-05,S026,P042,Coimbatore,251,251,13500.0,2026-03-23,2026-03-23,Delivered,0,0,3388500.0
PO00406,2025-01-07,S005,P012,Hosur,345,345,14000.0,2025-01-25,2025-01-27,Delivered,0,2,4830000.0
PO00407,2025-04-04,S001,P005,Hosur,1682,1682,15000.0,2025-04-20,2025-04-18,Delivered,0,-2,25230000.0
PO00408,2026-06-04,S025,P041,Coimbatore,871,871,55000.0,2026-06-16,2026-06-17,Delivered,0,1,47905000.0
PO00409,2026-07-27,S021,P035,Hosur,634,634,9500.0,2026-08-20,2026-08-23,Late,0,3,6023000.0
PO00410,2026-03-31,S008,P018,Coimbatore,404,404,16000.0,2026-04-18,2026-04-19,Delivered,0,1,6464000.0
PO00411,2026-08-13,S002,P007,Chengalpattu,135,97,3500.0,2026-08-31,2026-08-31,Partial,38,0,472500.0
PO00412,2026-02-26,S002,P003,Chennai,1694,1694,3400.0,2026-03-16,2026-03-18,Delivered,0,2,5759600.0
PO00413,2025-03-01,S014,P027,Coimbatore,1480,1123,3500.0,2025-03-15,2025-03-15,Partial,357,0,5180000.0
PO00414,2026-04-19,S008,P018,Hosur,1998,1430,16000.0,2026-05-07,2026-05-16,Late + Partial,568,9,31968000.0
PO00415,2025-11-10,S013,P021,Hosur,1424,1424,22000.0,2025-11-30,2025-12-04,Late,0,4,31328000.0
PO00416,2026-07-20,S001,P001,Hosur,977,977,85000.0,2026-08-04,2026-08-06,Delivered,0,2,83045000.0
PO00417,2025-08-24,S011,P022,Coimbatore,988,988,4500.0,2025-09-05,2025-09-06,Delivered,0,1,4446000.0
PO00418,2026-05-15,S017,P031,Chennai,910,910,8500.0,2026-05-25,2026-05-27,Delivered,0,2,7735000.0
PO00419,2025-06-26,S015,P029,Hosur,980,980,280.0,2025-07-14,2025-07-22,Late,0,8,274400.0
PO00420,2025-08-02,S010,P016,Chennai,350,350,32000.0,2025-08-27,2025-08-29,Delivered,0,2,11200000.0
PO00421,2025-05-25,S002,P001,Hosur,1125,1125,88000.0,2025-06-12,2025-06-10,Delivered,0,-2,99000000.0
PO00422,2025-04-08,S016,P027,Chengalpattu,1610,1610,4000.0,2025-04-29,2025-05-01,Delivered,0,2,6440000.0
PO00423,2025-08-16,S008,P018,Hosur,665,665,16000.0,2025-09-03,2025-09-09,Late,0,6,10640000.0
PO00424,2025-11-23,S014,P027,Chennai,573,573,3500.0,2025-12-07,2025-12-07,Delivered,0,0,2005500.0
PO00425,2025-04-26,S013,P021,Coimbatore,172,172,22000.0,2025-05-16,2025-05-18,Delivered,0,2,3784000.0
PO00426,2026-07-07,S017,P030,Chengalpattu,1305,1305,7500.0,2026-07-17,2026-07-15,Delivered,0,-2,9787500.0
PO00427,2026-03-28,S014,P026,Chengalpattu,1678,1678,4500.0,2026-04-11,2026-04-09,Delivered,0,-2,7551000.0
PO00428,2025-06-12,S008,P017,Chennai,257,257,7500.0,2025-06-29,2025-07-01,Delivered,0,2,1927500.0
PO00429,2025-07-10,S001,P005,Chennai,1310,1310,15000.0,2025-07-26,2025-07-26,Delivered,0,0,19650000.0
PO00430,2025-07-06,S011,P024,Chennai,1466,1466,900.0,2025-07-18,2025-07-17,Delivered,0,-1,1319400.0
PO00431,2026-07-26,S008,P016,Coimbatore,683,683,28000.0,2026-08-13,2026-08-11,Delivered,0,-2,19124000.0
PO00432,2026-03-01,S024,P039,Chengalpattu,1538,1538,2100.0,2026-03-24,2026-03-31,Late,0,7,3229800.0
PO00433,2025-06-30,S020,P034,Chennai,1419,1419,16000.0,2025-07-20,2025-07-22,Delivered,0,2,22704000.0
PO00434,2026-06-24,S002,P006,Chennai,1777,1777,9000.0,2026-07-12,2026-07-10,Delivered,0,-2,15993000.0
PO00435,2026-05-07,S017,P032,Chennai,859,859,4500.0,2026-05-19,2026-05-30,Late,0,11,3865500.0
PO00436,2025-09-21,S020,P034,Hosur,204,204,16000.0,2025-10-11,2025-10-11,Delivered,0,0,3264000.0
PO00437,2026-04-16,S011,P022,Hosur,1517,1517,4500.0,2026-04-28,2026-05-01,Late,0,3,6826500.0
PO00438,2025-11-21,S023,P040,Coimbatore,1300,1300,3500.0,2025-12-09,2025-12-10,Delivered,0,1,4550000.0
PO00439,2025-03-12,S001,P010,Chengalpattu,1746,1746,4200.0,2025-03-27,2025-03-27,Delivered,0,0,7333200.0
PO00440,2025-06-09,S007,P011,Hosur,757,585,48000.0,2025-07-07,2025-07-10,Partial,172,3,36336000.0
PO00441,2026-04-13,S007,P014,Hosur,1329,1329,20000.0,2026-05-08,2026-05-06,Delivered,0,-2,26580000.0
PO00442,2025-10-05,S009,P018,Coimbatore,1266,867,17500.0,2025-10-27,2025-10-29,Partial,399,2,22155000.0
PO00443,2025-09-27,S002,P005,Chengalpattu,644,644,16500.0,2025-10-16,2025-10-18,Delivered,0,2,10626000.0
PO00444,2026-01-07,S002,P008,Chennai,1471,1471,1950.0,2026-01-26,2026-02-01,Late,0,6,2868450.0
PO00445,2026-07-12,S009,P018,Hosur,1257,1000,17500.0,2026-08-03,2026-08-06,Partial,257,3,21997500.0
PO00446,2025-01-29,S019,P030,Hosur,1619,1619,8000.0,2025-02-13,2025-02-17,Late,0,4,12952000.0
PO00447,2025-07-07,S010,P016,Hosur,1274,1274,32000.0,2025-08-01,2025-08-01,Delivered,0,0,40768000.0
PO00448,2026-07-09,S018,P030,Hosur,300,300,9000.0,2026-07-26,2026-08-08,Late,0,13,2700000.0
PO00449,2025-07-12,S024,P039,Chennai,480,480,2100.0,2025-08-04,2025-08-04,Delivered,0,0,1008000.0
PO00450,2025-08-28,S021,P036,Hosur,1409,1409,7000.0,2025-09-21,2025-09-21,Delivered,0,0,9863000.0
PO00451,2026-05-16,S015,P026,Chennai,1094,1094,5000.0,2026-06-03,2026-06-03,Delivered,0,0,5470000.0
PO00452,2026-07-21,S008,P020,Hosur,1117,1117,1800.0,2026-08-07,2026-08-08,Delivered,0,1,2010600.0
PO00453,2026-08-18,S025,P043,Chengalpattu,244,201,8500.0,2026-08-30,2026-09-01,Partial,43,2,2074000.0
PO00454,2026-03-15,S004,P002,Hosur,1437,1437,4500.0,2026-04-06,2026-04-07,Delivered,0,1,6466500.0
PO00455,2025-02-10,S017,P031,Chengalpattu,837,837,8500.0,2025-02-20,2025-02-22,Delivered,0,2,7114500.0
PO00456,2025-09-29,S026,P043,Chengalpattu,1218,1218,9500.0,2025-10-17,2025-10-16,Delivered,0,-1,11571000.0
PO00457,2026-07-05,S019,P031,Coimbatore,1486,1211,9500.0,2026-07-20,2026-07-20,Partial,275,0,14117000.0
PO00458,2025-07-04,S020,P036,Chengalpattu,1561,1561,6000.0,2025-07-24,2025-07-27,Late,0,3,9366000.0
PO00459,2025-07-12,S007,P014,Hosur,726,726,20000.0,2025-08-06,2025-08-05,Delivered,0,-1,14520000.0
PO00460,2026-02-07,S005,P012,Hosur,387,387,14000.0,2026-02-25,2026-02-26,Delivered,0,1,5418000.0
PO00461,2025-10-15,S010,P016,Chengalpattu,357,357,32000.0,2025-11-09,2025-11-09,Delivered,0,0,11424000.0
PO00462,2025-12-02,S025,P042,Coimbatore,1128,1128,12000.0,2025-12-14,2025-12-16,Delivered,0,2,13536000.0
PO00463,2025-10-18,S008,P018,Coimbatore,348,348,16000.0,2025-11-05,2025-11-06,Delivered,0,1,5568000.0
PO00464,2026-01-28,S017,P030,Chennai,1143,1143,7500.0,2026-02-07,2026-02-12,Late,0,5,8572500.0
PO00465,2026-05-18,S012,P021,Hosur,1386,865,20000.0,2026-06-03,2026-06-02,Partial,521,-1,27720000.0
PO00466,2026-05-02,S006,P011,Hosur,1895,1895,45000.0,2026-05-26,2026-05-24,Delivered,0,-2,85275000.0
PO00467,2025-02-26,S025,P044,Chengalpattu,1059,1059,14000.0,2025-03-11,2025-03-12,Delivered,0,1,14826000.0
PO00468,2026-05-30,S002,P009,Chennai,243,243,7000.0,2026-06-19,2026-06-17,Delivered,0,-2,1701000.0
PO00469,2026-03-14,S009,P017,Coimbatore,1918,1918,8200.0,2026-04-04,2026-04-02,Delivered,0,-2,15727600.0
PO00470,2026-01-07,S011,P023,Hosur,1243,1243,3500.0,2026-01-19,2026-01-19,Delivered,0,0,4350500.0
PO00471,2025-05-06,S023,P039,Coimbatore,513,513,1800.0,2025-05-24,2025-05-26,Delivered,0,2,923400.0
PO00472,2026-05-15,S022,P037,Coimbatore,1266,1266,13500.0,2026-06-11,2026-06-11,Delivered,0,0,17091000.0
PO00473,2026-03-01,S008,P017,Coimbatore,226,226,7500.0,2026-03-18,2026-03-25,Late,0,7,1695000.0
PO00474,2025-09-27,S018,P030,Hosur,150,150,9000.0,2025-10-14,2025-10-15,Delivered,0,1,1350000.0
PO00475,2025-11-03,S024,P040,Chennai,1016,1016,4000.0,2025-11-26,2025-11-25,Delivered,0,-1,4064000.0
PO00476,2026-06-25,S011,P021,Chengalpattu,1801,1801,18000.0,2026-07-07,2026-07-06,Delivered,0,-1,32418000.0
PO00477,2025-07-09,S019,P032,Hosur,512,512,5000.0,2025-07-25,2025-07-26,Delivered,0,1,2560000.0
PO00478,2025-06-10,S001,P009,Coimbatore,1884,1884,6500.0,2025-06-26,2025-07-05,Late,0,9,12246000.0
PO00479,2025-03-21,S026,P042,Hosur,696,482,13500.0,2025-04-08,2025-04-11,Partial,214,3,9396000.0
PO00480,2026-03-27,S022,P037,Chengalpattu,1598,1598,13500.0,2026-04-23,2026-04-24,Delivered,0,1,21573000.0
PO00481,2025-11-15,S014,P029,Hosur,294,294,250.0,2025-11-29,2025-11-27,Delivered,0,-2,73500.0
PO00482,2025-11-24,S026,P042,Chengalpattu,1759,1759,13500.0,2025-12-12,2025-12-23,Late,0,11,23746500.0
PO00483,2025-06-03,S023,P039,Chennai,953,953,1800.0,2025-06-21,2025-06-19,Delivered,0,-2,1715400.0
PO00484,2026-01-26,S002,P010,Hosur,1058,1058,4500.0,2026-02-14,2026-02-13,Delivered,0,-1,4761000.0
PO00485,2025-04-19,S004,P002,Chengalpattu,1612,1612,4500.0,2025-05-11,2025-05-12,Delivered,0,1,7254000.0
PO00486,2026-03-06,S023,P038,Chengalpattu,1987,1987,9500.0,2026-03-24,2026-03-24,Delivered,0,0,18876500.0
PO00487,2026-04-16,S019,P031,Coimbatore,387,387,9500.0,2026-05-01,2026-04-29,Delivered,0,-2,3676500.0
PO00488,2025-04-18,S014,P027,Coimbatore,242,192,3500.0,2025-05-02,2025-05-05,Partial,50,3,847000.0
PO00489,2026-05-09,S001,P006,Coimbatore,1345,1345,8500.0,2026-05-24,2026-05-23,Delivered,0,-1,11432500.0
PO00490,2025-07-20,S003,P002,Hosur,1482,1482,4200.0,2025-08-14,2025-08-23,Late,0,9,6224400.0
PO00491,2026-01-01,S023,P039,Chennai,391,391,1800.0,2026-01-19,2026-01-26,Late,0,7,703800.0
PO00492,2026-08-08,S016,P025,Chengalpattu,1407,1407,14500.0,2026-08-30,2026-08-30,Delivered,0,0,20401500.0
PO00493,2026-01-12,S006,P012,Hosur,970,970,15000.0,2026-02-03,2026-02-15,Late,0,12,14550000.0
PO00494,2025-12-14,S002,P005,Hosur,1230,1230,16500.0,2026-01-02,2026-01-04,Delivered,0,2,20295000.0
PO00495,2026-06-14,S020,P034,Chennai,589,589,16000.0,2026-07-04,2026-07-03,Delivered,0,-1,9424000.0
PO00496,2025-09-22,S016,P027,Chennai,1931,1931,4000.0,2025-10-13,2025-10-12,Delivered,0,-1,7724000.0
PO00497,2025-05-27,S008,P019,Chengalpattu,295,295,3200.0,2025-06-13,2025-06-21,Late,0,8,944000.0
PO00498,2025-09-10,S001,P007,Chengalpattu,528,327,3200.0,2025-09-25,2025-09-29,Late + Partial,201,4,1689600.0
PO00499,2026-04-03,S007,P011,Chennai,1264,1264,48000.0,2026-05-01,2026-05-02,Delivered,0,1,60672000.0
PO00500,2025-02-03,S015,P029,Chengalpattu,900,900,280.0,2025-02-21,2025-02-20,Delivered,0,-1,252000.0
PO00501,2026-05-25,S020,P036,Chengalpattu,1826,1826,6000.0,2026-06-14,2026-06-13,Delivered,0,-1,10956000.0
PO00502,2025-05-27,S014,P027,Chengalpattu,231,231,3500.0,2025-06-10,2025-06-08,Delivered,0,-2,808500.0
PO00503,2025-12-20,S003,P002,Hosur,834,834,4200.0,2026-01-14,2026-01-18,Late,0,4,3502800.0
PO00504,2025-06-27,S005,P012,Chengalpattu,612,612,14000.0,2025-07-15,2025-07-15,Delivered,0,0,8568000.0
PO00505,2026-01-10,S022,P037,Hosur,1870,1673,13500.0,2026-02-06,2026-02-06,Partial,197,0,25245000.0
PO00506,2026-08-13,S008,P016,Coimbatore,598,598,28000.0,2026-08-31,2026-08-29,Delivered,0,-2,16744000.0
PO00507,2025-11-06,S005,P014,Hosur,571,504,18000.0,2025-11-26,2025-11-26,Partial,67,0,10278000.0
PO00508,2025-03-20,S008,P020,Hosur,536,436,1800.0,2025-04-06,2025-04-09,Partial,100,3,964800.0
PO00509,2026-02-27,S011,P023,Chengalpattu,613,512,3500.0,2026-03-11,2026-03-10,Partial,101,-1,2145500.0
PO00510,2025-08-08,S017,P031,Hosur,1006,1006,8500.0,2025-08-18,2025-08-18,Delivered,0,0,8551000.0
PO00511,2026-04-04,S016,P025,Hosur,219,219,14500.0,2026-04-26,2026-05-05,Late,0,9,3175500.0
PO00512,2026-03-18,S025,P045,Chennai,508,508,10000.0,2026-03-30,2026-04-02,Late,0,3,5080000.0
PO00513,2025-04-13,S002,P010,Chengalpattu,1930,1930,4500.0,2025-05-02,2025-05-10,Late,0,8,8685000.0
PO00514,2025-02-02,S004,P002,Chengalpattu,1717,1717,4500.0,2025-02-24,2025-02-24,Delivered,0,0,7726500.0
PO00515,2026-05-07,S001,P003,Chennai,868,868,3200.0,2026-05-22,2026-05-23,Delivered,0,1,2777600.0
PO00516,2026-06-24,S019,P032,Hosur,1402,1185,5000.0,2026-07-10,2026-07-11,Partial,217,1,7010000.0
PO00517,2025-03-08,S010,P020,Chennai,874,874,2100.0,2025-04-01,2025-03-30,Delivered,0,-2,1835400.0
PO00518,2025-01-17,S010,P016,Chengalpattu,613,613,32000.0,2025-02-11,2025-02-12,Delivered,0,1,19616000.0
PO00519,2025-07-14,S001,P010,Coimbatore,674,674,4200.0,2025-07-29,2025-08-06,Late,0,8,2830800.0
PO00520,2025-08-26,S018,P030,Hosur,638,416,9000.0,2025-09-12,2025-09-23,Late + Partial,222,11,5742000.0
PO00521,2026-04-07,S004,P002,Hosur,734,734,4500.0,2026-04-29,2026-05-01,Delivered,0,2,3303000.0
PO00522,2025-08-24,S022,P037,Chengalpattu,1446,1446,13500.0,2025-09-20,2025-09-18,Delivered,0,-2,19521000.0
PO00523,2025-10-16,S012,P021,Hosur,1541,1541,20000.0,2025-11-01,2025-11-14,Late,0,13,30820000.0
PO00524,2025-05-09,S005,P014,Chennai,110,110,18000.0,2025-05-29,2025-05-31,Delivered,0,2,1980000.0
PO00525,2026-05-05,S006,P011,Chengalpattu,1444,1444,45000.0,2026-05-29,2026-05-30,Delivered,0,1,64980000.0
PO00526,2026-06-10,S026,P042,Chennai,1256,1256,13500.0,2026-06-28,2026-06-28,Delivered,0,0,16956000.0
PO00527,2025-06-29,S014,P029,Hosur,635,635,250.0,2025-07-13,2025-07-17,Late,0,4,158750.0
PO00528,2026-07-22,S008,P018,Hosur,678,678,16000.0,2026-08-09,2026-08-09,Delivered,0,0,10848000.0
PO00529,2025-05-02,S006,P012,Hosur,1347,1238,15000.0,2025-05-24,2025-05-27,Partial,109,3,20205000.0
PO00530,2025-11-23,S015,P026,Chennai,989,682,5000.0,2025-12-11,2025-12-13,Partial,307,2,4945000.0
PO00531,2025-04-20,S011,P021,Chennai,1086,1086,18000.0,2025-05-02,2025-05-02,Delivered,0,0,19548000.0
PO00532,2026-03-23,S002,P009,Coimbatore,222,222,7000.0,2026-04-12,2026-04-21,Late,0,9,1554000.0
PO00533,2026-04-20,S019,P030,Hosur,1023,824,8000.0,2026-05-05,2026-05-16,Late + Partial,199,11,8184000.0
PO00534,2026-08-11,S014,P026,Hosur,1947,1947,4500.0,2026-08-25,2026-09-07,Late,0,13,8761500.0
PO00535,2025-06-24,S017,P032,Chengalpattu,1403,1403,4500.0,2025-07-06,2025-07-07,Delivered,0,1,6313500.0
PO00536,2025-05-09,S001,P004,Chengalpattu,1647,1647,18000.0,2025-05-26,2025-06-07,Late,0,12,29646000.0
PO00537,2025-02-04,S002,P010,Hosur,1419,1419,4500.0,2025-02-23,2025-02-24,Delivered,0,1,6385500.0
PO00538,2025-06-28,S011,P021,Coimbatore,1380,1011,18000.0,2025-07-10,2025-07-11,Partial,369,1,24840000.0
PO00539,2026-04-03,S011,P022,Chengalpattu,768,768,4500.0,2026-04-15,2026-04-13,Delivered,0,-2,3456000.0
PO00540,2026-07-30,S024,P038,Coimbatore,941,941,10500.0,2026-08-22,2026-08-31,Late,0,9,9880500.0
PO00541,2025-05-19,S008,P016,Chengalpattu,1915,1915,28000.0,2025-06-06,2025-06-15,Late,0,9,53620000.0
PO00542,2025-12-13,S025,P043,Coimbatore,878,878,8500.0,2025-12-25,2026-01-01,Late,0,7,7463000.0
PO00543,2025-11-11,S021,P035,Hosur,1212,778,9500.0,2025-12-05,2025-12-12,Late + Partial,434,7,11514000.0
PO00544,2025-08-15,S014,P029,Chennai,490,490,250.0,2025-08-29,2025-08-30,Delivered,0,1,122500.0
PO00545,2025-11-14,S004,P002,Coimbatore,509,509,4500.0,2025-12-06,2025-12-04,Delivered,0,-2,2290500.0
PO00546,2025-07-12,S009,P018,Chengalpattu,997,997,17500.0,2025-08-03,2025-08-04,Delivered,0,1,17447500.0
PO00547,2025-02-22,S002,P007,Hosur,1876,1636,3500.0,2025-03-12,2025-03-12,Partial,240,0,6566000.0
PO00548,2026-05-28,S002,P006,Chennai,1227,1227,9000.0,2026-06-15,2026-06-13,Delivered,0,-2,11043000.0
PO00549,2026-07-10,S001,P003,Chengalpattu,1924,1924,3200.0,2026-07-25,2026-07-25,Delivered,0,0,6156800.0
PO00550,2025-04-22,S014,P026,Coimbatore,891,891,4500.0,2025-05-06,2025-05-08,Delivered,0,2,4009500.0
PO00551,2026-06-03,S002,P007,Chengalpattu,210,210,3500.0,2026-06-21,2026-06-22,Delivered,0,1,735000.0
PO00552,2025-03-05,S002,P010,Chennai,104,104,4500.0,2025-03-24,2025-03-26,Delivered,0,2,468000.0
PO00553,2026-03-19,S002,P006,Chengalpattu,1359,1359,9000.0,2026-04-06,2026-04-04,Delivered,0,-2,12231000.0
PO00554,2025-02-17,S017,P031,Chennai,1369,1369,8500.0,2025-02-27,2025-02-27,Delivered,0,0,11636500.0
PO00555,2026-03-03,S019,P031,Coimbatore,1963,1963,9500.0,2026-03-18,2026-03-20,Delivered,0,2,18648500.0
PO00556,2026-05-07,S024,P039,Coimbatore,1912,1912,2100.0,2026-05-30,2026-05-31,Delivered,0,1,4015200.0
PO00557,2025-08-17,S002,P006,Coimbatore,824,824,9000.0,2025-09-04,2025-09-04,Delivered,0,0,7416000.0
PO00558,2026-04-30,S002,P008,Chennai,700,700,1950.0,2026-05-19,2026-05-21,Delivered,0,2,1365000.0
PO00559,2025-05-21,S007,P011,Chengalpattu,1634,1108,48000.0,2025-06-18,2025-06-17,Partial,526,-1,78432000.0
PO00560,2025-01-20,S001,P001,Chengalpattu,1923,1923,85000.0,2025-02-04,2025-02-17,Late,0,13,163455000.0
PO00561,2025-09-03,S011,P023,Hosur,882,882,3500.0,2025-09-15,2025-09-15,Delivered,0,0,3087000.0
PO00562,2025-01-08,S026,P044,Hosur,243,171,15500.0,2025-01-27,2025-02-07,Late + Partial,72,11,3766500.0
PO00563,2025-01-24,S013,P024,Chengalpattu,924,924,1100.0,2025-02-12,2025-02-10,Delivered,0,-2,1016400.0
PO00564,2025-12-16,S002,P001,Chengalpattu,1770,1770,88000.0,2026-01-03,2026-01-01,Delivered,0,-2,155760000.0
PO00565,2025-12-04,S024,P039,Chennai,549,407,2100.0,2025-12-27,2026-01-07,Late + Partial,142,11,1152900.0
PO00566,2026-04-20,S024,P038,Coimbatore,1711,1711,10500.0,2026-05-13,2026-05-11,Delivered,0,-2,17965500.0
PO00567,2026-05-21,S026,P045,Coimbatore,1445,1445,11500.0,2026-06-08,2026-06-07,Delivered,0,-1,16617500.0
PO00568,2025-03-27,S002,P005,Chengalpattu,1679,1679,16500.0,2025-04-15,2025-04-16,Delivered,0,1,27703500.0
PO00569,2025-12-05,S020,P036,Chennai,518,413,6000.0,2025-12-25,2026-01-03,Late + Partial,105,9,3108000.0
PO00570,2026-08-13,S004,P002,Chengalpattu,737,737,4500.0,2026-09-04,2026-09-18,Late,0,14,3316500.0
PO00571,2025-04-29,S010,P020,Chengalpattu,106,106,2100.0,2025-05-23,2025-05-22,Delivered,0,-1,222600.0
PO00572,2025-08-04,S017,P032,Hosur,1166,788,4500.0,2025-08-16,2025-08-25,Late + Partial,378,9,5247000.0
PO00573,2025-07-24,S024,P039,Coimbatore,1411,1411,2100.0,2025-08-16,2025-08-26,Late,0,10,2963100.0
PO00574,2026-01-21,S015,P029,Coimbatore,1624,1624,280.0,2026-02-08,2026-02-16,Late,0,8,454720.0
PO00575,2025-03-20,S016,P027,Hosur,1921,1921,4000.0,2025-04-10,2025-04-16,Late,0,6,7684000.0
PO00576,2025-02-23,S022,P037,Hosur,420,420,13500.0,2025-03-22,2025-03-21,Delivered,0,-1,5670000.0
PO00577,2025-03-09,S011,P023,Coimbatore,1249,1249,3500.0,2025-03-21,2025-03-21,Delivered,0,0,4371500.0
PO00578,2026-04-02,S009,P016,Hosur,840,840,30000.0,2026-04-23,2026-05-02,Late,0,9,25200000.0
PO00579,2026-05-10,S012,P021,Chennai,638,560,20000.0,2026-05-26,2026-05-25,Partial,78,-1,12760000.0
PO00580,2025-09-28,S001,P006,Coimbatore,1397,1397,8500.0,2025-10-13,2025-10-12,Delivered,0,-1,11874500.0
PO00581,2026-02-16,S014,P029,Coimbatore,1381,1381,250.0,2026-03-02,2026-03-02,Delivered,0,0,345250.0
PO00582,2026-08-08,S025,P042,Coimbatore,1478,1478,12000.0,2026-08-20,2026-08-19,Delivered,0,-1,17736000.0
PO00583,2026-02-11,S024,P040,Chengalpattu,640,640,4000.0,2026-03-06,2026-03-08,Delivered,0,2,2560000.0
PO00584,2025-10-30,S025,P044,Hosur,437,437,14000.0,2025-11-12,2025-11-21,Late,0,9,6118000.0
PO00585,2025-03-02,S015,P029,Coimbatore,366,366,280.0,2025-03-20,2025-04-02,Late,0,13,102480.0
PO00586,2026-04-03,S007,P013,Coimbatore,1337,1337,31000.0,2026-04-29,2026-05-04,Late,0,5,41447000.0
PO00587,2025-06-02,S009,P019,Chengalpattu,628,628,3500.0,2025-06-23,2025-06-25,Delivered,0,2,2198000.0
PO00588,2025-08-30,S001,P007,Chennai,233,233,3200.0,2025-09-14,2025-09-12,Delivered,0,-2,745600.0
PO00589,2025-03-27,S026,P042,Hosur,772,772,13500.0,2025-04-14,2025-04-13,Delivered,0,-1,10422000.0
PO00590,2026-05-18,S008,P017,Coimbatore,1888,1033,7500.0,2026-06-04,2026-06-08,Late + Partial,855,4,14160000.0
PO00591,2026-08-07,S007,P014,Chennai,1305,1305,20000.0,2026-09-01,2026-09-06,Late,0,5,26100000.0
PO00592,2026-01-22,S014,P027,Hosur,868,868,3500.0,2026-02-05,2026-02-05,Delivered,0,0,3038000.0
PO00593,2025-09-16,S015,P029,Chengalpattu,1350,1350,280.0,2025-10-04,2025-10-15,Late,0,11,378000.0
PO00594,2026-01-30,S008,P017,Chennai,365,365,7500.0,2026-02-16,2026-02-18,Delivered,0,2,2737500.0
PO00595,2025-08-30,S013,P024,Hosur,146,146,1100.0,2025-09-18,2025-09-19,Delivered,0,1,160600.0
PO00596,2026-08-14,S026,P045,Hosur,1779,1779,11500.0,2026-09-01,2026-09-01,Delivered,0,0,20458500.0
PO00597,2025-01-18,S009,P019,Chengalpattu,1879,1879,3500.0,2025-02-08,2025-02-07,Delivered,0,-1,6576500.0
PO00598,2025-06-06,S008,P019,Chengalpattu,1378,997,3200.0,2025-06-23,2025-06-26,Partial,381,3,4409600.0
PO00599,2025-02-04,S014,P027,Coimbatore,1360,1360,3500.0,2025-02-18,2025-02-20,Delivered,0,2,4760000.0
PO00600,2026-07-09,S008,P020,Chengalpattu,399,399,1800.0,2026-07-26,2026-07-27,Delivered,0,1,718200.0
PO00601,2026-03-02,S022,P037,Chengalpattu,943,943,13500.0,2026-03-29,2026-03-29,Delivered,0,0,12730500.0
PO00602,2025-12-07,S026,P041,Chennai,1302,1302,58000.0,2025-12-25,2026-01-02,Late,0,8,75516000.0
PO00603,2026-08-09,S026,P041,Hosur,1034,1034,58000.0,2026-08-27,2026-08-26,Delivered,0,-1,59972000.0
PO00604,2025-02-18,S012,P021,Chengalpattu,777,777,20000.0,2025-03-06,2025-03-08,Delivered,0,2,15540000.0
PO00605,2026-06-16,S020,P035,Chennai,1693,1693,8500.0,2026-07-06,2026-07-04,Delivered,0,-2,14390500.0
PO00606,2025-01-04,S008,P018,Coimbatore,123,105,16000.0,2025-01-22,2025-01-21,Partial,18,-1,1968000.0
PO00607,2025-06-10,S024,P038,Chennai,1849,1849,10500.0,2025-07-03,2025-07-11,Late,0,8,19414500.0
PO00608,2026-06-04,S012,P021,Chengalpattu,1505,1326,20000.0,2026-06-20,2026-06-23,Partial,179,3,30100000.0
PO00609,2026-01-29,S025,P044,Chennai,1768,1768,14000.0,2026-02-11,2026-02-09,Delivered,0,-2,24752000.0
PO00610,2026-08-13,S023,P039,Coimbatore,1971,1971,1800.0,2026-08-31,2026-09-05,Late,0,5,3547800.0
PO00611,2026-02-09,S015,P025,Hosur,1077,1077,13500.0,2026-02-27,2026-02-27,Delivered,0,0,14539500.0
PO00612,2025-08-12,S007,P013,Chennai,673,673,31000.0,2025-09-07,2025-09-20,Late,0,13,20863000.0
PO00613,2025-05-11,S014,P027,Hosur,1145,1145,3500.0,2025-05-25,2025-05-29,Late,0,4,4007500.0
PO00614,2025-10-14,S010,P016,Hosur,1382,1382,32000.0,2025-11-08,2025-11-10,Delivered,0,2,44224000.0
PO00615,2026-02-28,S015,P029,Hosur,330,330,280.0,2026-03-18,2026-03-20,Delivered,0,2,92400.0
PO00616,2025-05-23,S021,P036,Coimbatore,990,641,7000.0,2025-06-16,2025-06-17,Partial,349,1,6930000.0
PO00617,2026-03-24,S001,P009,Chennai,1714,1420,6500.0,2026-04-09,2026-04-09,Partial,294,0,11141000.0
PO00618,2025-12-14,S024,P040,Chennai,1298,1298,4000.0,2026-01-06,2026-01-08,Delivered,0,2,5192000.0
PO00619,2025-05-10,S007,P011,Hosur,1887,1887,48000.0,2025-06-07,2025-06-07,Delivered,0,0,90576000.0
PO00620,2025-12-31,S004,P002,Hosur,302,302,4500.0,2026-01-22,2026-01-22,Delivered,0,0,1359000.0
PO00621,2025-01-11,S024,P040,Chennai,1361,1361,4000.0,2025-02-03,2025-02-01,Delivered,0,-2,5444000.0
PO00622,2025-03-07,S010,P020,Coimbatore,626,626,2100.0,2025-03-31,2025-04-02,Delivered,0,2,1314600.0
PO00623,2026-06-12,S013,P021,Coimbatore,576,576,22000.0,2026-07-02,2026-07-02,Delivered,0,0,12672000.0
PO00624,2025-10-18,S025,P045,Chennai,1915,1915,10000.0,2025-10-30,2025-10-28,Delivered,0,-2,19150000.0
PO00625,2025-09-22,S025,P041,Chennai,302,302,55000.0,2025-10-04,2025-10-05,Delivered,0,1,16610000.0
PO00626,2026-04-06,S001,P004,Hosur,1035,1035,18000.0,2026-04-23,2026-05-05,Late,0,12,18630000.0
PO00627,2025-09-12,S002,P007,Chengalpattu,1285,1285,3500.0,2025-09-30,2025-09-28,Delivered,0,-2,4497500.0
PO00628,2025-12-01,S021,P036,Hosur,1578,1578,7000.0,2025-12-25,2026-01-08,Late,0,14,11046000.0
PO00629,2026-06-29,S015,P025,Coimbatore,512,435,13500.0,2026-07-17,2026-07-20,Partial,77,3,6912000.0
PO00630,2025-10-23,S001,P008,Chengalpattu,1481,1481,1800.0,2025-11-07,2025-11-06,Delivered,0,-1,2665800.0
PO00631,2025-01-09,S015,P025,Chengalpattu,321,321,13500.0,2025-01-27,2025-01-27,Delivered,0,0,4333500.0
PO00632,2025-01-11,S001,P009,Chengalpattu,968,968,6500.0,2025-01-27,2025-02-09,Late,0,13,6292000.0
PO00633,2025-02-15,S006,P012,Chennai,785,785,15000.0,2025-03-09,2025-03-07,Delivered,0,-2,11775000.0
PO00634,2025-11-12,S009,P017,Hosur,502,502,8200.0,2025-12-03,2025-12-03,Delivered,0,0,4116400.0
PO00635,2026-02-12,S008,P018,Coimbatore,1850,1850,16000.0,2026-03-02,2026-03-04,Delivered,0,2,29600000.0
PO00636,2026-05-04,S022,P037,Hosur,1181,1181,13500.0,2026-05-31,2026-05-30,Delivered,0,-1,15943500.0
PO00637,2025-08-15,S024,P040,Chengalpattu,1838,1617,4000.0,2025-09-07,2025-09-07,Partial,221,0,7352000.0
PO00638,2026-08-24,S001,P009,Hosur,921,921,6500.0,2026-09-09,2026-09-14,Late,0,5,5986500.0
PO00639,2025-07-13,S023,P038,Hosur,637,637,9500.0,2025-07-31,2025-08-02,Delivered,0,2,6051500.0
PO00640,2025-03-20,S013,P024,Coimbatore,1259,1259,1100.0,2025-04-08,2025-04-08,Delivered,0,0,1384900.0
PO00641,2026-01-21,S012,P021,Chennai,1772,1772,20000.0,2026-02-06,2026-02-07,Delivered,0,1,35440000.0
PO00642,2025-10-03,S026,P044,Chengalpattu,924,924,15500.0,2025-10-22,2025-10-23,Delivered,0,1,14322000.0
PO00643,2025-06-06,S013,P024,Coimbatore,1257,1257,1100.0,2025-06-25,2025-06-26,Delivered,0,1,1382700.0
PO00644,2025-01-25,S012,P023,Chengalpattu,399,399,3800.0,2025-02-10,2025-02-16,Late,0,6,1516200.0
PO00645,2025-07-16,S006,P012,Chengalpattu,1727,1727,15000.0,2025-08-07,2025-08-05,Delivered,0,-2,25905000.0
PO00646,2026-08-19,S016,P027,Hosur,656,656,4000.0,2026-09-09,2026-09-20,Late,0,11,2624000.0
PO00647,2026-03-14,S015,P029,Coimbatore,406,406,280.0,2026-04-01,2026-04-03,Delivered,0,2,113680.0
PO00648,2025-07-26,S011,P021,Coimbatore,1448,736,18000.0,2025-08-07,2025-08-11,Late + Partial,712,4,26064000.0
PO00649,2026-02-25,S025,P045,Hosur,772,706,10000.0,2026-03-09,2026-03-09,Partial,66,0,7720000.0
PO00650,2025-08-08,S021,P035,Chengalpattu,1077,1077,9500.0,2025-09-01,2025-09-04,Late,0,3,10231500.0
PO00651,2025-03-09,S024,P038,Chengalpattu,206,159,10500.0,2025-04-01,2025-04-04,Partial,47,3,2163000.0
PO00652,2026-04-25,S011,P024,Chengalpattu,516,432,900.0,2026-05-07,2026-05-10,Late + Partial,84,3,464400.0
PO00653,2025-07-30,S021,P036,Chengalpattu,1916,1916,7000.0,2025-08-23,2025-08-25,Delivered,0,2,13412000.0
PO00654,2025-05-30,S014,P027,Chennai,1859,1859,3500.0,2025-06-13,2025-06-11,Delivered,0,-2,6506500.0
PO00655,2025-09-20,S025,P041,Chengalpattu,1174,1174,55000.0,2025-10-02,2025-10-02,Delivered,0,0,64570000.0
PO00656,2025-05-05,S008,P016,Chengalpattu,1979,1979,28000.0,2025-05-23,2025-05-23,Delivered,0,0,55412000.0
PO00657,2026-08-12,S023,P038,Chengalpattu,1570,1570,9500.0,2026-08-30,2026-08-29,Delivered,0,-1,14915000.0
PO00658,2025-07-31,S026,P042,Chengalpattu,1839,1147,13500.0,2025-08-18,2025-08-18,Partial,692,0,24826500.0
PO00659,2026-01-23,S008,P016,Chengalpattu,1230,1086,28000.0,2026-02-10,2026-02-10,Partial,144,0,34440000.0
PO00660,2026-08-17,S002,P006,Chengalpattu,140,140,9000.0,2026-09-04,2026-09-04,Delivered,0,0,1260000.0
PO00661,2025-02-28,S005,P011,Chennai,1675,1675,42000.0,2025-03-20,2025-03-21,Delivered,0,1,70350000.0
PO00662,2025-09-20,S011,P022,Hosur,114,114,4500.0,2025-10-02,2025-09-30,Delivered,0,-2,513000.0
PO00663,2026-05-17,S014,P027,Chennai,437,277,3500.0,2026-05-31,2026-06-12,Late + Partial,160,12,1529500.0
PO00664,2026-03-21,S001,P001,Chennai,391,391,85000.0,2026-04-05,2026-04-03,Delivered,0,-2,33235000.0
PO00665,2026-01-12,S010,P020,Coimbatore,663,568,2100.0,2026-02-05,2026-02-12,Late + Partial,95,7,1392300.0
PO00666,2025-11-05,S014,P025,Chengalpattu,160,160,12000.0,2025-11-19,2025-11-21,Delivered,0,2,1920000.0
PO00667,2025-03-29,S016,P027,Chengalpattu,1243,1243,4000.0,2025-04-19,2025-04-19,Delivered,0,0,4972000.0
PO00668,2026-06-17,S011,P021,Chennai,1752,939,18000.0,2026-06-29,2026-07-13,Late + Partial,813,14,31536000.0
PO00669,2025-11-06,S002,P010,Coimbatore,193,193,4500.0,2025-11-25,2025-11-23,Delivered,0,-2,868500.0
PO00670,2025-02-07,S024,P039,Coimbatore,1189,1189,2100.0,2025-03-02,2025-03-02,Delivered,0,0,2496900.0
PO00671,2025-05-12,S014,P026,Hosur,1221,1221,4500.0,2025-05-26,2025-05-24,Delivered,0,-2,5494500.0
PO00672,2025-07-25,S025,P042,Hosur,735,735,12000.0,2025-08-06,2025-08-04,Delivered,0,-2,8820000.0
PO00673,2026-03-14,S020,P034,Hosur,850,758,16000.0,2026-04-03,2026-04-16,Late + Partial,92,13,13600000.0
PO00674,2026-07-12,S012,P021,Hosur,303,233,20000.0,2026-07-28,2026-07-28,Partial,70,0,6060000.0
PO00675,2025-06-05,S008,P019,Chengalpattu,614,614,3200.0,2025-06-22,2025-07-05,Late,0,13,1964800.0
PO00676,2026-02-13,S026,P043,Coimbatore,982,982,9500.0,2026-03-03,2026-03-01,Delivered,0,-2,9329000.0
PO00677,2025-03-29,S006,P012,Hosur,1109,1109,15000.0,2025-04-20,2025-04-18,Delivered,0,-2,16635000.0
PO00678,2025-11-14,S026,P043,Hosur,859,859,9500.0,2025-12-02,2025-11-30,Delivered,0,-2,8160500.0
PO00679,2026-07-10,S001,P007,Chengalpattu,581,476,3200.0,2026-07-25,2026-07-25,Partial,105,0,1859200.0
PO00680,2025-09-11,S022,P037,Chengalpattu,366,366,13500.0,2025-10-08,2025-10-17,Late,0,9,4941000.0
PO00681,2025-04-09,S020,P037,Coimbatore,609,609,12000.0,2025-04-29,2025-04-28,Delivered,0,-1,7308000.0
PO00682,2026-03-16,S009,P017,Chengalpattu,1251,1251,8200.0,2026-04-06,2026-04-07,Delivered,0,1,10258200.0
PO00683,2025-07-23,S014,P027,Hosur,1614,1614,3500.0,2025-08-06,2025-08-07,Delivered,0,1,5649000.0
PO00684,2025-02-10,S009,P019,Chennai,719,719,3500.0,2025-03-03,2025-03-03,Delivered,0,0,2516500.0
PO00685,2026-07-03,S001,P004,Chennai,1064,1064,18000.0,2026-07-20,2026-07-29,Late,0,9,19152000.0
PO00686,2026-02-23,S023,P040,Chengalpattu,1424,1424,3500.0,2026-03-13,2026-03-15,Delivered,0,2,4984000.0
PO00687,2025-08-04,S002,P009,Chengalpattu,443,443,7000.0,2025-08-24,2025-08-23,Delivered,0,-1,3101000.0
PO00688,2025-12-31,S025,P044,Chennai,1160,1160,14000.0,2026-01-13,2026-01-26,Late,0,13,16240000.0
PO00689,2026-04-08,S013,P024,Hosur,1592,1592,1100.0,2026-04-27,2026-04-25,Delivered,0,-2,1751200.0
PO00690,2026-07-19,S026,P045,Chennai,1071,1071,11500.0,2026-08-06,2026-08-07,Delivered,0,1,12316500.0
PO00691,2025-06-23,S025,P044,Chennai,445,445,14000.0,2025-07-06,2025-07-04,Delivered,0,-2,6230000.0
PO00692,2025-12-09,S011,P022,Chennai,431,431,4500.0,2025-12-21,2025-12-22,Delivered,0,1,1939500.0
PO00693,2026-02-16,S013,P021,Coimbatore,870,870,22000.0,2026-03-08,2026-03-10,Delivered,0,2,19140000.0
PO00694,2025-04-06,S025,P043,Coimbatore,273,273,8500.0,2025-04-18,2025-04-27,Late,0,9,2320500.0
PO00695,2025-08-07,S020,P034,Coimbatore,1539,1539,16000.0,2025-08-27,2025-08-28,Delivered,0,1,24624000.0
PO00696,2025-11-04,S026,P041,Hosur,1779,1779,58000.0,2025-11-22,2025-11-21,Delivered,0,-1,103182000.0
PO00697,2025-11-11,S007,P011,Chengalpattu,1346,1346,48000.0,2025-12-09,2025-12-07,Delivered,0,-2,64608000.0
PO00698,2025-05-11,S014,P027,Chennai,1960,1404,3500.0,2025-05-25,2025-05-24,Partial,556,-1,6860000.0
PO00699,2025-03-04,S026,P044,Chennai,698,698,15500.0,2025-03-23,2025-04-05,Late,0,13,10819000.0
PO00700,2026-03-01,S006,P011,Hosur,1700,1029,45000.0,2026-03-25,2026-04-02,Late + Partial,671,8,76500000.0
PO00701,2026-05-24,S014,P026,Coimbatore,1060,1060,4500.0,2026-06-07,2026-06-20,Late,0,13,4770000.0
PO00702,2026-01-05,S010,P016,Coimbatore,1279,1279,32000.0,2026-01-30,2026-01-29,Delivered,0,-1,40928000.0
PO00703,2025-08-17,S015,P029,Chennai,604,604,280.0,2025-09-04,2025-09-06,Delivered,0,2,169120.0
PO00704,2025-07-10,S019,P032,Chengalpattu,1961,1961,5000.0,2025-07-26,2025-07-28,Delivered,0,2,9805000.0
PO00705,2026-04-17,S005,P013,Hosur,261,261,28000.0,2026-05-07,2026-05-07,Delivered,0,0,7308000.0
PO00706,2025-07-02,S001,P010,Coimbatore,1949,1949,4200.0,2025-07-17,2025-07-17,Delivered,0,0,8185800.0
PO00707,2025-02-17,S016,P028,Coimbatore,1250,911,8000.0,2025-03-11,2025-03-12,Partial,339,1,10000000.0
PO00708,2026-03-15,S015,P025,Coimbatore,871,871,13500.0,2026-04-02,2026-04-02,Delivered,0,0,11758500.0
PO00709,2026-02-10,S013,P021,Chengalpattu,1653,1653,22000.0,2026-03-02,2026-03-02,Delivered,0,0,36366000.0
PO00710,2026-04-11,S020,P034,Hosur,203,203,16000.0,2026-05-01,2026-05-07,Late,0,6,3248000.0
PO00711,2026-08-11,S024,P039,Chengalpattu,1526,1526,2100.0,2026-09-03,2026-09-04,Delivered,0,1,3204600.0
PO00712,2025-10-01,S017,P031,Hosur,356,356,8500.0,2025-10-11,2025-10-12,Delivered,0,1,3026000.0
PO00713,2026-02-25,S025,P044,Coimbatore,1523,1523,14000.0,2026-03-10,2026-03-12,Delivered,0,2,21322000.0
PO00714,2025-05-29,S009,P016,Chennai,1999,1999,30000.0,2025-06-19,2025-06-20,Delivered,0,1,59970000.0
PO00715,2026-04-14,S009,P017,Coimbatore,1505,1505,8200.0,2026-05-05,2026-05-05,Delivered,0,0,12341000.0
PO00716,2025-07-24,S008,P018,Chengalpattu,1816,1816,16000.0,2025-08-11,2025-08-12,Delivered,0,1,29056000.0
PO00717,2025-10-16,S024,P038,Coimbatore,1750,1750,10500.0,2025-11-08,2025-11-09,Delivered,0,1,18375000.0
PO00718,2026-06-30,S014,P026,Chennai,142,142,4500.0,2026-07-14,2026-07-19,Late,0,5,639000.0
PO00719,2025-09-24,S001,P008,Hosur,373,373,1800.0,2025-10-09,2025-10-11,Delivered,0,2,671400.0
PO00720,2025-12-31,S002,P008,Chennai,1061,1061,1950.0,2026-01-19,2026-01-17,Delivered,0,-2,2068950.0
PO00721,2025-08-03,S016,P025,Coimbatore,655,655,14500.0,2025-08-25,2025-08-27,Delivered,0,2,9497500.0
PO00722,2025-11-03,S021,P034,Coimbatore,1568,1568,18000.0,2025-11-27,2025-11-29,Delivered,0,2,28224000.0
PO00723,2025-08-26,S011,P023,Chengalpattu,1224,1224,3500.0,2025-09-07,2025-09-07,Delivered,0,0,4284000.0
PO00724,2026-03-05,S019,P031,Chengalpattu,505,505,9500.0,2026-03-20,2026-03-19,Delivered,0,-1,4797500.0
PO00725,2026-06-06,S001,P003,Coimbatore,1701,1174,3200.0,2026-06-21,2026-06-22,Partial,527,1,5443200.0
PO00726,2026-06-21,S015,P026,Hosur,1352,1352,5000.0,2026-07-09,2026-07-17,Late,0,8,6760000.0
PO00727,2025-09-04,S026,P042,Coimbatore,1344,1344,13500.0,2025-09-22,2025-09-22,Delivered,0,0,18144000.0
PO00728,2026-02-24,S021,P034,Coimbatore,1577,1577,18000.0,2026-03-20,2026-03-19,Delivered,0,-1,28386000.0
PO00729,2025-08-12,S005,P013,Chennai,1881,1881,28000.0,2025-09-01,2025-09-03,Delivered,0,2,52668000.0
PO00730,2026-02-16,S002,P007,Chengalpattu,725,725,3500.0,2026-03-06,2026-03-06,Delivered,0,0,2537500.0
PO00731,2025-12-20,S012,P021,Chengalpattu,865,602,20000.0,2026-01-05,2026-01-14,Late + Partial,263,9,17300000.0
PO00732,2026-08-15,S002,P004,Chengalpattu,1379,1379,19500.0,2026-09-04,2026-09-16,Late,0,12,26890500.0
PO00733,2025-02-23,S011,P022,Chennai,430,430,4500.0,2025-03-07,2025-03-08,Delivered,0,1,1935000.0
PO00734,2025-10-19,S001,P007,Chennai,947,524,3200.0,2025-11-03,2025-11-10,Late + Partial,423,7,3030400.0
PO00735,2025-12-30,S018,P030,Chennai,1411,1411,9000.0,2026-01-16,2026-01-16,Delivered,0,0,12699000.0
PO00736,2025-08-17,S026,P042,Chennai,1318,919,13500.0,2025-09-04,2025-09-08,Late + Partial,399,4,17793000.0
PO00737,2025-10-18,S026,P044,Coimbatore,558,558,15500.0,2025-11-06,2025-11-05,Delivered,0,-1,8649000.0
PO00738,2025-09-24,S001,P006,Hosur,1016,906,8500.0,2025-10-09,2025-10-20,Late + Partial,110,11,8636000.0
PO00739,2026-03-29,S020,P036,Chennai,723,723,6000.0,2026-04-18,2026-04-20,Delivered,0,2,4338000.0
PO00740,2025-09-27,S018,P030,Coimbatore,998,998,9000.0,2025-10-14,2025-10-25,Late,0,11,8982000.0
PO00741,2026-04-11,S009,P019,Hosur,665,596,3500.0,2026-05-02,2026-05-08,Late + Partial,69,6,2327500.0
PO00742,2025-07-03,S001,P005,Chengalpattu,1337,1337,15000.0,2025-07-19,2025-07-20,Delivered,0,1,20055000.0
PO00743,2025-03-06,S002,P005,Chennai,1738,1738,16500.0,2025-03-25,2025-03-23,Delivered,0,-2,28677000.0
PO00744,2026-01-04,S021,P036,Coimbatore,1284,1284,7000.0,2026-01-28,2026-01-29,Delivered,0,1,8988000.0
PO00745,2026-05-07,S021,P034,Chengalpattu,1027,1027,18000.0,2026-05-31,2026-06-13,Late,0,13,18486000.0
PO00746,2025-07-14,S016,P025,Hosur,730,730,14500.0,2025-08-05,2025-08-11,Late,0,6,10585000.0
PO00747,2025-06-14,S008,P016,Chengalpattu,1340,1340,28000.0,2025-07-02,2025-07-02,Delivered,0,0,37520000.0
PO00748,2025-08-11,S011,P023,Hosur,1112,1112,3500.0,2025-08-23,2025-08-21,Delivered,0,-2,3892000.0
PO00749,2026-05-29,S012,P023,Chengalpattu,690,690,3800.0,2026-06-14,2026-06-23,Late,0,9,2622000.0
PO00750,2025-06-09,S001,P005,Coimbatore,1899,1899,15000.0,2025-06-25,2025-07-02,Late,0,7,28485000.0
PO00751,2026-06-08,S009,P018,Chennai,923,923,17500.0,2026-06-30,2026-06-28,Delivered,0,-2,16152500.0
PO00752,2026-01-20,S008,P016,Chennai,1042,1042,28000.0,2026-02-07,2026-02-08,Delivered,0,1,29176000.0
PO00753,2025-09-06,S025,P044,Coimbatore,306,306,14000.0,2025-09-19,2025-09-20,Delivered,0,1,4284000.0
PO00754,2025-03-06,S002,P004,Chengalpattu,168,131,19500.0,2025-03-26,2025-03-27,Partial,37,1,3276000.0
PO00755,2025-09-14,S002,P004,Coimbatore,1536,1536,19500.0,2025-10-04,2025-10-02,Delivered,0,-2,29952000.0
PO00756,2026-06-04,S013,P021,Chennai,1433,1433,22000.0,2026-06-24,2026-06-26,Delivered,0,2,31526000.0
PO00757,2026-03-01,S002,P007,Chennai,762,762,3500.0,2026-03-19,2026-03-18,Delivered,0,-1,2667000.0
PO00758,2026-07-26,S020,P034,Coimbatore,444,404,16000.0,2026-08-15,2026-08-17,Partial,40,2,7104000.0
PO00759,2025-10-12,S012,P021,Chengalpattu,853,853,20000.0,2025-10-28,2025-11-11,Late,0,14,17060000.0
PO00760,2025-02-28,S002,P009,Hosur,1869,1869,7000.0,2025-03-20,2025-03-31,Late,0,11,13083000.0
PO00761,2025-09-13,S001,P004,Hosur,1624,1624,18000.0,2025-09-30,2025-10-01,Delivered,0,1,29232000.0
PO00762,2025-08-11,S023,P039,Chengalpattu,1404,983,1800.0,2025-08-29,2025-08-28,Partial,421,-1,2527200.0
PO00763,2025-05-13,S015,P026,Chengalpattu,1463,1463,5000.0,2025-05-31,2025-06-05,Late,0,5,7315000.0
PO00764,2025-10-02,S001,P001,Hosur,787,787,85000.0,2025-10-17,2025-10-16,Delivered,0,-1,66895000.0
PO00765,2025-11-16,S013,P024,Hosur,1145,1145,1100.0,2025-12-05,2025-12-07,Delivered,0,2,1259500.0
PO00766,2025-11-30,S012,P021,Hosur,601,601,20000.0,2025-12-16,2025-12-14,Delivered,0,-2,12020000.0
PO00767,2025-03-24,S024,P039,Hosur,362,362,2100.0,2025-04-16,2025-04-17,Delivered,0,1,760200.0
PO00768,2025-06-13,S002,P001,Chennai,501,501,88000.0,2025-07-01,2025-07-04,Late,0,3,44088000.0
PO00769,2026-08-10,S002,P008,Coimbatore,1028,1028,1950.0,2026-08-29,2026-08-30,Delivered,0,1,2004600.0
PO00770,2026-07-16,S002,P005,Coimbatore,1725,1725,16500.0,2026-08-04,2026-08-06,Delivered,0,2,28462500.0
PO00771,2025-11-03,S001,P006,Chennai,1316,1316,8500.0,2025-11-18,2025-11-21,Late,0,3,11186000.0
PO00772,2025-08-14,S002,P003,Hosur,363,223,3400.0,2025-09-01,2025-08-31,Partial,140,-1,1234200.0
PO00773,2025-05-18,S001,P006,Chengalpattu,519,519,8500.0,2025-06-02,2025-06-05,Late,0,3,4411500.0
PO00774,2025-01-06,S017,P030,Coimbatore,1133,1133,7500.0,2025-01-16,2025-01-16,Delivered,0,0,8497500.0
PO00775,2025-08-13,S015,P029,Hosur,886,886,280.0,2025-08-31,2025-09-01,Delivered,0,1,248080.0
PO00776,2025-06-03,S026,P043,Hosur,1015,1015,9500.0,2025-06-21,2025-06-21,Delivered,0,0,9642500.0
PO00777,2026-04-08,S019,P032,Chengalpattu,1937,1181,5000.0,2026-04-24,2026-04-26,Partial,756,2,9685000.0
PO00778,2025-08-23,S001,P005,Chennai,1547,1547,15000.0,2025-09-08,2025-09-08,Delivered,0,0,23205000.0
PO00779,2026-06-27,S001,P008,Hosur,1224,1224,1800.0,2026-07-12,2026-07-10,Delivered,0,-2,2203200.0
PO00780,2025-01-23,S007,P014,Chengalpattu,842,662,20000.0,2025-02-17,2025-02-20,Partial,180,3,16840000.0
PO00781,2026-07-25,S011,P024,Coimbatore,711,711,900.0,2026-08-06,2026-08-04,Delivered,0,-2,639900.0
PO00782,2025-07-21,S012,P022,Chennai,1241,1241,5000.0,2025-08-06,2025-08-09,Late,0,3,6205000.0
PO00783,2025-11-29,S017,P031,Chennai,1743,1743,8500.0,2025-12-09,2025-12-08,Delivered,0,-1,14815500.0
PO00784,2025-07-30,S005,P012,Chennai,1116,649,14000.0,2025-08-17,2025-08-29,Late + Partial,467,12,15624000.0
PO00785,2026-06-21,S002,P006,Chengalpattu,1701,1701,9000.0,2026-07-09,2026-07-20,Late,0,11,15309000.0
PO00786,2026-06-04,S026,P041,Chengalpattu,1191,1191,58000.0,2026-06-22,2026-07-04,Late,0,12,69078000.0
PO00787,2025-09-20,S015,P025,Coimbatore,1147,920,13500.0,2025-10-08,2025-10-18,Late + Partial,227,10,15484500.0
PO00788,2025-05-17,S008,P020,Coimbatore,1771,1771,1800.0,2025-06-03,2025-06-05,Delivered,0,2,3187800.0
PO00789,2026-08-26,S014,P026,Hosur,400,400,4500.0,2026-09-09,2026-09-08,Delivered,0,-1,1800000.0
PO00790,2026-06-22,S007,P011,Chengalpattu,671,671,48000.0,2026-07-20,2026-08-01,Late,0,12,32208000.0
PO00791,2025-07-27,S001,P009,Hosur,728,728,6500.0,2025-08-12,2025-08-10,Delivered,0,-2,4732000.0
PO00792,2025-11-09,S011,P024,Hosur,279,231,900.0,2025-11-21,2025-11-25,Late + Partial,48,4,251100.0
PO00793,2026-02-11,S024,P038,Hosur,1159,1159,10500.0,2026-03-06,2026-03-08,Delivered,0,2,12169500.0
PO00794,2025-08-15,S015,P025,Hosur,1315,1315,13500.0,2025-09-02,2025-09-03,Delivered,0,1,17752500.0
PO00795,2026-05-21,S002,P004,Chengalpattu,732,732,19500.0,2026-06-10,2026-06-11,Delivered,0,1,14274000.0
PO00796,2025-06-22,S014,P026,Coimbatore,1253,821,4500.0,2025-07-06,2025-07-07,Partial,432,1,5638500.0
PO00797,2025-11-17,S009,P018,Chennai,1483,1483,17500.0,2025-12-09,2025-12-15,Late,0,6,25952500.0
PO00798,2026-04-24,S002,P010,Chennai,491,491,4500.0,2026-05-13,2026-05-15,Delivered,0,2,2209500.0
PO00799,2026-07-24,S020,P036,Coimbatore,882,720,6000.0,2026-08-13,2026-08-20,Late + Partial,162,7,5292000.0
PO00800,2026-01-06,S023,P039,Chengalpattu,772,772,1800.0,2026-01-24,2026-01-30,Late,0,6,1389600.0
PO00801,2025-09-22,S008,P019,Coimbatore,1772,1772,3200.0,2025-10-09,2025-10-07,Delivered,0,-2,5670400.0
PO00802,2026-04-25,S012,P023,Coimbatore,119,119,3800.0,2026-05-11,2026-05-09,Delivered,0,-2,452200.0
PO00803,2025-01-23,S025,P044,Chennai,1879,1879,14000.0,2025-02-05,2025-02-12,Late,0,7,26306000.0
PO00804,2025-08-24,S001,P010,Chennai,742,742,4200.0,2025-09-08,2025-09-22,Late,0,14,3116400.0
PO00805,2025-08-17,S021,P036,Chengalpattu,537,537,7000.0,2025-09-10,2025-09-08,Delivered,0,-2,3759000.0
PO00806,2026-07-24,S012,P022,Coimbatore,960,960,5000.0,2026-08-09,2026-08-11,Delivered,0,2,4800000.0
PO00807,2025-01-24,S005,P012,Coimbatore,1555,1286,14000.0,2025-02-11,2025-02-11,Partial,269,0,21770000.0
PO00808,2026-08-16,S025,P041,Coimbatore,653,653,55000.0,2026-08-28,2026-08-26,Delivered,0,-2,35915000.0
PO00809,2025-06-24,S002,P009,Chennai,1514,1514,7000.0,2025-07-14,2025-07-16,Delivered,0,2,10598000.0
PO00810,2026-06-19,S026,P041,Hosur,354,319,58000.0,2026-07-07,2026-07-10,Partial,35,3,20532000.0
PO00811,2025-03-12,S016,P025,Chengalpattu,345,345,14500.0,2025-04-03,2025-04-03,Delivered,0,0,5002500.0
PO00812,2026-05-02,S024,P040,Chengalpattu,1076,1076,4000.0,2026-05-25,2026-05-25,Delivered,0,0,4304000.0
PO00813,2025-12-06,S013,P024,Hosur,1170,1170,1100.0,2025-12-25,2025-12-23,Delivered,0,-2,1287000.0
PO00814,2026-03-14,S025,P042,Coimbatore,571,337,12000.0,2026-03-26,2026-04-06,Late + Partial,234,11,6852000.0
PO00815,2026-05-04,S012,P022,Chengalpattu,427,427,5000.0,2026-05-20,2026-05-24,Late,0,4,2135000.0
PO00816,2026-08-21,S002,P008,Coimbatore,1697,1697,1950.0,2026-09-09,2026-09-09,Delivered,0,0,3309150.0
PO00817,2026-06-14,S023,P040,Hosur,731,731,3500.0,2026-07-02,2026-07-08,Late,0,6,2558500.0
PO00818,2025-04-19,S025,P043,Chennai,1996,1996,8500.0,2025-05-01,2025-05-07,Late,0,6,16966000.0
PO00819,2026-01-14,S016,P027,Hosur,1499,1499,4000.0,2026-02-04,2026-02-11,Late,0,7,5996000.0
PO00820,2026-04-08,S020,P035,Hosur,196,134,8500.0,2026-04-28,2026-04-27,Partial,62,-1,1666000.0
PO00821,2026-07-18,S004,P002,Hosur,826,631,4500.0,2026-08-09,2026-08-12,Partial,195,3,3717000.0
PO00822,2025-06-30,S024,P038,Hosur,1749,1749,10500.0,2025-07-23,2025-07-24,Delivered,0,1,18364500.0
PO00823,2025-01-04,S006,P012,Hosur,895,895,15000.0,2025-01-26,2025-01-28,Delivered,0,2,13425000.0
PO00824,2026-06-09,S009,P019,Hosur,619,619,3500.0,2026-06-30,2026-07-10,Late,0,10,2166500.0
PO00825,2025-12-15,S019,P030,Chennai,231,231,8000.0,2025-12-30,2026-01-09,Late,0,10,1848000.0
PO00826,2026-03-31,S020,P037,Chengalpattu,1093,1093,12000.0,2026-04-20,2026-04-19,Delivered,0,-1,13116000.0
PO00827,2026-07-15,S014,P029,Hosur,1463,1463,250.0,2026-07-29,2026-07-28,Delivered,0,-1,365750.0
PO00828,2025-02-20,S014,P025,Hosur,325,325,12000.0,2025-03-06,2025-03-07,Delivered,0,1,3900000.0
PO00829,2026-01-12,S011,P024,Chengalpattu,1436,1436,900.0,2026-01-24,2026-01-25,Delivered,0,1,1292400.0
PO00830,2025-10-27,S019,P031,Hosur,935,935,9500.0,2025-11-11,2025-11-10,Delivered,0,-1,8882500.0
PO00831,2026-01-17,S005,P014,Coimbatore,1753,1753,18000.0,2026-02-06,2026-02-06,Delivered,0,0,31554000.0
PO00832,2026-07-12,S009,P016,Chennai,783,783,30000.0,2026-08-02,2026-08-03,Delivered,0,1,23490000.0
PO00833,2025-03-21,S007,P013,Hosur,493,493,31000.0,2025-04-16,2025-04-15,Delivered,0,-1,15283000.0
PO00834,2025-03-17,S020,P035,Coimbatore,1563,1437,8500.0,2025-04-06,2025-04-07,Partial,126,1,13285500.0
PO00835,2026-03-13,S026,P044,Hosur,1244,1034,15500.0,2026-04-01,2026-04-04,Partial,210,3,19282000.0
PO00836,2025-04-06,S009,P017,Chennai,1547,1547,8200.0,2025-04-27,2025-05-10,Late,0,13,12685400.0
PO00837,2025-08-31,S021,P036,Hosur,1661,1551,7000.0,2025-09-24,2025-09-23,Partial,110,-1,11627000.0
PO00838,2025-12-02,S024,P040,Chengalpattu,911,911,4000.0,2025-12-25,2025-12-24,Delivered,0,-1,3644000.0
PO00839,2025-11-07,S026,P045,Chennai,1993,1395,11500.0,2025-11-25,2025-11-25,Partial,598,0,22919500.0
PO00840,2025-06-29,S024,P039,Chengalpattu,730,730,2100.0,2025-07-22,2025-08-02,Late,0,11,1533000.0
PO00841,2026-08-02,S009,P016,Hosur,1522,1522,30000.0,2026-08-23,2026-08-21,Delivered,0,-2,45660000.0
PO00842,2025-08-29,S021,P034,Chennai,1097,1097,18000.0,2025-09-22,2025-09-20,Delivered,0,-2,19746000.0
PO00843,2025-05-23,S009,P017,Chennai,1860,1860,8200.0,2025-06-13,2025-06-15,Delivered,0,2,15252000.0
PO00844,2026-07-04,S008,P017,Hosur,1894,1894,7500.0,2026-07-21,2026-07-20,Delivered,0,-1,14205000.0
PO00845,2026-06-27,S016,P028,Chengalpattu,1087,1087,8000.0,2026-07-19,2026-07-17,Delivered,0,-2,8696000.0
PO00846,2025-05-21,S004,P002,Chengalpattu,1937,1937,4500.0,2025-06-12,2025-06-13,Delivered,0,1,8716500.0
PO00847,2025-06-20,S008,P016,Chengalpattu,589,589,28000.0,2025-07-08,2025-07-13,Late,0,5,16492000.0
PO00848,2025-08-19,S026,P045,Hosur,1997,1997,11500.0,2025-09-06,2025-09-05,Delivered,0,-1,22965500.0
PO00849,2025-12-07,S011,P021,Hosur,626,454,18000.0,2025-12-19,2025-12-27,Late + Partial,172,8,11268000.0
PO00850,2025-01-06,S002,P003,Hosur,648,648,3400.0,2025-01-24,2025-01-23,Delivered,0,-1,2203200.0
PO00851,2026-08-17,S003,P002,Hosur,1985,1336,4200.0,2026-09-11,2026-09-10,Partial,649,-1,8337000.0
PO00852,2025-01-29,S002,P005,Coimbatore,268,268,16500.0,2025-02-17,2025-02-24,Late,0,7,4422000.0
PO00853,2026-01-13,S021,P034,Chennai,1639,1639,18000.0,2026-02-06,2026-02-04,Delivered,0,-2,29502000.0
PO00854,2025-02-18,S025,P044,Chennai,1942,1942,14000.0,2025-03-03,2025-03-09,Late,0,6,27188000.0
PO00855,2025-04-02,S003,P002,Coimbatore,1803,1803,4200.0,2025-04-27,2025-04-25,Delivered,0,-2,7572600.0
PO00856,2025-03-29,S023,P040,Chengalpattu,1224,796,3500.0,2025-04-16,2025-04-26,Late + Partial,428,10,4284000.0
PO00857,2025-01-19,S020,P035,Coimbatore,1959,1959,8500.0,2025-02-08,2025-02-07,Delivered,0,-1,16651500.0
PO00858,2025-11-26,S002,P009,Coimbatore,1594,1594,7000.0,2025-12-16,2025-12-21,Late,0,5,11158000.0
PO00859,2025-09-15,S005,P011,Coimbatore,1223,1223,42000.0,2025-10-05,2025-10-05,Delivered,0,0,51366000.0
PO00860,2026-08-16,S022,P037,Hosur,1191,1191,13500.0,2026-09-12,2026-09-11,Delivered,0,-1,16078500.0
PO00861,2025-04-18,S015,P025,Chennai,950,950,13500.0,2025-05-06,2025-05-07,Delivered,0,1,12825000.0
PO00862,2025-03-08,S002,P007,Chennai,1950,1950,3500.0,2025-03-26,2025-03-26,Delivered,0,0,6825000.0
PO00863,2026-01-26,S012,P022,Hosur,182,182,5000.0,2026-02-11,2026-02-14,Late,0,3,910000.0
PO00864,2025-09-05,S014,P028,Chengalpattu,1613,1613,7000.0,2025-09-20,2025-09-22,Delivered,0,2,11291000.0
PO00865,2026-05-02,S009,P019,Coimbatore,1273,1082,3500.0,2026-05-23,2026-05-25,Partial,191,2,4455500.0
PO00866,2025-04-25,S011,P021,Chengalpattu,394,394,18000.0,2025-05-07,2025-05-07,Delivered,0,0,7092000.0
PO00867,2025-10-14,S026,P043,Coimbatore,1794,1794,9500.0,2025-11-01,2025-10-31,Delivered,0,-1,17043000.0
PO00868,2026-08-30,S003,P002,Hosur,1391,1391,4200.0,2026-09-24,2026-09-24,Delivered,0,0,5842200.0
PO00869,2026-03-19,S001,P009,Chennai,250,250,6500.0,2026-04-04,2026-04-02,Delivered,0,-2,1625000.0
PO00870,2025-07-25,S014,P027,Chengalpattu,1244,866,3500.0,2025-08-08,2025-08-07,Partial,378,-1,4354000.0
PO00871,2025-07-31,S002,P006,Chennai,1258,1258,9000.0,2025-08-18,2025-08-19,Delivered,0,1,11322000.0
PO00872,2026-01-03,S013,P021,Chennai,1615,1615,22000.0,2026-01-23,2026-02-01,Late,0,9,35530000.0
PO00873,2025-04-30,S002,P010,Coimbatore,700,700,4500.0,2025-05-19,2025-05-22,Late,0,3,3150000.0
PO00874,2025-05-28,S026,P042,Chennai,1628,1628,13500.0,2025-06-15,2025-06-15,Delivered,0,0,21978000.0
PO00875,2025-12-29,S025,P044,Chennai,1194,1194,14000.0,2026-01-11,2026-01-11,Delivered,0,0,16716000.0
PO00876,2025-05-13,S002,P010,Hosur,1099,855,4500.0,2025-06-01,2025-06-15,Late + Partial,244,14,4945500.0
PO00877,2025-07-06,S006,P011,Chengalpattu,1201,1201,45000.0,2025-07-30,2025-08-08,Late,0,9,54045000.0
PO00878,2026-05-18,S005,P012,Chennai,703,703,14000.0,2026-06-05,2026-06-03,Delivered,0,-2,9842000.0
PO00879,2026-07-09,S005,P011,Chengalpattu,709,709,42000.0,2026-07-29,2026-07-31,Delivered,0,2,29778000.0
PO00880,2025-08-03,S015,P029,Coimbatore,237,237,280.0,2025-08-21,2025-08-22,Delivered,0,1,66360.0
PO00881,2026-04-04,S026,P042,Chengalpattu,979,979,13500.0,2026-04-22,2026-05-02,Late,0,10,13216500.0
PO00882,2025-07-04,S001,P008,Hosur,134,134,1800.0,2025-07-19,2025-07-31,Late,0,12,241200.0
PO00883,2025-10-04,S005,P013,Chennai,1236,1236,28000.0,2025-10-24,2025-10-22,Delivered,0,-2,34608000.0
PO00884,2026-02-22,S022,P037,Chennai,304,304,13500.0,2026-03-21,2026-03-21,Delivered,0,0,4104000.0
PO00885,2025-03-30,S016,P027,Chennai,1706,945,4000.0,2025-04-20,2025-05-01,Late + Partial,761,11,6824000.0
PO00886,2025-10-24,S001,P008,Chengalpattu,606,606,1800.0,2025-11-08,2025-11-08,Delivered,0,0,1090800.0
PO00887,2025-02-17,S020,P036,Chennai,1093,1093,6000.0,2025-03-09,2025-03-21,Late,0,12,6558000.0
PO00888,2025-02-07,S025,P043,Coimbatore,1159,1159,8500.0,2025-02-19,2025-02-20,Delivered,0,1,9851500.0
PO00889,2025-05-28,S009,P017,Chennai,291,291,8200.0,2025-06-18,2025-07-02,Late,0,14,2386200.0
PO00890,2026-06-13,S024,P039,Chengalpattu,1775,1775,2100.0,2026-07-06,2026-07-04,Delivered,0,-2,3727500.0
PO00891,2026-08-24,S018,P030,Chengalpattu,168,168,9000.0,2026-09-10,2026-09-10,Delivered,0,0,1512000.0
PO00892,2026-06-19,S002,P007,Hosur,1005,1005,3500.0,2026-07-07,2026-07-14,Late,0,7,3517500.0
PO00893,2025-02-27,S009,P019,Hosur,1061,1061,3500.0,2025-03-20,2025-03-20,Delivered,0,0,3713500.0
PO00894,2026-02-28,S016,P025,Chennai,287,287,14500.0,2026-03-22,2026-03-21,Delivered,0,-1,4161500.0
PO00895,2026-05-22,S019,P031,Chennai,1768,1768,9500.0,2026-06-06,2026-06-04,Delivered,0,-2,16796000.0
PO00896,2026-03-29,S005,P012,Hosur,556,556,14000.0,2026-04-16,2026-04-18,Delivered,0,2,7784000.0
PO00897,2026-01-22,S012,P023,Coimbatore,1904,1904,3800.0,2026-02-07,2026-02-06,Delivered,0,-1,7235200.0
PO00898,2025-01-20,S008,P020,Hosur,1901,1901,1800.0,2025-02-06,2025-02-05,Delivered,0,-1,3421800.0
PO00899,2025-02-17,S002,P007,Coimbatore,845,845,3500.0,2025-03-07,2025-03-16,Late,0,9,2957500.0
PO00900,2026-04-13,S026,P044,Hosur,798,798,15500.0,2026-05-02,2026-05-09,Late,0,7,12369000.0
PO00901,2026-06-06,S013,P024,Chennai,946,946,1100.0,2026-06-25,2026-07-04,Late,0,9,1040600.0
PO00902,2026-04-01,S005,P013,Coimbatore,978,978,28000.0,2026-04-21,2026-04-20,Delivered,0,-1,27384000.0
PO00903,2026-08-13,S025,P041,Chengalpattu,788,788,55000.0,2026-08-25,2026-09-06,Late,0,12,43340000.0
PO00904,2026-01-09,S005,P011,Chennai,1394,1394,42000.0,2026-01-29,2026-02-03,Late,0,5,58548000.0
PO00905,2026-01-18,S014,P027,Chennai,717,717,3500.0,2026-02-01,2026-01-31,Delivered,0,-1,2509500.0
PO00906,2025-11-08,S025,P045,Chennai,1865,1865,10000.0,2025-11-20,2025-11-18,Delivered,0,-2,18650000.0
PO00907,2025-06-29,S019,P030,Chennai,1158,1158,8000.0,2025-07-14,2025-07-15,Delivered,0,1,9264000.0
PO00908,2025-06-25,S002,P008,Hosur,1730,1730,1950.0,2025-07-14,2025-07-16,Delivered,0,2,3373500.0
PO00909,2026-08-20,S001,P005,Coimbatore,820,820,15000.0,2026-09-05,2026-09-03,Delivered,0,-2,12300000.0
PO00910,2025-12-23,S023,P039,Chengalpattu,1363,1363,1800.0,2026-01-10,2026-01-09,Delivered,0,-1,2453400.0
PO00911,2026-01-31,S023,P038,Coimbatore,802,802,9500.0,2026-02-18,2026-02-19,Delivered,0,1,7619000.0
PO00912,2026-07-17,S001,P010,Coimbatore,787,787,4200.0,2026-08-01,2026-08-08,Late,0,7,3305400.0
PO00913,2025-09-25,S026,P045,Coimbatore,1757,1757,11500.0,2025-10-13,2025-10-21,Late,0,8,20205500.0
PO00914,2025-04-18,S008,P020,Chengalpattu,1824,1824,1800.0,2025-05-05,2025-05-03,Delivered,0,-2,3283200.0
PO00915,2025-12-29,S009,P019,Chennai,1131,1131,3500.0,2026-01-19,2026-01-21,Delivered,0,2,3958500.0
PO00916,2025-04-19,S001,P009,Hosur,748,619,6500.0,2025-05-05,2025-05-19,Late + Partial,129,14,4862000.0
PO00917,2026-07-15,S017,P032,Hosur,1194,1194,4500.0,2026-07-27,2026-07-29,Delivered,0,2,5373000.0
PO00918,2025-06-07,S010,P016,Hosur,1910,1910,32000.0,2025-07-02,2025-07-10,Late,0,8,61120000.0
PO00919,2025-10-23,S011,P024,Coimbatore,1833,966,900.0,2025-11-04,2025-11-09,Late + Partial,867,5,1649700.0
PO00920,2025-05-02,S009,P019,Coimbatore,538,538,3500.0,2025-05-23,2025-06-04,Late,0,12,1883000.0
PO00921,2025-03-21,S007,P013,Hosur,1442,1442,31000.0,2025-04-16,2025-04-15,Delivered,0,-1,44702000.0
PO00922,2025-07-10,S001,P006,Chennai,316,316,8500.0,2025-07-25,2025-07-27,Delivered,0,2,2686000.0
PO00923,2025-10-14,S017,P032,Chengalpattu,1707,863,4500.0,2025-10-26,2025-11-04,Late + Partial,844,9,7681500.0
PO00924,2026-03-14,S026,P043,Chengalpattu,1246,1246,9500.0,2026-04-01,2026-04-01,Delivered,0,0,11837000.0
PO00925,2025-10-23,S002,P003,Chennai,1997,1997,3400.0,2025-11-10,2025-11-08,Delivered,0,-2,6789800.0
PO00926,2025-11-29,S017,P030,Chennai,683,683,7500.0,2025-12-09,2025-12-11,Delivered,0,2,5122500.0
PO00927,2026-07-06,S025,P042,Chengalpattu,1150,1150,12000.0,2026-07-18,2026-07-20,Delivered,0,2,13800000.0
PO00928,2025-10-01,S001,P010,Hosur,1872,1872,4200.0,2025-10-16,2025-10-15,Delivered,0,-1,7862400.0
PO00929,2025-12-24,S002,P007,Hosur,1445,1019,3500.0,2026-01-11,2026-01-14,Partial,426,3,5057500.0
PO00930,2025-01-28,S021,P036,Chengalpattu,1876,1876,7000.0,2025-02-21,2025-03-02,Late,0,9,13132000.0
PO00931,2026-05-16,S009,P017,Chennai,1328,831,8200.0,2026-06-06,2026-06-09,Partial,497,3,10889600.0
PO00932,2026-08-23,S009,P017,Coimbatore,1549,1549,8200.0,2026-09-13,2026-09-22,Late,0,9,12701800.0
PO00933,2026-01-24,S021,P034,Chengalpattu,1248,1248,18000.0,2026-02-17,2026-02-19,Delivered,0,2,22464000.0
PO00934,2025-09-23,S008,P019,Chennai,914,914,3200.0,2025-10-10,2025-10-10,Delivered,0,0,2924800.0
PO00935,2026-07-16,S001,P004,Coimbatore,1732,1732,18000.0,2026-08-02,2026-07-31,Delivered,0,-2,31176000.0
PO00936,2025-12-12,S017,P032,Chennai,1583,1583,4500.0,2025-12-24,2025-12-26,Delivered,0,2,7123500.0
PO00937,2025-12-13,S011,P024,Chennai,294,294,900.0,2025-12-25,2025-12-27,Delivered,0,2,264600.0
PO00938,2026-02-14,S014,P028,Chennai,1026,1026,7000.0,2026-03-01,2026-03-02,Delivered,0,1,7182000.0
PO00939,2025-07-07,S012,P021,Hosur,401,401,20000.0,2025-07-23,2025-07-25,Delivered,0,2,8020000.0
PO00940,2025-06-21,S023,P038,Chennai,1650,1650,9500.0,2025-07-09,2025-07-16,Late,0,7,15675000.0
PO00941,2025-08-15,S007,P013,Chengalpattu,830,639,31000.0,2025-09-10,2025-09-11,Partial,191,1,25730000.0
PO00942,2025-03-06,S019,P031,Chengalpattu,1601,1601,9500.0,2025-03-21,2025-03-22,Delivered,0,1,15209500.0
PO00943,2026-03-29,S009,P019,Chengalpattu,1823,1823,3500.0,2026-04-19,2026-04-19,Delivered,0,0,6380500.0
PO00944,2025-01-08,S008,P018,Chennai,1598,1598,16000.0,2025-01-26,2025-01-28,Delivered,0,2,25568000.0
PO00945,2025-02-21,S005,P012,Chennai,1378,1378,14000.0,2025-03-11,2025-03-18,Late,0,7,19292000.0
PO00946,2026-07-04,S002,P003,Chennai,409,409,3400.0,2026-07-22,2026-08-03,Late,0,12,1390600.0
PO00947,2025-01-17,S017,P031,Chennai,1513,1513,8500.0,2025-01-27,2025-01-26,Delivered,0,-1,12860500.0
PO00948,2026-05-02,S025,P045,Hosur,1430,1430,10000.0,2026-05-14,2026-05-16,Delivered,0,2,14300000.0
PO00949,2025-02-21,S008,P017,Chennai,436,436,7500.0,2025-03-10,2025-03-16,Late,0,6,3270000.0
PO00950,2025-12-30,S020,P036,Chengalpattu,1418,725,6000.0,2026-01-19,2026-01-27,Late + Partial,693,8,8508000.0
PO00951,2026-01-11,S001,P004,Chengalpattu,809,809,18000.0,2026-01-28,2026-02-06,Late,0,9,14562000.0
PO00952,2025-07-23,S006,P011,Coimbatore,792,792,45000.0,2025-08-16,2025-08-22,Late,0,6,35640000.0
PO00953,2026-02-08,S006,P012,Hosur,890,890,15000.0,2026-03-02,2026-03-02,Delivered,0,0,13350000.0
PO00954,2025-01-05,S014,P029,Coimbatore,411,411,250.0,2025-01-19,2025-01-19,Delivered,0,0,102750.0
PO00955,2025-01-03,S017,P031,Chengalpattu,637,637,8500.0,2025-01-13,2025-01-13,Delivered,0,0,5414500.0
PO00956,2026-07-10,S001,P006,Chennai,506,506,8500.0,2026-07-25,2026-08-02,Late,0,8,4301000.0
PO00957,2025-05-17,S001,P001,Chengalpattu,1111,1111,85000.0,2025-06-01,2025-05-30,Delivered,0,-2,94435000.0
PO00958,2025-04-11,S002,P006,Coimbatore,1533,1533,9000.0,2025-04-29,2025-04-28,Delivered,0,-1,13797000.0
PO00959,2026-02-21,S015,P029,Hosur,595,595,280.0,2026-03-11,2026-03-11,Delivered,0,0,166600.0
PO00960,2025-09-04,S002,P006,Coimbatore,1252,1252,9000.0,2025-09-22,2025-09-20,Delivered,0,-2,11268000.0
PO00961,2025-10-31,S002,P008,Coimbatore,1882,1882,1950.0,2025-11-19,2025-11-17,Delivered,0,-2,3669900.0
PO00962,2025-01-25,S013,P021,Hosur,856,856,22000.0,2025-02-14,2025-02-16,Delivered,0,2,18832000.0
PO00963,2026-07-16,S014,P025,Chennai,447,340,12000.0,2026-07-30,2026-08-02,Partial,107,3,5364000.0
PO00964,2025-10-13,S001,P007,Chengalpattu,1266,1266,3200.0,2025-10-28,2025-10-29,Delivered,0,1,4051200.0
PO00965,2025-04-04,S001,P008,Chengalpattu,1842,1842,1800.0,2025-04-19,2025-04-18,Delivered,0,-1,3315600.0
PO00966,2025-10-18,S009,P017,Chengalpattu,1484,946,8200.0,2025-11-08,2025-11-08,Partial,538,0,12168800.0
PO00967,2026-03-05,S008,P018,Chennai,294,294,16000.0,2026-03-23,2026-03-21,Delivered,0,-2,4704000.0
PO00968,2025-07-28,S021,P035,Coimbatore,1938,1938,9500.0,2025-08-21,2025-08-23,Delivered,0,2,18411000.0
PO00969,2026-01-23,S018,P030,Hosur,1852,1852,9000.0,2026-02-09,2026-02-13,Late,0,4,16668000.0
PO00970,2026-06-01,S002,P001,Hosur,1588,1588,88000.0,2026-06-19,2026-06-18,Delivered,0,-1,139744000.0
PO00971,2025-06-22,S011,P024,Hosur,806,806,900.0,2025-07-04,2025-07-06,Delivered,0,2,725400.0
PO00972,2026-06-22,S022,P037,Hosur,1655,1389,13500.0,2026-07-19,2026-07-20,Partial,266,1,22342500.0
PO00973,2026-03-08,S009,P018,Chengalpattu,1168,599,17500.0,2026-03-30,2026-04-10,Late + Partial,569,11,20440000.0
PO00974,2026-08-11,S007,P014,Hosur,1006,1006,20000.0,2026-09-05,2026-09-06,Delivered,0,1,20120000.0
PO00975,2025-07-04,S026,P045,Chengalpattu,1057,1057,11500.0,2025-07-22,2025-07-22,Delivered,0,0,12155500.0
PO00976,2025-11-27,S001,P004,Chengalpattu,673,673,18000.0,2025-12-14,2025-12-12,Delivered,0,-2,12114000.0
PO00977,2026-04-07,S023,P040,Coimbatore,504,504,3500.0,2026-04-25,2026-05-04,Late,0,9,1764000.0
PO00978,2026-03-24,S023,P038,Hosur,346,346,9500.0,2026-04-11,2026-04-16,Late,0,5,3287000.0
PO00979,2025-04-02,S002,P010,Hosur,205,169,4500.0,2025-04-21,2025-04-23,Partial,36,2,922500.0
PO00980,2026-04-13,S024,P038,Hosur,1620,1620,10500.0,2026-05-06,2026-05-05,Delivered,0,-1,17010000.0
PO00981,2025-12-15,S002,P001,Chennai,952,952,88000.0,2026-01-02,2026-01-01,Delivered,0,-1,83776000.0
PO00982,2025-01-17,S025,P041,Coimbatore,178,178,55000.0,2025-01-29,2025-02-03,Late,0,5,9790000.0
PO00983,2026-05-07,S001,P010,Hosur,701,701,4200.0,2026-05-22,2026-05-22,Delivered,0,0,2944200.0
PO00984,2025-01-28,S026,P041,Chennai,924,924,58000.0,2025-02-15,2025-02-20,Late,0,5,53592000.0
PO00985,2026-06-03,S005,P011,Coimbatore,1031,681,42000.0,2026-06-23,2026-06-23,Partial,350,0,43302000.0
PO00986,2025-11-19,S005,P011,Chennai,806,806,42000.0,2025-12-09,2025-12-09,Delivered,0,0,33852000.0
PO00987,2025-08-27,S009,P018,Hosur,1677,958,17500.0,2025-09-18,2025-09-25,Late + Partial,719,7,29347500.0
PO00988,2025-07-18,S014,P027,Hosur,150,150,3500.0,2025-08-01,2025-08-03,Delivered,0,2,525000.0
PO00989,2026-08-22,S008,P018,Chengalpattu,663,663,16000.0,2026-09-09,2026-09-07,Delivered,0,-2,10608000.0
PO00990,2025-10-24,S002,P009,Coimbatore,1015,1015,7000.0,2025-11-13,2025-11-17,Late,0,4,7105000.0
PO00991,2025-07-29,S015,P025,Chennai,1073,1073,13500.0,2025-08-16,2025-08-16,Delivered,0,0,14485500.0
PO00992,2025-02-23,S007,P011,Chengalpattu,1464,1464,48000.0,2025-03-23,2025-03-30,Late,0,7,70272000.0
PO00993,2025-05-03,S014,P025,Chengalpattu,691,691,12000.0,2025-05-17,2025-05-18,Delivered,0,1,8292000.0
PO00994,2026-06-04,S006,P011,Chengalpattu,1580,1580,45000.0,2026-06-28,2026-07-01,Late,0,3,71100000.0
PO00995,2025-03-20,S026,P041,Chengalpattu,1308,1308,58000.0,2025-04-07,2025-04-09,Delivered,0,2,75864000.0
PO00996,2025-01-18,S020,P034,Hosur,1130,1130,16000.0,2025-02-07,2025-02-09,Delivered,0,2,18080000.0
PO00997,2026-03-05,S015,P026,Hosur,429,397,5000.0,2026-03-23,2026-03-22,Partial,32,-1,2145000.0
PO00998,2026-07-21,S011,P022,Chengalpattu,987,987,4500.0,2026-08-02,2026-08-14,Late,0,12,4441500.0
PO00999,2026-03-14,S026,P042,Chennai,345,225,13500.0,2026-04-01,2026-04-08,Late + Partial,120,7,4657500.0
PO01000,2026-06-30,S026,P042,Hosur,1660,1660,13500.0,2026-07-18,2026-07-16,Delivered,0,-2,22410000.0
PO01001,2025-03-04,S002,P004,Chengalpattu,1237,1237,19500.0,2025-03-24,2025-03-26,Delivered,0,2,24121500.0
PO01002,2025-01-03,S014,P026,Chennai,952,552,4500.0,2025-01-17,2025-01-20,Late + Partial,400,3,4284000.0
PO01003,2026-04-21,S001,P010,Coimbatore,923,923,4200.0,2026-05-06,2026-05-07,Delivered,0,1,3876600.0
PO01004,2025-08-21,S014,P027,Coimbatore,1118,1118,3500.0,2025-09-04,2025-09-02,Delivered,0,-2,3913000.0
PO01005,2025-03-20,S025,P042,Hosur,1302,1302,12000.0,2025-04-01,2025-04-03,Delivered,0,2,15624000.0
PO01006,2025-03-15,S005,P013,Coimbatore,910,910,28000.0,2025-04-04,2025-04-05,Delivered,0,1,25480000.0
PO01007,2025-07-29,S002,P006,Chennai,806,691,9000.0,2025-08-16,2025-08-19,Partial,115,3,7254000.0
PO01008,2025-01-05,S014,P025,Chengalpattu,772,772,12000.0,2025-01-19,2025-01-22,Late,0,3,9264000.0
PO01009,2025-04-26,S019,P032,Chennai,121,121,5000.0,2025-05-12,2025-05-14,Delivered,0,2,605000.0
PO01010,2026-08-01,S008,P016,Chengalpattu,919,868,28000.0,2026-08-19,2026-08-22,Partial,51,3,25732000.0
PO01011,2026-06-06,S012,P021,Coimbatore,1112,1112,20000.0,2026-06-22,2026-06-20,Delivered,0,-2,22240000.0
PO01012,2025-01-29,S021,P035,Coimbatore,1272,1272,9500.0,2025-02-22,2025-02-22,Delivered,0,0,12084000.0
PO01013,2025-10-10,S001,P008,Hosur,1065,835,1800.0,2025-10-25,2025-10-24,Partial,230,-1,1917000.0
PO01014,2025-06-23,S011,P021,Chengalpattu,1195,1195,18000.0,2025-07-05,2025-07-03,Delivered,0,-2,21510000.0
PO01015,2025-03-31,S009,P017,Coimbatore,1847,1847,8200.0,2025-04-21,2025-04-21,Delivered,0,0,15145400.0
PO01016,2025-03-30,S001,P007,Chennai,719,719,3200.0,2025-04-14,2025-04-13,Delivered,0,-1,2300800.0
PO01017,2026-06-10,S005,P011,Coimbatore,1266,1266,42000.0,2026-06-30,2026-06-30,Delivered,0,0,53172000.0
PO01018,2026-04-04,S021,P034,Chengalpattu,1110,1110,18000.0,2026-04-28,2026-04-30,Delivered,0,2,19980000.0
PO01019,2025-03-08,S020,P037,Chennai,672,672,12000.0,2025-03-28,2025-03-29,Delivered,0,1,8064000.0
PO01020,2025-08-07,S005,P011,Chengalpattu,1030,1030,42000.0,2025-08-27,2025-08-27,Delivered,0,0,43260000.0
PO01021,2026-08-30,S017,P032,Hosur,1701,1701,4500.0,2026-09-11,2026-09-09,Delivered,0,-2,7654500.0
PO01022,2026-04-28,S008,P017,Chennai,519,519,7500.0,2026-05-15,2026-05-15,Delivered,0,0,3892500.0
PO01023,2026-03-07,S007,P013,Coimbatore,145,107,31000.0,2026-04-02,2026-04-15,Late + Partial,38,13,4495000.0
PO01024,2026-04-17,S011,P022,Coimbatore,1754,1754,4500.0,2026-04-29,2026-05-11,Late,0,12,7893000.0
PO01025,2026-06-19,S015,P029,Hosur,824,824,280.0,2026-07-07,2026-07-09,Delivered,0,2,230720.0
PO01026,2026-05-16,S026,P042,Chengalpattu,663,663,13500.0,2026-06-03,2026-06-04,Delivered,0,1,8950500.0
PO01027,2026-08-26,S025,P044,Chengalpattu,650,650,14000.0,2026-09-08,2026-09-20,Late,0,12,9100000.0
PO01028,2026-06-05,S002,P009,Hosur,918,918,7000.0,2026-06-25,2026-07-06,Late,0,11,6426000.0
PO01029,2026-06-02,S020,P035,Coimbatore,475,475,8500.0,2026-06-22,2026-06-26,Late,0,4,4037500.0
PO01030,2026-05-22,S012,P021,Chengalpattu,430,430,20000.0,2026-06-07,2026-06-09,Delivered,0,2,8600000.0
PO01031,2025-05-12,S001,P006,Hosur,582,582,8500.0,2025-05-27,2025-06-04,Late,0,8,4947000.0
PO01032,2026-05-19,S010,P020,Chennai,1390,1185,2100.0,2026-06-12,2026-06-15,Partial,205,3,2919000.0
PO01033,2026-01-11,S001,P003,Hosur,1664,1664,3200.0,2026-01-26,2026-02-07,Late,0,12,5324800.0
PO01034,2025-09-02,S023,P038,Chennai,616,616,9500.0,2025-09-20,2025-09-22,Delivered,0,2,5852000.0
PO01035,2025-08-13,S005,P012,Hosur,513,378,14000.0,2025-08-31,2025-09-03,Partial,135,3,7182000.0
PO01036,2025-06-24,S026,P041,Chennai,1074,1074,58000.0,2025-07-12,2025-07-14,Delivered,0,2,62292000.0
PO01037,2026-02-12,S020,P037,Chennai,732,732,12000.0,2026-03-04,2026-03-05,Delivered,0,1,8784000.0
PO01038,2026-01-17,S005,P012,Chengalpattu,1211,1211,14000.0,2026-02-04,2026-02-04,Delivered,0,0,16954000.0
PO01039,2025-08-23,S021,P034,Hosur,1053,1053,18000.0,2025-09-16,2025-09-14,Delivered,0,-2,18954000.0
PO01040,2025-08-03,S001,P009,Hosur,1791,1791,6500.0,2025-08-19,2025-08-18,Delivered,0,-1,11641500.0
PO01041,2025-10-13,S002,P008,Hosur,920,920,1950.0,2025-11-01,2025-11-02,Delivered,0,1,1794000.0
PO01042,2025-01-06,S014,P028,Coimbatore,1903,1578,7000.0,2025-01-21,2025-01-23,Partial,325,2,13321000.0
PO01043,2025-11-02,S026,P044,Hosur,480,480,15500.0,2025-11-21,2025-11-21,Delivered,0,0,7440000.0
PO01044,2025-01-31,S024,P039,Coimbatore,400,274,2100.0,2025-02-23,2025-02-22,Partial,126,-1,840000.0
PO01045,2025-04-29,S002,P005,Coimbatore,1636,1636,16500.0,2025-05-18,2025-05-16,Delivered,0,-2,26994000.0
PO01046,2025-07-17,S026,P043,Coimbatore,1036,1036,9500.0,2025-08-04,2025-08-05,Delivered,0,1,9842000.0
PO01047,2026-06-02,S022,P037,Chennai,327,327,13500.0,2026-06-29,2026-06-29,Delivered,0,0,4414500.0
PO01048,2026-06-01,S006,P012,Chengalpattu,1105,571,15000.0,2026-06-23,2026-06-26,Late + Partial,534,3,16575000.0
PO01049,2026-03-06,S016,P027,Chennai,744,744,4000.0,2026-03-27,2026-03-29,Delivered,0,2,2976000.0
PO01050,2026-05-31,S011,P023,Hosur,1133,1133,3500.0,2026-06-12,2026-06-10,Delivered,0,-2,3965500.0
PO01051,2026-02-03,S025,P041,Chennai,694,366,55000.0,2026-02-15,2026-02-27,Late + Partial,328,12,38170000.0
PO01052,2026-07-25,S008,P016,Coimbatore,831,831,28000.0,2026-08-12,2026-08-10,Delivered,0,-2,23268000.0
PO01053,2025-10-07,S026,P045,Chennai,321,321,11500.0,2025-10-25,2025-10-25,Delivered,0,0,3691500.0
PO01054,2026-04-09,S003,P002,Chennai,568,568,4200.0,2026-05-04,2026-05-05,Delivered,0,1,2385600.0
PO01055,2026-08-03,S020,P035,Coimbatore,1939,1939,8500.0,2026-08-23,2026-08-23,Delivered,0,0,16481500.0
PO01056,2025-06-11,S025,P044,Chengalpattu,1065,1065,14000.0,2025-06-24,2025-06-24,Delivered,0,0,14910000.0
PO01057,2026-03-17,S002,P004,Chennai,817,817,19500.0,2026-04-06,2026-04-16,Late,0,10,15931500.0
PO01058,2026-07-24,S007,P014,Chengalpattu,1732,1732,20000.0,2026-08-18,2026-08-20,Delivered,0,2,34640000.0
PO01059,2026-01-03,S001,P010,Chengalpattu,393,393,4200.0,2026-01-18,2026-01-18,Delivered,0,0,1650600.0
PO01060,2026-02-26,S009,P017,Chennai,1691,1691,8200.0,2026-03-19,2026-04-02,Late,0,14,13866200.0
PO01061,2025-12-26,S008,P018,Hosur,561,561,16000.0,2026-01-13,2026-01-21,Late,0,8,8976000.0
PO01062,2026-07-03,S007,P011,Hosur,1521,1521,48000.0,2026-07-31,2026-07-29,Delivered,0,-2,73008000.0
PO01063,2025-01-20,S023,P038,Hosur,332,332,9500.0,2025-02-07,2025-02-05,Delivered,0,-2,3154000.0
PO01064,2025-03-03,S008,P016,Chennai,604,604,28000.0,2025-03-21,2025-03-21,Delivered,0,0,16912000.0
PO01065,2025-10-23,S002,P006,Chengalpattu,742,742,9000.0,2025-11-10,2025-11-09,Delivered,0,-1,6678000.0
PO01066,2025-02-06,S009,P016,Coimbatore,1111,1111,30000.0,2025-02-27,2025-02-28,Delivered,0,1,33330000.0
PO01067,2025-04-06,S016,P025,Coimbatore,1335,1335,14500.0,2025-04-28,2025-04-26,Delivered,0,-2,19357500.0
PO01068,2026-06-14,S022,P037,Coimbatore,1826,1826,13500.0,2026-07-11,2026-07-11,Delivered,0,0,24651000.0
PO01069,2025-12-26,S008,P018,Chennai,1457,1373,16000.0,2026-01-13,2026-01-13,Partial,84,0,23312000.0
PO01070,2026-06-11,S010,P016,Chengalpattu,1814,1156,32000.0,2026-07-06,2026-07-14,Late + Partial,658,8,58048000.0
PO01071,2025-10-12,S008,P018,Chennai,1539,1539,16000.0,2025-10-30,2025-10-28,Delivered,0,-2,24624000.0
PO01072,2026-04-20,S017,P032,Coimbatore,612,544,4500.0,2026-05-02,2026-05-15,Late + Partial,68,13,2754000.0
PO01073,2026-07-20,S005,P014,Chengalpattu,924,924,18000.0,2026-08-09,2026-08-11,Delivered,0,2,16632000.0
PO01074,2025-04-12,S002,P004,Chennai,1614,1614,19500.0,2025-05-02,2025-05-07,Late,0,5,31473000.0
PO01075,2026-02-15,S017,P031,Hosur,634,552,8500.0,2026-02-25,2026-02-26,Partial,82,1,5389000.0
PO01076,2026-06-28,S011,P021,Hosur,1159,1159,18000.0,2026-07-10,2026-07-19,Late,0,9,20862000.0
PO01077,2025-03-08,S017,P030,Hosur,969,969,7500.0,2025-03-18,2025-03-27,Late,0,9,7267500.0
PO01078,2025-09-17,S019,P030,Chennai,1554,1554,8000.0,2025-10-02,2025-10-02,Delivered,0,0,12432000.0
PO01079,2025-07-27,S004,P002,Chengalpattu,1014,1014,4500.0,2025-08-18,2025-08-17,Delivered,0,-1,4563000.0
PO01080,2025-03-07,S002,P005,Chengalpattu,952,952,16500.0,2025-03-26,2025-03-25,Delivered,0,-1,15708000.0
PO01081,2025-06-25,S012,P022,Chengalpattu,400,400,5000.0,2025-07-11,2025-07-11,Delivered,0,0,2000000.0
PO01082,2025-03-07,S023,P038,Chengalpattu,573,573,9500.0,2025-03-25,2025-04-04,Late,0,10,5443500.0
PO01083,2026-02-10,S023,P038,Chengalpattu,468,468,9500.0,2026-02-28,2026-02-27,Delivered,0,-1,4446000.0
PO01084,2025-03-11,S002,P008,Chennai,651,651,1950.0,2025-03-30,2025-04-07,Late,0,8,1269450.0
PO01085,2026-04-04,S025,P041,Chengalpattu,350,236,55000.0,2026-04-16,2026-04-17,Partial,114,1,19250000.0
PO01086,2026-01-23,S004,P002,Coimbatore,214,214,4500.0,2026-02-14,2026-02-15,Delivered,0,1,963000.0
PO01087,2026-04-21,S019,P031,Hosur,363,363,9500.0,2026-05-06,2026-05-06,Delivered,0,0,3448500.0
PO01088,2025-08-29,S002,P008,Chengalpattu,1905,1297,1950.0,2025-09-17,2025-09-20,Partial,608,3,3714750.0
PO01089,2026-08-02,S002,P009,Chengalpattu,566,531,7000.0,2026-08-22,2026-08-23,Partial,35,1,3962000.0
PO01090,2025-02-06,S013,P024,Coimbatore,665,665,1100.0,2025-02-25,2025-03-08,Late,0,11,731500.0
PO01091,2025-10-07,S017,P032,Coimbatore,865,865,4500.0,2025-10-19,2025-10-29,Late,0,10,3892500.0
PO01092,2026-04-29,S025,P043,Coimbatore,741,741,8500.0,2026-05-11,2026-05-11,Delivered,0,0,6298500.0
PO01093,2026-03-11,S008,P017,Chennai,935,707,7500.0,2026-03-28,2026-04-11,Late + Partial,228,14,7012500.0
PO01094,2025-11-18,S011,P024,Hosur,1291,1291,900.0,2025-11-30,2025-12-06,Late,0,6,1161900.0
PO01095,2025-04-21,S025,P042,Chengalpattu,1196,775,12000.0,2025-05-03,2025-05-07,Late + Partial,421,4,14352000.0
PO01096,2026-04-30,S026,P043,Chennai,857,857,9500.0,2026-05-18,2026-05-18,Delivered,0,0,8141500.0
PO01097,2025-07-22,S005,P014,Hosur,1278,1278,18000.0,2025-08-11,2025-08-15,Late,0,4,23004000.0
PO01098,2025-01-10,S023,P038,Coimbatore,150,150,9500.0,2025-01-28,2025-02-09,Late,0,12,1425000.0
PO01099,2026-05-31,S011,P021,Chennai,1402,1402,18000.0,2026-06-12,2026-06-11,Delivered,0,-1,25236000.0
PO01100,2025-03-16,S003,P002,Chengalpattu,1800,1800,4200.0,2025-04-10,2025-04-12,Delivered,0,2,7560000.0
PO01101,2026-06-30,S005,P012,Coimbatore,1424,1424,14000.0,2026-07-18,2026-07-17,Delivered,0,-1,19936000.0
PO01102,2026-03-18,S026,P045,Chengalpattu,449,449,11500.0,2026-04-05,2026-04-03,Delivered,0,-2,5163500.0
PO01103,2025-07-27,S021,P034,Coimbatore,1704,1704,18000.0,2025-08-20,2025-08-18,Delivered,0,-2,30672000.0
PO01104,2025-12-25,S015,P029,Hosur,968,968,280.0,2026-01-12,2026-01-26,Late,0,14,271040.0
PO01105,2025-10-02,S024,P039,Chengalpattu,1503,1503,2100.0,2025-10-25,2025-10-23,Delivered,0,-2,3156300.0
PO01106,2025-10-18,S002,P004,Chennai,1974,1382,19500.0,2025-11-07,2025-11-10,Partial,592,3,38493000.0
PO01107,2026-02-19,S016,P027,Hosur,1108,1108,4000.0,2026-03-12,2026-03-21,Late,0,9,4432000.0
PO01108,2026-04-28,S021,P034,Chennai,416,416,18000.0,2026-05-22,2026-05-29,Late,0,7,7488000.0
PO01109,2025-03-30,S002,P005,Hosur,259,259,16500.0,2025-04-18,2025-04-19,Delivered,0,1,4273500.0
PO01110,2026-06-23,S009,P017,Hosur,1801,1801,8200.0,2026-07-14,2026-07-23,Late,0,9,14768200.0
PO01111,2026-02-01,S002,P006,Coimbatore,726,726,9000.0,2026-02-19,2026-02-20,Delivered,0,1,6534000.0
PO01112,2025-04-20,S012,P022,Chennai,1597,1597,5000.0,2025-05-06,2025-05-07,Delivered,0,1,7985000.0
PO01113,2025-10-09,S014,P028,Chennai,191,154,7000.0,2025-10-24,2025-10-24,Partial,37,0,1337000.0
PO01114,2025-01-27,S014,P026,Chengalpattu,660,660,4500.0,2025-02-10,2025-02-09,Delivered,0,-1,2970000.0
PO01115,2025-09-22,S001,P008,Coimbatore,1148,1148,1800.0,2025-10-07,2025-10-05,Delivered,0,-2,2066400.0
PO01116,2025-04-15,S024,P039,Coimbatore,1872,1872,2100.0,2025-05-08,2025-05-09,Delivered,0,1,3931200.0
PO01117,2025-08-12,S016,P025,Chennai,1024,1024,14500.0,2025-09-03,2025-09-10,Late,0,7,14848000.0
PO01118,2026-05-24,S025,P045,Chengalpattu,459,459,10000.0,2026-06-05,2026-06-19,Late,0,14,4590000.0
PO01119,2025-08-07,S005,P013,Coimbatore,1044,1044,28000.0,2025-08-27,2025-08-27,Delivered,0,0,29232000.0
PO01120,2025-01-31,S026,P045,Chengalpattu,1372,1372,11500.0,2025-02-18,2025-02-17,Delivered,0,-1,15778000.0
PO01121,2025-10-30,S026,P043,Hosur,1853,1147,9500.0,2025-11-17,2025-11-17,Partial,706,0,17603500.0
PO01122,2025-06-14,S023,P038,Hosur,583,583,9500.0,2025-07-02,2025-07-03,Delivered,0,1,5538500.0
PO01123,2025-11-02,S019,P031,Chengalpattu,115,90,9500.0,2025-11-17,2025-11-17,Partial,25,0,1092500.0
PO01124,2025-03-21,S019,P031,Coimbatore,160,160,9500.0,2025-04-05,2025-04-05,Delivered,0,0,1520000.0
PO01125,2026-06-04,S025,P044,Chennai,1563,1563,14000.0,2026-06-17,2026-06-26,Late,0,9,21882000.0
PO01126,2026-01-20,S019,P032,Chennai,764,764,5000.0,2026-02-05,2026-02-06,Delivered,0,1,3820000.0
PO01127,2026-03-09,S014,P027,Chengalpattu,1207,1207,3500.0,2026-03-23,2026-03-23,Delivered,0,0,4224500.0
PO01128,2025-12-06,S012,P022,Chengalpattu,1179,1179,5000.0,2025-12-22,2025-12-31,Late,0,9,5895000.0
PO01129,2026-08-02,S002,P006,Chennai,272,230,9000.0,2026-08-20,2026-08-31,Late + Partial,42,11,2448000.0
PO01130,2025-04-12,S024,P038,Coimbatore,1361,1361,10500.0,2025-05-05,2025-05-07,Delivered,0,2,14290500.0
PO01131,2026-08-01,S026,P042,Chennai,673,673,13500.0,2026-08-19,2026-08-24,Late,0,5,9085500.0
PO01132,2025-07-18,S024,P039,Coimbatore,1176,1176,2100.0,2025-08-10,2025-08-15,Late,0,5,2469600.0
PO01133,2026-03-18,S009,P017,Coimbatore,892,892,8200.0,2026-04-08,2026-04-07,Delivered,0,-1,7314400.0
PO01134,2025-01-14,S009,P016,Chennai,1373,1259,30000.0,2025-02-04,2025-02-05,Partial,114,1,41190000.0
PO01135,2025-01-31,S023,P039,Coimbatore,499,499,1800.0,2025-02-18,2025-02-17,Delivered,0,-1,898200.0
PO01136,2025-10-26,S023,P038,Chennai,1005,1005,9500.0,2025-11-13,2025-11-11,Delivered,0,-2,9547500.0
PO01137,2026-04-04,S008,P016,Chengalpattu,1923,1923,28000.0,2026-04-22,2026-04-22,Delivered,0,0,53844000.0
PO01138,2026-08-20,S006,P012,Chennai,960,868,15000.0,2026-09-11,2026-09-14,Partial,92,3,14400000.0
PO01139,2025-08-24,S014,P025,Chengalpattu,1343,1343,12000.0,2025-09-07,2025-09-09,Delivered,0,2,16116000.0
PO01140,2025-10-29,S024,P040,Chennai,681,681,4000.0,2025-11-21,2025-12-05,Late,0,14,2724000.0
PO01141,2026-01-09,S020,P036,Hosur,1366,1235,6000.0,2026-01-29,2026-01-30,Partial,131,1,8196000.0
PO01142,2026-03-16,S001,P005,Coimbatore,1705,1705,15000.0,2026-04-01,2026-04-03,Delivered,0,2,25575000.0
PO01143,2026-06-12,S001,P008,Hosur,1558,1558,1800.0,2026-06-27,2026-06-29,Delivered,0,2,2804400.0
PO01144,2026-04-26,S025,P045,Chengalpattu,339,207,10000.0,2026-05-08,2026-05-10,Partial,132,2,3390000.0
PO01145,2025-05-02,S012,P021,Hosur,997,997,20000.0,2025-05-18,2025-05-17,Delivered,0,-1,19940000.0
PO01146,2025-02-02,S008,P017,Hosur,552,552,7500.0,2025-02-19,2025-02-18,Delivered,0,-1,4140000.0
PO01147,2025-11-14,S023,P039,Coimbatore,1141,1141,1800.0,2025-12-02,2025-12-03,Delivered,0,1,2053800.0
PO01148,2026-03-15,S011,P023,Chengalpattu,525,525,3500.0,2026-03-27,2026-04-03,Late,0,7,1837500.0
PO01149,2025-11-29,S020,P037,Coimbatore,1317,1317,12000.0,2025-12-19,2025-12-21,Delivered,0,2,15804000.0
PO01150,2025-12-31,S001,P005,Coimbatore,1400,1400,15000.0,2026-01-16,2026-01-14,Delivered,0,-2,21000000.0
PO01151,2025-03-14,S019,P032,Coimbatore,274,209,5000.0,2025-03-30,2025-04-02,Partial,65,3,1370000.0
PO01152,2025-06-02,S023,P039,Chengalpattu,465,465,1800.0,2025-06-20,2025-06-18,Delivered,0,-2,837000.0
PO01153,2026-07-29,S011,P024,Coimbatore,1252,1252,900.0,2026-08-10,2026-08-11,Delivered,0,1,1126800.0
PO01154,2025-07-21,S001,P003,Hosur,563,563,3200.0,2025-08-05,2025-08-09,Late,0,4,1801600.0
PO01155,2025-01-15,S021,P034,Coimbatore,139,139,18000.0,2025-02-08,2025-02-14,Late,0,6,2502000.0
PO01156,2026-06-22,S019,P031,Chengalpattu,206,128,9500.0,2026-07-07,2026-07-20,Late + Partial,78,13,1957000.0
PO01157,2025-10-13,S026,P044,Coimbatore,258,258,15500.0,2025-11-01,2025-11-06,Late,0,5,3999000.0
PO01158,2026-06-07,S011,P024,Coimbatore,1105,1105,900.0,2026-06-19,2026-06-18,Delivered,0,-1,994500.0
PO01159,2025-11-11,S005,P013,Hosur,1605,1051,28000.0,2025-12-01,2025-12-04,Late + Partial,554,3,44940000.0
PO01160,2026-05-10,S008,P018,Chengalpattu,534,534,16000.0,2026-05-28,2026-05-30,Delivered,0,2,8544000.0
PO01161,2026-02-23,S021,P034,Hosur,1992,1992,18000.0,2026-03-19,2026-03-18,Delivered,0,-1,35856000.0
PO01162,2025-04-27,S013,P024,Hosur,198,198,1100.0,2025-05-16,2025-05-14,Delivered,0,-2,217800.0
PO01163,2026-07-28,S009,P018,Coimbatore,223,223,17500.0,2026-08-19,2026-08-20,Delivered,0,1,3902500.0
PO01164,2025-10-24,S002,P007,Coimbatore,496,496,3500.0,2025-11-11,2025-11-09,Delivered,0,-2,1736000.0
PO01165,2026-01-20,S005,P013,Chennai,906,844,28000.0,2026-02-09,2026-02-10,Partial,62,1,25368000.0
PO01166,2025-05-01,S005,P011,Chennai,1284,1284,42000.0,2025-05-21,2025-05-22,Delivered,0,1,53928000.0
PO01167,2026-04-09,S019,P031,Chengalpattu,1925,1305,9500.0,2026-04-24,2026-04-26,Partial,620,2,18287500.0
PO01168,2025-01-09,S023,P040,Chengalpattu,1705,1705,3500.0,2025-01-27,2025-01-26,Delivered,0,-1,5967500.0
PO01169,2025-01-04,S001,P009,Chennai,632,632,6500.0,2025-01-20,2025-01-21,Delivered,0,1,4108000.0
PO01170,2026-06-03,S020,P036,Coimbatore,915,915,6000.0,2026-06-23,2026-06-23,Delivered,0,0,5490000.0
PO01171,2026-03-09,S014,P029,Chengalpattu,1044,753,250.0,2026-03-23,2026-03-26,Partial,291,3,261000.0
PO01172,2026-07-07,S011,P022,Chengalpattu,1937,1937,4500.0,2026-07-19,2026-07-18,Delivered,0,-1,8716500.0
PO01173,2026-07-07,S007,P011,Hosur,1898,1898,48000.0,2026-08-04,2026-08-05,Delivered,0,1,91104000.0
PO01174,2025-07-07,S023,P040,Coimbatore,811,460,3500.0,2025-07-25,2025-07-28,Late + Partial,351,3,2838500.0
PO01175,2025-01-22,S025,P043,Coimbatore,792,792,8500.0,2025-02-03,2025-02-02,Delivered,0,-1,6732000.0
PO01176,2025-07-09,S025,P043,Coimbatore,1485,1485,8500.0,2025-07-21,2025-07-19,Delivered,0,-2,12622500.0
PO01177,2025-09-06,S024,P040,Hosur,1132,1132,4000.0,2025-09-29,2025-09-30,Delivered,0,1,4528000.0
PO01178,2025-10-10,S002,P005,Chengalpattu,1199,1199,16500.0,2025-10-29,2025-11-07,Late,0,9,19783500.0
PO01179,2025-04-09,S008,P017,Chengalpattu,447,447,7500.0,2025-04-26,2025-04-28,Delivered,0,2,3352500.0
PO01180,2025-07-12,S011,P023,Chengalpattu,982,608,3500.0,2025-07-24,2025-07-24,Partial,374,0,3437000.0
PO01181,2026-01-18,S021,P036,Chengalpattu,1796,1796,7000.0,2026-02-11,2026-02-10,Delivered,0,-1,12572000.0
PO01182,2026-03-27,S011,P022,Chennai,1467,1467,4500.0,2026-04-08,2026-04-10,Delivered,0,2,6601500.0
PO01183,2026-03-08,S002,P010,Hosur,1835,1835,4500.0,2026-03-27,2026-03-29,Delivered,0,2,8257500.0
PO01184,2025-06-03,S019,P031,Chengalpattu,361,255,9500.0,2025-06-18,2025-06-18,Partial,106,0,3429500.0
PO01185,2025-05-20,S011,P021,Coimbatore,1709,1709,18000.0,2025-06-01,2025-05-30,Delivered,0,-2,30762000.0
PO01186,2026-01-15,S024,P040,Chengalpattu,1526,944,4000.0,2026-02-07,2026-02-13,Late + Partial,582,6,6104000.0
PO01187,2026-06-29,S015,P025,Chengalpattu,1951,1570,13500.0,2026-07-17,2026-07-18,Partial,381,1,26338500.0
PO01188,2025-06-10,S024,P039,Hosur,1769,1587,2100.0,2025-07-03,2025-07-10,Late + Partial,182,7,3714900.0
PO01189,2026-05-13,S008,P018,Coimbatore,1435,1435,16000.0,2026-05-31,2026-06-09,Late,0,9,22960000.0
PO01190,2026-02-26,S025,P042,Coimbatore,467,317,12000.0,2026-03-10,2026-03-23,Late + Partial,150,13,5604000.0
PO01191,2026-03-22,S017,P030,Chengalpattu,172,172,7500.0,2026-04-01,2026-04-10,Late,0,9,1290000.0
PO01192,2025-06-29,S001,P010,Hosur,115,115,4200.0,2025-07-14,2025-07-14,Delivered,0,0,483000.0
PO01193,2025-02-02,S020,P035,Coimbatore,1358,1358,8500.0,2025-02-22,2025-02-24,Delivered,0,2,11543000.0
PO01194,2026-04-08,S015,P026,Hosur,1643,1643,5000.0,2026-04-26,2026-04-28,Delivered,0,2,8215000.0
PO01195,2025-03-28,S024,P039,Coimbatore,1224,1224,2100.0,2025-04-20,2025-04-26,Late,0,6,2570400.0
PO01196,2025-01-27,S011,P023,Chengalpattu,789,789,3500.0,2025-02-08,2025-02-08,Delivered,0,0,2761500.0
PO01197,2026-01-05,S002,P008,Chennai,1350,1197,1950.0,2026-01-24,2026-02-04,Late + Partial,153,11,2632500.0
PO01198,2025-12-30,S025,P043,Coimbatore,1746,1746,8500.0,2026-01-11,2026-01-10,Delivered,0,-1,14841000.0
PO01199,2026-04-07,S017,P031,Chennai,459,459,8500.0,2026-04-17,2026-04-30,Late,0,13,3901500.0
PO01200,2026-05-05,S024,P039,Coimbatore,1887,1887,2100.0,2026-05-28,2026-05-27,Delivered,0,-1,3962700.0
PO01201,2026-04-23,S026,P041,Coimbatore,1377,1377,58000.0,2026-05-11,2026-05-09,Delivered,0,-2,79866000.0
PO01202,2025-06-13,S015,P029,Chennai,1345,1345,280.0,2025-07-01,2025-07-01,Delivered,0,0,376600.0
PO01203,2026-08-18,S002,P008,Coimbatore,1213,1213,1950.0,2026-09-06,2026-09-10,Late,0,4,2365350.0
PO01204,2026-04-21,S017,P031,Hosur,315,294,8500.0,2026-05-01,2026-05-03,Partial,21,2,2677500.0
PO01205,2025-08-15,S020,P034,Hosur,345,345,16000.0,2025-09-04,2025-09-02,Delivered,0,-2,5520000.0
PO01206,2026-01-21,S014,P026,Hosur,613,613,4500.0,2026-02-04,2026-02-02,Delivered,0,-2,2758500.0
PO01207,2026-01-01,S002,P005,Coimbatore,899,899,16500.0,2026-01-20,2026-01-18,Delivered,0,-2,14833500.0
PO01208,2025-07-10,S002,P007,Hosur,209,209,3500.0,2025-07-28,2025-07-28,Delivered,0,0,731500.0
PO01209,2025-02-21,S018,P030,Chengalpattu,1375,1375,9000.0,2025-03-10,2025-03-12,Delivered,0,2,12375000.0
PO01210,2025-06-29,S009,P016,Chennai,1366,1366,30000.0,2025-07-20,2025-07-21,Delivered,0,1,40980000.0
PO01211,2025-12-27,S011,P021,Chennai,250,250,18000.0,2026-01-08,2026-01-08,Delivered,0,0,4500000.0
PO01212,2025-03-13,S001,P010,Chennai,1987,1987,4200.0,2025-03-28,2025-03-28,Delivered,0,0,8345400.0
PO01213,2026-03-01,S002,P005,Chennai,1833,1833,16500.0,2026-03-20,2026-03-22,Delivered,0,2,30244500.0
PO01214,2026-02-14,S018,P030,Chengalpattu,553,553,9000.0,2026-03-03,2026-03-12,Late,0,9,4977000.0
PO01215,2026-02-13,S013,P024,Coimbatore,260,260,1100.0,2026-03-04,2026-03-04,Delivered,0,0,286000.0
PO01216,2026-07-02,S013,P021,Chennai,1197,1197,22000.0,2026-07-22,2026-07-23,Delivered,0,1,26334000.0
PO01217,2026-05-05,S008,P019,Coimbatore,1170,1170,3200.0,2026-05-22,2026-06-04,Late,0,13,3744000.0
PO01218,2025-06-28,S008,P017,Chengalpattu,968,812,7500.0,2025-07-15,2025-07-18,Partial,156,3,7260000.0
PO01219,2025-04-09,S007,P013,Chennai,957,957,31000.0,2025-05-05,2025-05-04,Delivered,0,-1,29667000.0
PO01220,2025-01-25,S015,P026,Chennai,780,780,5000.0,2025-02-12,2025-02-14,Delivered,0,2,3900000.0
PO01221,2025-01-21,S005,P012,Hosur,348,348,14000.0,2025-02-08,2025-02-09,Delivered,0,1,4872000.0
PO01222,2025-06-23,S021,P035,Hosur,546,546,9500.0,2025-07-17,2025-07-16,Delivered,0,-1,5187000.0
PO01223,2026-03-02,S025,P044,Coimbatore,515,515,14000.0,2026-03-15,2026-03-13,Delivered,0,-2,7210000.0
PO01224,2025-10-25,S002,P001,Coimbatore,1943,1943,88000.0,2025-11-12,2025-11-15,Late,0,3,170984000.0
PO01225,2025-12-18,S017,P031,Chennai,1635,1635,8500.0,2025-12-28,2025-12-27,Delivered,0,-1,13897500.0
PO01226,2025-12-25,S019,P032,Coimbatore,341,341,5000.0,2026-01-10,2026-01-09,Delivered,0,-1,1705000.0
PO01227,2026-03-05,S006,P011,Chennai,551,551,45000.0,2026-03-29,2026-04-01,Late,0,3,24795000.0
PO01228,2025-07-19,S003,P002,Hosur,1470,1470,4200.0,2025-08-13,2025-08-12,Delivered,0,-1,6174000.0
PO01229,2025-07-02,S008,P017,Chennai,632,632,7500.0,2025-07-19,2025-07-20,Delivered,0,1,4740000.0
PO01230,2026-02-22,S015,P025,Hosur,1643,1308,13500.0,2026-03-12,2026-03-14,Partial,335,2,22180500.0
PO01231,2025-12-26,S024,P040,Chennai,747,747,4000.0,2026-01-18,2026-01-17,Delivered,0,-1,2988000.0
PO01232,2025-03-17,S005,P012,Hosur,352,352,14000.0,2025-04-04,2025-04-12,Late,0,8,4928000.0
PO01233,2026-05-23,S025,P042,Hosur,527,390,12000.0,2026-06-04,2026-06-07,Late + Partial,137,3,6324000.0
PO01234,2025-03-09,S008,P017,Hosur,178,178,7500.0,2025-03-26,2025-03-28,Delivered,0,2,1335000.0
PO01235,2025-05-27,S007,P013,Hosur,1930,1743,31000.0,2025-06-22,2025-06-21,Partial,187,-1,59830000.0
PO01236,2025-10-28,S002,P003,Chennai,556,460,3400.0,2025-11-15,2025-11-15,Partial,96,0,1890400.0
PO01237,2026-02-21,S005,P011,Coimbatore,736,736,42000.0,2026-03-13,2026-03-15,Delivered,0,2,30912000.0
PO01238,2025-10-27,S008,P016,Hosur,647,647,28000.0,2025-11-14,2025-11-17,Late,0,3,18116000.0
PO01239,2025-06-20,S009,P017,Chengalpattu,984,545,8200.0,2025-07-11,2025-07-14,Late + Partial,439,3,8068800.0
PO01240,2025-11-12,S013,P021,Chengalpattu,1879,1879,22000.0,2025-12-02,2025-12-01,Delivered,0,-1,41338000.0
PO01241,2025-09-12,S002,P007,Chengalpattu,1945,1945,3500.0,2025-09-30,2025-09-28,Delivered,0,-2,6807500.0
PO01242,2025-02-25,S014,P025,Hosur,1214,1214,12000.0,2025-03-11,2025-03-12,Delivered,0,1,14568000.0
PO01243,2025-03-09,S002,P001,Coimbatore,1788,1788,88000.0,2025-03-27,2025-03-27,Delivered,0,0,157344000.0
PO01244,2025-07-28,S021,P036,Chennai,1205,1205,7000.0,2025-08-21,2025-08-19,Delivered,0,-2,8435000.0
PO01245,2025-05-11,S014,P028,Hosur,831,528,7000.0,2025-05-26,2025-05-27,Partial,303,1,5817000.0
PO01246,2026-04-15,S012,P021,Chengalpattu,1915,1915,20000.0,2026-05-01,2026-05-02,Delivered,0,1,38300000.0
PO01247,2025-06-08,S002,P006,Chengalpattu,1149,1149,9000.0,2025-06-26,2025-06-24,Delivered,0,-2,10341000.0
PO01248,2025-02-19,S025,P045,Chengalpattu,1423,966,10000.0,2025-03-03,2025-03-02,Partial,457,-1,14230000.0
PO01249,2026-01-19,S024,P040,Coimbatore,962,962,4000.0,2026-02-11,2026-02-16,Late,0,5,3848000.0
PO01250,2025-06-17,S001,P007,Hosur,317,247,3200.0,2025-07-02,2025-07-05,Late + Partial,70,3,1014400.0
PO01251,2025-12-26,S011,P022,Chennai,278,220,4500.0,2026-01-07,2026-01-06,Partial,58,-1,1251000.0
PO01252,2025-05-04,S001,P004,Chennai,385,385,18000.0,2025-05-21,2025-05-20,Delivered,0,-1,6930000.0
PO01253,2026-03-31,S002,P009,Hosur,1900,1900,7000.0,2026-04-20,2026-05-04,Late,0,14,13300000.0
PO01254,2025-03-02,S005,P012,Hosur,365,365,14000.0,2025-03-20,2025-03-22,Delivered,0,2,5110000.0
PO01255,2025-02-14,S026,P044,Chennai,1837,1837,15500.0,2025-03-05,2025-03-06,Delivered,0,1,28473500.0
PO01256,2025-04-26,S020,P036,Chennai,1183,1183,6000.0,2025-05-16,2025-05-14,Delivered,0,-2,7098000.0
PO01257,2026-07-21,S002,P007,Chengalpattu,108,108,3500.0,2026-08-08,2026-08-10,Delivered,0,2,378000.0
PO01258,2025-08-21,S016,P027,Hosur,493,493,4000.0,2025-09-11,2025-09-10,Delivered,0,-1,1972000.0
PO01259,2025-01-05,S002,P010,Chengalpattu,706,706,4500.0,2025-01-24,2025-01-22,Delivered,0,-2,3177000.0
PO01260,2026-08-30,S021,P035,Chengalpattu,500,413,9500.0,2026-09-23,2026-09-23,Partial,87,0,4750000.0
PO01261,2026-01-14,S026,P041,Chengalpattu,1773,1773,58000.0,2026-02-01,2026-02-04,Late,0,3,102834000.0
PO01262,2025-02-13,S011,P023,Chennai,919,919,3500.0,2025-02-25,2025-03-02,Late,0,5,3216500.0
PO01263,2026-05-07,S018,P030,Chengalpattu,1831,1831,9000.0,2026-05-24,2026-05-23,Delivered,0,-1,16479000.0
PO01264,2025-05-15,S025,P043,Chengalpattu,680,680,8500.0,2025-05-27,2025-06-07,Late,0,11,5780000.0
PO01265,2025-07-02,S016,P028,Chengalpattu,503,503,8000.0,2025-07-24,2025-08-02,Late,0,9,4024000.0
PO01266,2026-04-23,S025,P042,Chennai,590,590,12000.0,2026-05-05,2026-05-03,Delivered,0,-2,7080000.0
PO01267,2026-07-23,S005,P011,Chennai,793,724,42000.0,2026-08-12,2026-08-14,Partial,69,2,33306000.0
PO01268,2025-06-17,S019,P030,Chennai,779,646,8000.0,2025-07-02,2025-07-10,Late + Partial,133,8,6232000.0
PO01269,2025-01-30,S011,P024,Hosur,1728,1728,900.0,2025-02-11,2025-02-13,Delivered,0,2,1555200.0
PO01270,2025-11-02,S023,P039,Chennai,280,280,1800.0,2025-11-20,2025-11-21,Delivered,0,1,504000.0
PO01271,2026-08-05,S026,P043,Hosur,1542,1542,9500.0,2026-08-23,2026-09-02,Late,0,10,14649000.0
PO01272,2025-04-16,S005,P013,Chengalpattu,1229,1229,28000.0,2025-05-06,2025-05-10,Late,0,4,34412000.0
PO01273,2025-04-23,S004,P002,Hosur,1812,1812,4500.0,2025-05-15,2025-05-15,Delivered,0,0,8154000.0
PO01274,2025-05-12,S014,P029,Chengalpattu,1339,1339,250.0,2025-05-26,2025-05-27,Delivered,0,1,334750.0
PO01275,2025-07-05,S005,P013,Chengalpattu,1061,1061,28000.0,2025-07-25,2025-07-24,Delivered,0,-1,29708000.0
PO01276,2025-03-11,S026,P042,Hosur,521,410,13500.0,2025-03-29,2025-03-30,Partial,111,1,7033500.0
PO01277,2026-02-15,S020,P035,Chennai,597,597,8500.0,2026-03-07,2026-03-09,Delivered,0,2,5074500.0
PO01278,2025-11-02,S013,P024,Hosur,224,200,1100.0,2025-11-21,2025-11-23,Partial,24,2,246400.0
PO01279,2026-04-07,S016,P025,Coimbatore,762,762,14500.0,2026-04-29,2026-04-28,Delivered,0,-1,11049000.0
PO01280,2026-01-26,S002,P004,Coimbatore,970,970,19500.0,2026-02-15,2026-02-22,Late,0,7,18915000.0
PO01281,2025-12-09,S020,P034,Chengalpattu,1477,1477,16000.0,2025-12-29,2025-12-31,Delivered,0,2,23632000.0
PO01282,2026-03-08,S016,P028,Chennai,635,635,8000.0,2026-03-30,2026-04-01,Delivered,0,2,5080000.0
PO01283,2025-06-10,S020,P034,Hosur,808,808,16000.0,2025-06-30,2025-07-07,Late,0,7,12928000.0
PO01284,2025-07-13,S008,P020,Chennai,1345,1345,1800.0,2025-07-30,2025-07-29,Delivered,0,-1,2421000.0
PO01285,2025-07-29,S026,P042,Coimbatore,1929,1929,13500.0,2025-08-16,2025-08-18,Delivered,0,2,26041500.0
PO01286,2025-05-25,S014,P029,Coimbatore,1600,1260,250.0,2025-06-08,2025-06-08,Partial,340,0,400000.0
PO01287,2025-06-08,S003,P002,Coimbatore,1905,1905,4200.0,2025-07-03,2025-07-08,Late,0,5,8001000.0
PO01288,2025-12-29,S007,P013,Coimbatore,1219,1219,31000.0,2026-01-24,2026-02-03,Late,0,10,37789000.0
PO01289,2025-08-11,S007,P014,Hosur,915,915,20000.0,2025-09-05,2025-09-19,Late,0,14,18300000.0
PO01290,2025-05-08,S017,P031,Coimbatore,394,394,8500.0,2025-05-18,2025-05-22,Late,0,4,3349000.0
PO01291,2025-04-19,S019,P032,Coimbatore,1715,1715,5000.0,2025-05-05,2025-05-03,Delivered,0,-2,8575000.0
PO01292,2025-04-13,S008,P019,Hosur,1663,1433,3200.0,2025-04-30,2025-04-29,Partial,230,-1,5321600.0
PO01293,2025-11-23,S013,P024,Chennai,1720,1720,1100.0,2025-12-12,2025-12-12,Delivered,0,0,1892000.0
PO01294,2025-08-30,S014,P025,Chengalpattu,378,378,12000.0,2025-09-13,2025-09-11,Delivered,0,-2,4536000.0
PO01295,2025-12-21,S001,P005,Chennai,663,663,15000.0,2026-01-06,2026-01-06,Delivered,0,0,9945000.0
PO01296,2026-08-04,S026,P044,Chennai,366,207,15500.0,2026-08-23,2026-08-27,Late + Partial,159,4,5673000.0
PO01297,2025-11-13,S012,P021,Hosur,1060,1060,20000.0,2025-11-29,2025-12-05,Late,0,6,21200000.0
PO01298,2026-07-24,S014,P027,Chennai,1546,1546,3500.0,2026-08-07,2026-08-06,Delivered,0,-1,5411000.0
PO01299,2026-06-09,S024,P039,Chennai,910,835,2100.0,2026-07-02,2026-07-02,Partial,75,0,1911000.0
PO01300,2025-09-26,S017,P030,Chennai,812,812,7500.0,2025-10-06,2025-10-07,Delivered,0,1,6090000.0
PO01301,2026-08-03,S012,P023,Hosur,1774,1774,3800.0,2026-08-19,2026-08-18,Delivered,0,-1,6741200.0
PO01302,2025-05-22,S008,P020,Chennai,851,851,1800.0,2025-06-08,2025-06-09,Delivered,0,1,1531800.0
PO01303,2025-01-15,S002,P003,Coimbatore,196,196,3400.0,2025-02-02,2025-02-15,Late,0,13,666400.0
PO01304,2025-03-14,S001,P007,Chennai,695,596,3200.0,2025-03-29,2025-03-28,Partial,99,-1,2224000.0
PO01305,2025-08-31,S009,P016,Chennai,1657,1657,30000.0,2025-09-21,2025-09-20,Delivered,0,-1,49710000.0
PO01306,2026-04-29,S001,P005,Chengalpattu,621,542,15000.0,2026-05-15,2026-05-24,Late + Partial,79,9,9315000.0
PO01307,2025-07-28,S006,P011,Chengalpattu,1024,1024,45000.0,2025-08-21,2025-08-19,Delivered,0,-2,46080000.0
PO01308,2025-06-27,S001,P001,Chennai,253,253,85000.0,2025-07-12,2025-07-22,Late,0,10,21505000.0
PO01309,2025-12-30,S006,P011,Chengalpattu,469,323,45000.0,2026-01-23,2026-01-28,Late + Partial,146,5,21105000.0
PO01310,2026-05-27,S009,P017,Chennai,866,866,8200.0,2026-06-17,2026-06-18,Delivered,0,1,7101200.0
PO01311,2025-08-07,S017,P030,Coimbatore,122,94,7500.0,2025-08-17,2025-08-17,Partial,28,0,915000.0
PO01312,2025-09-26,S014,P028,Chengalpattu,1748,1748,7000.0,2025-10-11,2025-10-13,Delivered,0,2,12236000.0
PO01313,2025-05-11,S002,P006,Chengalpattu,1610,1610,9000.0,2025-05-29,2025-05-30,Delivered,0,1,14490000.0
PO01314,2025-12-14,S013,P024,Chengalpattu,321,321,1100.0,2026-01-02,2026-01-02,Delivered,0,0,353100.0
PO01315,2025-03-10,S015,P025,Hosur,390,390,13500.0,2025-03-28,2025-04-02,Late,0,5,5265000.0
PO01316,2025-10-02,S012,P023,Hosur,1212,1212,3800.0,2025-10-18,2025-10-16,Delivered,0,-2,4605600.0
PO01317,2025-01-27,S001,P009,Chennai,630,630,6500.0,2025-02-12,2025-02-12,Delivered,0,0,4095000.0
PO01318,2025-01-12,S025,P043,Chennai,1466,1466,8500.0,2025-01-24,2025-01-25,Delivered,0,1,12461000.0
PO01319,2025-12-20,S026,P044,Hosur,875,819,15500.0,2026-01-08,2026-01-11,Partial,56,3,13562500.0
PO01320,2026-05-27,S001,P009,Chennai,1888,1888,6500.0,2026-06-12,2026-06-12,Delivered,0,0,12272000.0
PO01321,2025-05-23,S001,P007,Coimbatore,819,819,3200.0,2025-06-07,2025-06-09,Delivered,0,2,2620800.0
PO01322,2026-02-13,S024,P039,Hosur,809,809,2100.0,2026-03-08,2026-03-21,Late,0,13,1698900.0
PO01323,2026-01-13,S012,P022,Chennai,1794,1794,5000.0,2026-01-29,2026-01-30,Delivered,0,1,8970000.0
PO01324,2025-09-12,S008,P016,Coimbatore,826,826,28000.0,2025-09-30,2025-09-30,Delivered,0,0,23128000.0
PO01325,2025-05-16,S026,P043,Chennai,1892,1892,9500.0,2025-06-03,2025-06-03,Delivered,0,0,17974000.0
PO01326,2025-03-10,S001,P009,Chennai,1550,1550,6500.0,2025-03-26,2025-03-28,Delivered,0,2,10075000.0
PO01327,2025-05-19,S011,P022,Chennai,248,248,4500.0,2025-05-31,2025-06-13,Late,0,13,1116000.0
PO01328,2025-09-10,S015,P025,Hosur,1931,1931,13500.0,2025-09-28,2025-09-27,Delivered,0,-1,26068500.0
PO01329,2026-01-17,S002,P007,Coimbatore,1079,1079,3500.0,2026-02-04,2026-02-03,Delivered,0,-1,3776500.0
PO01330,2026-04-16,S011,P024,Chengalpattu,488,488,900.0,2026-04-28,2026-04-30,Delivered,0,2,439200.0
PO01331,2026-02-14,S009,P018,Coimbatore,1022,1022,17500.0,2026-03-08,2026-03-07,Delivered,0,-1,17885000.0
PO01332,2025-12-31,S017,P030,Chennai,923,923,7500.0,2026-01-10,2026-01-09,Delivered,0,-1,6922500.0
PO01333,2025-02-15,S007,P014,Chengalpattu,1023,1023,20000.0,2025-03-12,2025-03-14,Delivered,0,2,20460000.0
PO01334,2025-02-27,S002,P006,Coimbatore,1358,1199,9000.0,2025-03-17,2025-03-19,Partial,159,2,12222000.0
PO01335,2025-09-06,S025,P041,Coimbatore,1060,1060,55000.0,2025-09-18,2025-09-19,Delivered,0,1,58300000.0
PO01336,2026-02-16,S026,P043,Chennai,1196,1196,9500.0,2026-03-06,2026-03-07,Delivered,0,1,11362000.0
PO01337,2026-08-26,S016,P028,Hosur,1950,1261,8000.0,2026-09-17,2026-09-19,Partial,689,2,15600000.0
PO01338,2025-04-18,S001,P003,Hosur,1510,1024,3200.0,2025-05-03,2025-05-02,Partial,486,-1,4832000.0
PO01339,2025-05-03,S022,P037,Hosur,1710,1710,13500.0,2025-05-30,2025-05-31,Delivered,0,1,23085000.0
PO01340,2026-01-09,S002,P005,Chengalpattu,1492,1492,16500.0,2026-01-28,2026-02-07,Late,0,10,24618000.0
PO01341,2025-12-19,S015,P026,Coimbatore,1729,1729,5000.0,2026-01-06,2026-01-05,Delivered,0,-1,8645000.0
PO01342,2026-04-21,S021,P036,Coimbatore,207,207,7000.0,2026-05-15,2026-05-17,Delivered,0,2,1449000.0
PO01343,2025-09-19,S013,P024,Chennai,258,258,1100.0,2025-10-08,2025-10-09,Delivered,0,1,283800.0
PO01344,2026-03-08,S001,P004,Hosur,746,746,18000.0,2026-03-25,2026-03-23,Delivered,0,-2,13428000.0
PO01345,2026-06-26,S015,P029,Chengalpattu,1951,1951,280.0,2026-07-14,2026-07-16,Delivered,0,2,546280.0
PO01346,2026-03-06,S010,P020,Chengalpattu,1773,1773,2100.0,2026-03-30,2026-04-06,Late,0,7,3723300.0
PO01347,2025-05-05,S013,P024,Chengalpattu,257,230,1100.0,2025-05-24,2025-05-23,Partial,27,-1,282700.0
PO01348,2026-04-07,S009,P019,Hosur,154,119,3500.0,2026-04-28,2026-04-30,Partial,35,2,539000.0
PO01349,2026-06-07,S008,P016,Coimbatore,1317,1317,28000.0,2026-06-25,2026-06-24,Delivered,0,-1,36876000.0
PO01350,2025-08-09,S009,P019,Chengalpattu,1082,1082,3500.0,2025-08-30,2025-08-31,Delivered,0,1,3787000.0
PO01351,2025-01-15,S024,P040,Chennai,639,639,4000.0,2025-02-07,2025-02-06,Delivered,0,-1,2556000.0
PO01352,2025-10-30,S006,P011,Chennai,1608,1270,45000.0,2025-11-23,2025-11-30,Late + Partial,338,7,72360000.0
PO01353,2025-04-08,S025,P043,Chennai,1201,1201,8500.0,2025-04-20,2025-05-02,Late,0,12,10208500.0
PO01354,2025-09-02,S021,P034,Coimbatore,726,726,18000.0,2025-09-26,2025-09-24,Delivered,0,-2,13068000.0
PO01355,2025-06-17,S020,P037,Chengalpattu,593,593,12000.0,2025-07-07,2025-07-12,Late,0,5,7116000.0
PO01356,2026-03-06,S014,P025,Chengalpattu,200,163,12000.0,2026-03-20,2026-03-20,Partial,37,0,2400000.0
PO01357,2025-02-19,S011,P023,Chennai,583,583,3500.0,2025-03-03,2025-03-08,Late,0,5,2040500.0
PO01358,2025-08-30,S001,P007,Chennai,233,233,3200.0,2025-09-14,2025-09-14,Delivered,0,0,745600.0
PO01359,2025-07-08,S009,P017,Coimbatore,1887,1887,8200.0,2025-07-29,2025-07-28,Delivered,0,-1,15473400.0
PO01360,2026-06-23,S007,P013,Chennai,600,600,31000.0,2026-07-19,2026-07-22,Late,0,3,18600000.0
PO01361,2025-01-12,S008,P019,Coimbatore,852,852,3200.0,2025-01-29,2025-01-29,Delivered,0,0,2726400.0
PO01362,2025-04-13,S002,P005,Chengalpattu,1264,1005,16500.0,2025-05-02,2025-05-03,Partial,259,1,20856000.0
PO01363,2026-07-19,S023,P039,Coimbatore,503,503,1800.0,2026-08-06,2026-08-11,Late,0,5,905400.0
PO01364,2026-07-06,S006,P011,Chengalpattu,749,749,45000.0,2026-07-30,2026-08-01,Delivered,0,2,33705000.0
PO01365,2026-01-26,S013,P021,Chengalpattu,819,819,22000.0,2026-02-15,2026-02-14,Delivered,0,-1,18018000.0
PO01366,2026-03-03,S007,P014,Hosur,486,486,20000.0,2026-03-28,2026-03-31,Late,0,3,9720000.0
PO01367,2025-06-18,S007,P014,Chengalpattu,593,309,20000.0,2025-07-13,2025-07-26,Late + Partial,284,13,11860000.0
PO01368,2026-07-25,S001,P006,Hosur,359,359,8500.0,2026-08-09,2026-08-08,Delivered,0,-1,3051500.0
PO01369,2025-06-28,S023,P040,Chennai,1372,1372,3500.0,2025-07-16,2025-07-17,Delivered,0,1,4802000.0
PO01370,2026-08-07,S013,P024,Chennai,1098,934,1100.0,2026-08-26,2026-08-28,Partial,164,2,1207800.0
PO01371,2026-02-21,S001,P001,Coimbatore,1444,1444,85000.0,2026-03-08,2026-03-09,Delivered,0,1,122740000.0
PO01372,2026-03-15,S017,P032,Chengalpattu,1617,1617,4500.0,2026-03-27,2026-03-26,Delivered,0,-1,7276500.0
PO01373,2025-12-24,S001,P006,Chengalpattu,1232,1232,8500.0,2026-01-08,2026-01-12,Late,0,4,10472000.0
PO01374,2025-09-30,S014,P026,Coimbatore,1070,718,4500.0,2025-10-14,2025-10-13,Partial,352,-1,4815000.0
PO01375,2026-01-14,S001,P006,Coimbatore,246,153,8500.0,2026-01-29,2026-01-28,Partial,93,-1,2091000.0
PO01376,2026-06-23,S021,P036,Hosur,258,258,7000.0,2026-07-17,2026-07-18,Delivered,0,1,1806000.0
PO01377,2026-01-22,S002,P008,Coimbatore,1285,1285,1950.0,2026-02-10,2026-02-12,Delivered,0,2,2505750.0
PO01378,2026-01-07,S001,P003,Chengalpattu,784,693,3200.0,2026-01-22,2026-01-25,Partial,91,3,2508800.0
PO01379,2025-03-28,S009,P019,Chengalpattu,626,506,3500.0,2025-04-18,2025-04-17,Partial,120,-1,2191000.0
PO01380,2025-08-30,S020,P034,Chennai,1325,1325,16000.0,2025-09-19,2025-10-03,Late,0,14,21200000.0
PO01381,2026-01-19,S002,P007,Chennai,1160,1160,3500.0,2026-02-06,2026-02-04,Delivered,0,-2,4060000.0
PO01382,2025-05-02,S001,P009,Chennai,1073,1073,6500.0,2025-05-18,2025-05-16,Delivered,0,-2,6974500.0
PO01383,2026-01-21,S002,P004,Coimbatore,330,184,19500.0,2026-02-10,2026-02-16,Late + Partial,146,6,6435000.0
PO01384,2025-07-20,S011,P021,Chengalpattu,1962,1142,18000.0,2025-08-01,2025-08-12,Late + Partial,820,11,35316000.0
PO01385,2025-11-23,S001,P010,Hosur,839,764,4200.0,2025-12-08,2025-12-08,Partial,75,0,3523800.0
PO01386,2025-09-14,S008,P020,Coimbatore,1942,1942,1800.0,2025-10-01,2025-09-29,Delivered,0,-2,3495600.0
PO01387,2025-09-27,S016,P027,Chengalpattu,1667,1667,4000.0,2025-10-18,2025-10-20,Delivered,0,2,6668000.0
PO01388,2026-03-08,S013,P021,Chennai,1918,1918,22000.0,2026-03-28,2026-03-28,Delivered,0,0,42196000.0
PO01389,2025-01-08,S026,P045,Chennai,1716,1471,11500.0,2025-01-26,2025-01-25,Partial,245,-1,19734000.0
PO01390,2025-09-16,S024,P038,Chengalpattu,129,109,10500.0,2025-10-09,2025-10-13,Late + Partial,20,4,1354500.0
PO01391,2025-07-18,S002,P009,Coimbatore,341,341,7000.0,2025-08-07,2025-08-17,Late,0,10,2387000.0
PO01392,2025-04-25,S011,P023,Chengalpattu,1605,1605,3500.0,2025-05-07,2025-05-05,Delivered,0,-2,5617500.0
PO01393,2025-03-27,S005,P014,Hosur,402,402,18000.0,2025-04-16,2025-04-20,Late,0,4,7236000.0
PO01394,2026-07-11,S012,P023,Chengalpattu,1166,827,3800.0,2026-07-27,2026-08-05,Late + Partial,339,9,4430800.0
PO01395,2025-01-16,S017,P030,Chengalpattu,1965,1965,7500.0,2025-01-26,2025-01-26,Delivered,0,0,14737500.0
PO01396,2025-12-09,S019,P032,Hosur,340,340,5000.0,2025-12-25,2025-12-25,Delivered,0,0,1700000.0
PO01397,2026-01-30,S002,P010,Coimbatore,358,358,4500.0,2026-02-18,2026-02-18,Delivered,0,0,1611000.0
PO01398,2025-05-16,S023,P039,Chengalpattu,501,501,1800.0,2025-06-03,2025-06-01,Delivered,0,-2,901800.0
PO01399,2026-07-21,S001,P007,Chennai,1960,1960,3200.0,2026-08-05,2026-08-05,Delivered,0,0,6272000.0
PO01400,2025-12-09,S005,P012,Chennai,1945,1945,14000.0,2025-12-27,2025-12-26,Delivered,0,-1,27230000.0
PO01401,2025-01-02,S015,P029,Hosur,930,930,280.0,2025-01-20,2025-01-19,Delivered,0,-1,260400.0
PO01402,2026-08-10,S021,P036,Chennai,681,681,7000.0,2026-09-03,2026-09-09,Late,0,6,4767000.0
PO01403,2025-06-12,S005,P011,Chengalpattu,1775,1775,42000.0,2025-07-02,2025-07-03,Delivered,0,1,74550000.0
PO01404,2026-01-30,S001,P001,Coimbatore,1795,1795,85000.0,2026-02-14,2026-02-12,Delivered,0,-2,152575000.0
PO01405,2026-02-13,S025,P042,Chengalpattu,814,814,12000.0,2026-02-25,2026-02-23,Delivered,0,-2,9768000.0
PO01406,2026-07-05,S014,P025,Hosur,524,524,12000.0,2026-07-19,2026-07-17,Delivered,0,-2,6288000.0
PO01407,2026-03-02,S012,P021,Hosur,1213,785,20000.0,2026-03-18,2026-03-21,Partial,428,3,24260000.0
PO01408,2026-03-28,S014,P026,Coimbatore,210,210,4500.0,2026-04-11,2026-04-13,Delivered,0,2,945000.0
PO01409,2025-05-31,S014,P029,Chennai,1327,1327,250.0,2025-06-14,2025-06-25,Late,0,11,331750.0
PO01410,2026-02-12,S002,P005,Chennai,833,833,16500.0,2026-03-03,2026-03-05,Delivered,0,2,13744500.0
PO01411,2026-04-04,S026,P043,Chennai,1145,1145,9500.0,2026-04-22,2026-04-22,Delivered,0,0,10877500.0
PO01412,2026-01-03,S020,P035,Chennai,1653,1653,8500.0,2026-01-23,2026-01-21,Delivered,0,-2,14050500.0
PO01413,2025-01-30,S006,P012,Hosur,475,475,15000.0,2025-02-21,2025-02-23,Delivered,0,2,7125000.0
PO01414,2025-03-30,S007,P011,Chengalpattu,1800,1800,48000.0,2025-04-27,2025-04-29,Delivered,0,2,86400000.0
PO01415,2026-04-04,S001,P006,Hosur,1288,1288,8500.0,2026-04-19,2026-04-18,Delivered,0,-1,10948000.0
PO01416,2025-09-11,S008,P017,Hosur,1820,1820,7500.0,2025-09-28,2025-10-02,Late,0,4,13650000.0
PO01417,2025-09-09,S001,P001,Chennai,1530,1530,85000.0,2025-09-24,2025-10-05,Late,0,11,130050000.0
PO01418,2025-08-21,S002,P001,Coimbatore,1026,1026,88000.0,2025-09-08,2025-09-07,Delivered,0,-1,90288000.0
PO01419,2025-04-27,S011,P024,Chengalpattu,668,668,900.0,2025-05-09,2025-05-08,Delivered,0,-1,601200.0
PO01420,2025-08-11,S001,P004,Coimbatore,713,713,18000.0,2025-08-28,2025-09-10,Late,0,13,12834000.0
PO01421,2025-08-06,S021,P036,Chengalpattu,1975,1975,7000.0,2025-08-30,2025-08-30,Delivered,0,0,13825000.0
PO01422,2026-02-25,S021,P036,Hosur,1390,1390,7000.0,2026-03-21,2026-03-30,Late,0,9,9730000.0
PO01423,2025-04-11,S007,P014,Chengalpattu,1958,1958,20000.0,2025-05-06,2025-05-06,Delivered,0,0,39160000.0
PO01424,2025-01-27,S025,P041,Hosur,498,498,55000.0,2025-02-08,2025-02-20,Late,0,12,27390000.0
PO01425,2025-11-24,S007,P013,Chengalpattu,1449,1449,31000.0,2025-12-20,2025-12-18,Delivered,0,-2,44919000.0
PO01426,2026-05-16,S005,P013,Hosur,726,726,28000.0,2026-06-05,2026-06-06,Delivered,0,1,20328000.0
PO01427,2026-05-25,S026,P045,Coimbatore,454,454,11500.0,2026-06-12,2026-06-13,Delivered,0,1,5221000.0
PO01428,2025-03-16,S025,P043,Coimbatore,1537,1537,8500.0,2025-03-28,2025-03-29,Delivered,0,1,13064500.0
PO01429,2025-08-18,S009,P019,Chengalpattu,141,141,3500.0,2025-09-08,2025-09-10,Delivered,0,2,493500.0
PO01430,2025-05-02,S001,P008,Chennai,106,106,1800.0,2025-05-17,2025-05-19,Delivered,0,2,190800.0
PO01431,2026-08-05,S023,P039,Chennai,1429,1429,1800.0,2026-08-23,2026-08-24,Delivered,0,1,2572200.0
PO01432,2026-08-22,S023,P039,Chennai,1334,1334,1800.0,2026-09-09,2026-09-11,Delivered,0,2,2401200.0
PO01433,2025-06-12,S017,P031,Coimbatore,722,722,8500.0,2025-06-22,2025-06-22,Delivered,0,0,6137000.0
PO01434,2026-08-20,S011,P021,Chennai,520,520,18000.0,2026-09-01,2026-09-01,Delivered,0,0,9360000.0
PO01435,2025-03-15,S002,P005,Coimbatore,1040,1040,16500.0,2025-04-03,2025-04-02,Delivered,0,-1,17160000.0
PO01436,2025-10-27,S006,P011,Hosur,1949,1949,45000.0,2025-11-20,2025-12-04,Late,0,14,87705000.0
PO01437,2025-05-23,S008,P018,Hosur,564,564,16000.0,2025-06-10,2025-06-12,Delivered,0,2,9024000.0
PO01438,2025-12-05,S021,P035,Chennai,1968,1804,9500.0,2025-12-29,2025-12-28,Partial,164,-1,18696000.0
PO01439,2025-10-29,S020,P037,Hosur,1100,1100,12000.0,2025-11-18,2025-11-27,Late,0,9,13200000.0
PO01440,2025-03-07,S016,P027,Hosur,388,388,4000.0,2025-03-28,2025-03-28,Delivered,0,0,1552000.0
PO01441,2026-08-09,S014,P029,Hosur,111,65,250.0,2026-08-23,2026-08-26,Late + Partial,46,3,27750.0
PO01442,2026-04-14,S024,P038,Chengalpattu,384,384,10500.0,2026-05-07,2026-05-08,Delivered,0,1,4032000.0
PO01443,2026-01-25,S001,P003,Coimbatore,1104,951,3200.0,2026-02-09,2026-02-11,Partial,153,2,3532800.0
PO01444,2026-02-09,S010,P020,Chengalpattu,411,411,2100.0,2026-03-05,2026-03-15,Late,0,10,863100.0
PO01445,2025-11-02,S014,P026,Hosur,258,258,4500.0,2025-11-16,2025-11-28,Late,0,12,1161000.0
PO01446,2026-06-19,S009,P018,Hosur,469,469,17500.0,2026-07-11,2026-07-12,Delivered,0,1,8207500.0
PO01447,2025-01-30,S008,P016,Hosur,1993,1993,28000.0,2025-02-17,2025-02-16,Delivered,0,-1,55804000.0
PO01448,2025-09-13,S023,P038,Chengalpattu,194,194,9500.0,2025-10-01,2025-10-03,Delivered,0,2,1843000.0
PO01449,2025-11-15,S019,P031,Hosur,1578,1578,9500.0,2025-11-30,2025-12-02,Delivered,0,2,14991000.0
PO01450,2026-07-02,S002,P005,Coimbatore,1043,1043,16500.0,2026-07-21,2026-07-19,Delivered,0,-2,17209500.0
PO01451,2025-02-13,S002,P005,Hosur,802,802,16500.0,2025-03-04,2025-03-11,Late,0,7,13233000.0
PO01452,2026-05-13,S014,P029,Hosur,1044,918,250.0,2026-05-27,2026-05-28,Partial,126,1,261000.0
PO01453,2025-12-17,S008,P018,Chengalpattu,1483,1483,16000.0,2026-01-04,2026-01-04,Delivered,0,0,23728000.0
PO01454,2025-01-08,S010,P020,Coimbatore,1175,1175,2100.0,2025-02-01,2025-01-30,Delivered,0,-2,2467500.0
PO01455,2026-04-11,S002,P010,Coimbatore,1989,1989,4500.0,2026-04-30,2026-05-02,Delivered,0,2,8950500.0
PO01456,2025-11-28,S013,P021,Chengalpattu,1477,997,22000.0,2025-12-18,2025-12-29,Late + Partial,480,11,32494000.0
PO01457,2026-04-16,S008,P018,Coimbatore,251,251,16000.0,2026-05-04,2026-05-02,Delivered,0,-2,4016000.0
PO01458,2025-06-11,S002,P007,Coimbatore,536,536,3500.0,2025-06-29,2025-06-27,Delivered,0,-2,1876000.0
PO01459,2025-11-03,S005,P013,Hosur,253,253,28000.0,2025-11-23,2025-11-23,Delivered,0,0,7084000.0
PO01460,2026-07-12,S020,P037,Chengalpattu,1028,1028,12000.0,2026-08-01,2026-07-31,Delivered,0,-1,12336000.0
PO01461,2025-06-09,S008,P018,Chengalpattu,1884,1666,16000.0,2025-06-27,2025-07-07,Late + Partial,218,10,30144000.0
PO01462,2025-07-29,S020,P037,Coimbatore,1577,1161,12000.0,2025-08-18,2025-08-18,Partial,416,0,18924000.0
PO01463,2026-07-31,S023,P040,Hosur,1621,1621,3500.0,2026-08-18,2026-08-19,Delivered,0,1,5673500.0
PO01464,2025-07-21,S019,P030,Coimbatore,168,113,8000.0,2025-08-05,2025-08-04,Partial,55,-1,1344000.0
PO01465,2025-05-26,S005,P014,Chennai,1125,1044,18000.0,2025-06-15,2025-06-18,Partial,81,3,20250000.0
PO01466,2026-01-15,S019,P032,Hosur,718,607,5000.0,2026-01-31,2026-02-02,Partial,111,2,3590000.0
PO01467,2025-01-01,S010,P020,Hosur,352,264,2100.0,2025-01-25,2025-01-28,Partial,88,3,739200.0
PO01468,2026-05-13,S019,P031,Hosur,1286,1286,9500.0,2026-05-28,2026-06-09,Late,0,12,12217000.0
PO01469,2025-12-01,S024,P039,Coimbatore,1579,1579,2100.0,2025-12-24,2025-12-23,Delivered,0,-1,3315900.0
PO01470,2025-12-12,S024,P039,Chengalpattu,1331,1331,2100.0,2026-01-04,2026-01-07,Late,0,3,2795100.0
PO01471,2026-04-26,S021,P035,Chennai,583,583,9500.0,2026-05-20,2026-05-22,Delivered,0,2,5538500.0
PO01472,2026-02-23,S010,P016,Chennai,1608,1003,32000.0,2026-03-20,2026-03-24,Late + Partial,605,4,51456000.0
PO01473,2025-12-15,S006,P011,Hosur,1452,1452,45000.0,2026-01-08,2026-01-07,Delivered,0,-1,65340000.0
PO01474,2026-03-22,S026,P041,Chengalpattu,1903,1903,58000.0,2026-04-09,2026-04-11,Delivered,0,2,110374000.0
PO01475,2025-07-29,S001,P001,Coimbatore,495,495,85000.0,2025-08-13,2025-08-15,Delivered,0,2,42075000.0
PO01476,2025-11-05,S008,P017,Chengalpattu,313,227,7500.0,2025-11-22,2025-11-21,Partial,86,-1,2347500.0
PO01477,2025-04-04,S017,P032,Chengalpattu,1671,1062,4500.0,2025-04-16,2025-04-19,Partial,609,3,7519500.0
PO01478,2025-12-27,S020,P037,Coimbatore,918,918,12000.0,2026-01-16,2026-01-18,Delivered,0,2,11016000.0
PO01479,2025-01-28,S014,P029,Hosur,328,209,250.0,2025-02-11,2025-02-10,Partial,119,-1,82000.0
PO01480,2026-08-17,S008,P019,Hosur,1001,1001,3200.0,2026-09-03,2026-09-03,Delivered,0,0,3203200.0
PO01481,2025-10-10,S026,P045,Hosur,1439,1101,11500.0,2025-10-28,2025-11-02,Late + Partial,338,5,16548500.0
PO01482,2026-01-13,S025,P043,Chennai,1501,1501,8500.0,2026-01-25,2026-01-25,Delivered,0,0,12758500.0
PO01483,2026-03-06,S014,P025,Chennai,1618,1618,12000.0,2026-03-20,2026-03-19,Delivered,0,-1,19416000.0
PO01484,2025-04-17,S017,P030,Hosur,1396,931,7500.0,2025-04-27,2025-04-28,Partial,465,1,10470000.0
PO01485,2025-04-10,S002,P008,Coimbatore,324,324,1950.0,2025-04-29,2025-04-27,Delivered,0,-2,631800.0
PO01486,2025-05-15,S025,P043,Hosur,1996,1996,8500.0,2025-05-27,2025-05-25,Delivered,0,-2,16966000.0
PO01487,2025-06-18,S026,P041,Chengalpattu,680,680,58000.0,2025-07-06,2025-07-08,Delivered,0,2,39440000.0
PO01488,2025-09-06,S008,P018,Hosur,1484,1484,16000.0,2025-09-24,2025-09-24,Delivered,0,0,23744000.0
PO01489,2026-08-11,S016,P025,Hosur,307,307,14500.0,2026-09-02,2026-09-04,Delivered,0,2,4451500.0
PO01490,2025-04-10,S015,P025,Coimbatore,1060,1060,13500.0,2025-04-28,2025-04-29,Delivered,0,1,14310000.0
PO01491,2025-06-02,S024,P040,Chengalpattu,1246,1246,4000.0,2025-06-25,2025-07-08,Late,0,13,4984000.0
PO01492,2025-04-05,S002,P004,Chengalpattu,156,156,19500.0,2025-04-25,2025-04-27,Delivered,0,2,3042000.0
PO01493,2025-07-08,S009,P016,Hosur,776,776,30000.0,2025-07-29,2025-07-30,Delivered,0,1,23280000.0
PO01494,2025-06-03,S014,P025,Chengalpattu,647,489,12000.0,2025-06-17,2025-06-30,Late + Partial,158,13,7764000.0
PO01495,2026-06-30,S007,P014,Chennai,804,684,20000.0,2026-07-25,2026-07-28,Partial,120,3,16080000.0
PO01496,2026-01-14,S004,P002,Hosur,158,158,4500.0,2026-02-05,2026-02-07,Delivered,0,2,711000.0
PO01497,2026-07-18,S003,P002,Coimbatore,1269,1269,4200.0,2026-08-12,2026-08-24,Late,0,12,5329800.0
PO01498,2025-03-29,S015,P025,Coimbatore,832,832,13500.0,2025-04-16,2025-04-16,Delivered,0,0,11232000.0
PO01499,2026-04-29,S014,P029,Chennai,1662,1662,250.0,2026-05-13,2026-05-22,Late,0,9,415500.0
PO01500,2026-08-07,S006,P011,Hosur,841,613,45000.0,2026-08-31,2026-09-07,Late + Partial,228,7,37845000.0
PO01501,2025-04-02,S013,P021,Hosur,1973,1973,22000.0,2025-04-22,2025-04-23,Delivered,0,1,43406000.0
PO01502,2026-03-28,S001,P005,Chennai,811,811,15000.0,2026-04-13,2026-04-11,Delivered,0,-2,12165000.0
PO01503,2026-07-21,S019,P030,Chengalpattu,1381,1381,8000.0,2026-08-05,2026-08-13,Late,0,8,11048000.0
PO01504,2025-11-25,S017,P032,Chennai,603,413,4500.0,2025-12-07,2025-12-14,Late + Partial,190,7,2713500.0
PO01505,2026-08-10,S020,P034,Chengalpattu,566,566,16000.0,2026-08-30,2026-08-30,Delivered,0,0,9056000.0
PO01506,2026-04-06,S005,P013,Chennai,612,612,28000.0,2026-04-26,2026-04-24,Delivered,0,-2,17136000.0
PO01507,2025-04-08,S007,P013,Chengalpattu,866,866,31000.0,2025-05-04,2025-05-14,Late,0,10,26846000.0
PO01508,2025-07-06,S026,P042,Coimbatore,743,743,13500.0,2025-07-24,2025-07-23,Delivered,0,-1,10030500.0
PO01509,2025-03-02,S008,P017,Coimbatore,100,100,7500.0,2025-03-19,2025-03-19,Delivered,0,0,750000.0
PO01510,2025-01-26,S024,P038,Hosur,871,871,10500.0,2025-02-18,2025-02-16,Delivered,0,-2,9145500.0
PO01511,2025-09-12,S022,P037,Coimbatore,1498,1498,13500.0,2025-10-09,2025-10-09,Delivered,0,0,20223000.0
PO01512,2026-06-12,S020,P037,Hosur,1969,1969,12000.0,2026-07-02,2026-07-10,Late,0,8,23628000.0
PO01513,2025-10-14,S025,P043,Chengalpattu,1558,1558,8500.0,2025-10-26,2025-10-26,Delivered,0,0,13243000.0
PO01514,2025-02-26,S019,P031,Hosur,287,287,9500.0,2025-03-13,2025-03-15,Delivered,0,2,2726500.0
PO01515,2026-07-31,S009,P016,Coimbatore,989,989,30000.0,2026-08-21,2026-08-22,Delivered,0,1,29670000.0
PO01516,2025-04-09,S007,P014,Chennai,1710,1710,20000.0,2025-05-04,2025-05-05,Delivered,0,1,34200000.0
PO01517,2025-04-26,S002,P010,Chennai,1054,1054,4500.0,2025-05-15,2025-05-15,Delivered,0,0,4743000.0
PO01518,2025-04-07,S012,P022,Chengalpattu,1528,1528,5000.0,2025-04-23,2025-04-21,Delivered,0,-2,7640000.0
PO01519,2026-06-30,S001,P005,Chengalpattu,501,450,15000.0,2026-07-16,2026-07-29,Late + Partial,51,13,7515000.0
PO01520,2025-09-13,S019,P032,Chengalpattu,1379,1240,5000.0,2025-09-29,2025-10-03,Late + Partial,139,4,6895000.0
PO01521,2025-06-16,S008,P017,Coimbatore,293,293,7500.0,2025-07-03,2025-07-17,Late,0,14,2197500.0
PO01522,2025-10-16,S015,P026,Hosur,824,610,5000.0,2025-11-03,2025-11-10,Late + Partial,214,7,4120000.0
PO01523,2026-04-23,S010,P020,Hosur,859,859,2100.0,2026-05-17,2026-05-17,Delivered,0,0,1803900.0
PO01524,2025-03-25,S025,P042,Chengalpattu,1543,1543,12000.0,2025-04-06,2025-04-05,Delivered,0,-1,18516000.0
PO01525,2025-05-08,S023,P038,Chennai,825,825,9500.0,2025-05-26,2025-05-27,Delivered,0,1,7837500.0
PO01526,2026-06-05,S005,P012,Hosur,504,504,14000.0,2026-06-23,2026-06-25,Delivered,0,2,7056000.0
PO01527,2026-05-23,S006,P011,Coimbatore,871,871,45000.0,2026-06-16,2026-06-14,Delivered,0,-2,39195000.0
PO01528,2026-06-11,S002,P004,Hosur,308,308,19500.0,2026-07-01,2026-06-29,Delivered,0,-2,6006000.0
PO01529,2026-07-07,S002,P009,Hosur,1994,1994,7000.0,2026-07-27,2026-08-05,Late,0,9,13958000.0
PO01530,2025-09-23,S009,P017,Coimbatore,1576,1116,8200.0,2025-10-14,2025-10-14,Partial,460,0,12923200.0
PO01531,2026-04-10,S008,P018,Chennai,1497,1497,16000.0,2026-04-28,2026-05-10,Late,0,12,23952000.0
PO01532,2025-06-11,S009,P017,Hosur,949,949,8200.0,2025-07-02,2025-07-04,Delivered,0,2,7781800.0
PO01533,2025-12-04,S002,P004,Chengalpattu,1799,1799,19500.0,2025-12-24,2025-12-25,Delivered,0,1,35080500.0
PO01534,2025-05-01,S007,P014,Coimbatore,1792,1792,20000.0,2025-05-26,2025-05-28,Delivered,0,2,35840000.0
PO01535,2025-12-12,S003,P002,Coimbatore,1161,901,4200.0,2026-01-06,2026-01-06,Partial,260,0,4876200.0
PO01536,2025-04-12,S026,P044,Chennai,1446,1446,15500.0,2025-05-01,2025-05-03,Delivered,0,2,22413000.0
PO01537,2026-06-17,S026,P042,Chengalpattu,1400,1400,13500.0,2026-07-05,2026-07-06,Delivered,0,1,18900000.0
PO01538,2026-03-29,S012,P023,Hosur,347,347,3800.0,2026-04-14,2026-04-15,Delivered,0,1,1318600.0
PO01539,2025-08-11,S025,P044,Chengalpattu,1058,1058,14000.0,2025-08-24,2025-08-22,Delivered,0,-2,14812000.0
PO01540,2025-12-19,S026,P044,Chengalpattu,1426,1426,15500.0,2026-01-07,2026-01-05,Delivered,0,-2,22103000.0
PO01541,2025-03-04,S014,P029,Coimbatore,1795,1795,250.0,2025-03-18,2025-03-25,Late,0,7,448750.0
PO01542,2026-02-28,S001,P003,Coimbatore,159,159,3200.0,2026-03-15,2026-03-17,Delivered,0,2,508800.0
PO01543,2025-08-13,S012,P021,Chengalpattu,1240,1240,20000.0,2025-08-29,2025-09-09,Late,0,11,24800000.0
PO01544,2025-08-08,S002,P008,Hosur,101,101,1950.0,2025-08-27,2025-08-28,Delivered,0,1,196950.0
PO01545,2025-08-28,S011,P021,Chennai,1359,1359,18000.0,2025-09-09,2025-09-11,Delivered,0,2,24462000.0
PO01546,2025-05-20,S020,P034,Hosur,1493,1493,16000.0,2025-06-09,2025-06-23,Late,0,14,23888000.0
PO01547,2026-05-10,S009,P018,Chennai,1958,1958,17500.0,2026-06-01,2026-06-03,Delivered,0,2,34265000.0
PO01548,2025-09-20,S026,P043,Chennai,1489,1381,9500.0,2025-10-08,2025-10-08,Partial,108,0,14145500.0
PO01549,2025-04-21,S012,P022,Chennai,727,727,5000.0,2025-05-07,2025-05-05,Delivered,0,-2,3635000.0
PO01550,2025-10-05,S013,P021,Coimbatore,1399,1399,22000.0,2025-10-25,2025-10-26,Delivered,0,1,30778000.0
PO01551,2025-02-13,S023,P039,Hosur,737,737,1800.0,2025-03-03,2025-03-03,Delivered,0,0,1326600.0
PO01552,2025-03-21,S025,P041,Chennai,1773,1773,55000.0,2025-04-02,2025-04-02,Delivered,0,0,97515000.0
PO01553,2025-06-28,S023,P038,Hosur,1428,1428,9500.0,2025-07-16,2025-07-26,Late,0,10,13566000.0
PO01554,2025-02-13,S026,P042,Coimbatore,273,273,13500.0,2025-03-03,2025-03-04,Delivered,0,1,3685500.0
PO01555,2025-04-10,S001,P008,Chennai,899,899,1800.0,2025-04-25,2025-04-26,Delivered,0,1,1618200.0
PO01556,2025-06-21,S002,P009,Coimbatore,170,156,7000.0,2025-07-11,2025-07-12,Partial,14,1,1190000.0
PO01557,2025-11-03,S025,P042,Coimbatore,379,379,12000.0,2025-11-15,2025-11-17,Delivered,0,2,4548000.0
PO01558,2026-05-04,S018,P030,Hosur,1497,1497,9000.0,2026-05-21,2026-05-21,Delivered,0,0,13473000.0
PO01559,2025-01-31,S010,P016,Coimbatore,1913,1913,32000.0,2025-02-25,2025-02-24,Delivered,0,-1,61216000.0
PO01560,2025-01-29,S021,P036,Chengalpattu,731,731,7000.0,2025-02-22,2025-02-23,Delivered,0,1,5117000.0
PO01561,2025-07-07,S019,P030,Chengalpattu,1662,1662,8000.0,2025-07-22,2025-07-22,Delivered,0,0,13296000.0
PO01562,2026-05-25,S011,P021,Hosur,1911,1911,18000.0,2026-06-06,2026-06-05,Delivered,0,-1,34398000.0
PO01563,2026-02-10,S002,P005,Hosur,503,503,16500.0,2026-03-01,2026-03-03,Delivered,0,2,8299500.0
PO01564,2025-06-10,S017,P031,Coimbatore,1547,1547,8500.0,2025-06-20,2025-06-22,Delivered,0,2,13149500.0
PO01565,2025-09-14,S001,P003,Hosur,1172,1172,3200.0,2025-09-29,2025-10-03,Late,0,4,3750400.0
PO01566,2026-08-24,S014,P029,Chengalpattu,739,739,250.0,2026-09-07,2026-09-09,Delivered,0,2,184750.0
PO01567,2025-10-04,S004,P002,Hosur,180,180,4500.0,2025-10-26,2025-10-25,Delivered,0,-1,810000.0
PO01568,2026-02-05,S007,P013,Hosur,1552,1552,31000.0,2026-03-03,2026-03-15,Late,0,12,48112000.0
PO01569,2025-02-14,S009,P018,Hosur,1537,1537,17500.0,2025-03-08,2025-03-06,Delivered,0,-2,26897500.0
PO01570,2026-08-13,S011,P024,Chennai,1531,1193,900.0,2026-08-25,2026-08-24,Partial,338,-1,1377900.0
PO01571,2026-03-23,S014,P028,Hosur,1580,1580,7000.0,2026-04-07,2026-04-05,Delivered,0,-2,11060000.0
PO01572,2025-10-28,S014,P025,Chengalpattu,1085,1085,12000.0,2025-11-11,2025-11-13,Delivered,0,2,13020000.0
PO01573,2025-10-29,S025,P043,Chengalpattu,239,239,8500.0,2025-11-10,2025-11-08,Delivered,0,-2,2031500.0
PO01574,2025-02-17,S001,P009,Coimbatore,1402,1402,6500.0,2025-03-05,2025-03-07,Delivered,0,2,9113000.0
PO01575,2026-03-31,S023,P038,Coimbatore,771,771,9500.0,2026-04-18,2026-04-17,Delivered,0,-1,7324500.0
PO01576,2026-02-19,S011,P022,Chennai,434,434,4500.0,2026-03-03,2026-03-01,Delivered,0,-2,1953000.0
PO01577,2026-08-02,S013,P024,Chennai,242,172,1100.0,2026-08-21,2026-08-24,Partial,70,3,266200.0
PO01578,2025-01-17,S023,P038,Chennai,1087,1087,9500.0,2025-02-04,2025-02-02,Delivered,0,-2,10326500.0
PO01579,2026-02-13,S001,P004,Chennai,482,482,18000.0,2026-03-02,2026-03-02,Delivered,0,0,8676000.0
PO01580,2025-05-13,S026,P042,Chennai,1978,1978,13500.0,2025-05-31,2025-05-30,Delivered,0,-1,26703000.0
PO01581,2025-09-12,S017,P030,Chennai,1767,1767,7500.0,2025-09-22,2025-09-23,Delivered,0,1,13252500.0
PO01582,2025-08-30,S007,P014,Chengalpattu,837,837,20000.0,2025-09-24,2025-09-24,Delivered,0,0,16740000.0
PO01583,2026-03-10,S008,P019,Chengalpattu,977,649,3200.0,2026-03-27,2026-03-28,Partial,328,1,3126400.0
PO01584,2025-10-11,S026,P041,Chengalpattu,1548,1548,58000.0,2025-10-29,2025-11-09,Late,0,11,89784000.0
PO01585,2026-07-11,S001,P001,Chengalpattu,927,927,85000.0,2026-07-26,2026-07-28,Delivered,0,2,78795000.0
PO01586,2026-03-08,S011,P022,Hosur,1094,1037,4500.0,2026-03-20,2026-03-20,Partial,57,0,4923000.0
PO01587,2026-01-25,S013,P021,Chengalpattu,752,698,22000.0,2026-02-14,2026-02-15,Partial,54,1,16544000.0
PO01588,2026-03-02,S002,P009,Chengalpattu,341,341,7000.0,2026-03-22,2026-03-20,Delivered,0,-2,2387000.0
PO01589,2026-07-02,S014,P027,Chennai,100,100,3500.0,2026-07-16,2026-07-15,Delivered,0,-1,350000.0
PO01590,2026-07-01,S002,P001,Hosur,791,791,88000.0,2026-07-19,2026-07-18,Delivered,0,-1,69608000.0
PO01591,2025-01-20,S005,P012,Chennai,184,143,14000.0,2025-02-07,2025-02-19,Late + Partial,41,12,2576000.0
PO01592,2026-06-01,S004,P002,Chennai,149,149,4500.0,2026-06-23,2026-06-21,Delivered,0,-2,670500.0
PO01593,2025-08-24,S011,P023,Chennai,1763,1080,3500.0,2025-09-05,2025-09-05,Partial,683,0,6170500.0
PO01594,2025-09-17,S005,P012,Coimbatore,784,784,14000.0,2025-10-05,2025-10-03,Delivered,0,-2,10976000.0
PO01595,2025-11-13,S024,P039,Hosur,1693,1693,2100.0,2025-12-06,2025-12-04,Delivered,0,-2,3555300.0
PO01596,2026-03-22,S002,P005,Coimbatore,865,865,16500.0,2026-04-10,2026-04-11,Delivered,0,1,14272500.0
PO01597,2025-10-25,S010,P020,Hosur,1591,1591,2100.0,2025-11-18,2025-11-20,Delivered,0,2,3341100.0
PO01598,2025-04-02,S021,P036,Coimbatore,1303,1303,7000.0,2025-04-26,2025-04-24,Delivered,0,-2,9121000.0
PO01599,2026-06-07,S025,P043,Chennai,1385,1385,8500.0,2026-06-19,2026-06-21,Delivered,0,2,11772500.0
PO01600,2026-06-14,S009,P019,Coimbatore,845,845,3500.0,2026-07-05,2026-07-07,Delivered,0,2,2957500.0
PO01601,2026-01-20,S014,P028,Hosur,1994,1994,7000.0,2026-02-04,2026-02-03,Delivered,0,-1,13958000.0
PO01602,2026-08-24,S026,P042,Chengalpattu,1285,1285,13500.0,2026-09-11,2026-09-25,Late,0,14,17347500.0
PO01603,2025-09-16,S014,P028,Coimbatore,673,673,7000.0,2025-10-01,2025-10-01,Delivered,0,0,4711000.0
PO01604,2025-05-30,S025,P041,Hosur,696,696,55000.0,2025-06-11,2025-06-12,Delivered,0,1,38280000.0
PO01605,2026-01-25,S020,P035,Coimbatore,671,350,8500.0,2026-02-14,2026-02-18,Late + Partial,321,4,5703500.0
PO01606,2026-05-16,S021,P035,Hosur,1643,1643,9500.0,2026-06-09,2026-06-23,Late,0,14,15608500.0
PO01607,2025-02-02,S023,P039,Chengalpattu,191,191,1800.0,2025-02-20,2025-02-18,Delivered,0,-2,343800.0
PO01608,2025-10-16,S020,P037,Chengalpattu,382,382,12000.0,2025-11-05,2025-11-06,Delivered,0,1,4584000.0
PO01609,2025-01-17,S025,P045,Hosur,1403,1403,10000.0,2025-01-29,2025-01-31,Delivered,0,2,14030000.0
PO01610,2026-05-26,S026,P045,Hosur,1503,1503,11500.0,2026-06-13,2026-06-12,Delivered,0,-1,17284500.0
PO01611,2025-09-17,S011,P021,Chennai,105,105,18000.0,2025-09-29,2025-09-29,Delivered,0,0,1890000.0
PO01612,2026-02-16,S023,P040,Coimbatore,1396,1396,3500.0,2026-03-06,2026-03-05,Delivered,0,-1,4886000.0
PO01613,2025-05-19,S001,P001,Chengalpattu,1764,1764,85000.0,2025-06-03,2025-06-05,Delivered,0,2,149940000.0
PO01614,2025-05-14,S002,P010,Chennai,1715,1715,4500.0,2025-06-02,2025-06-01,Delivered,0,-1,7717500.0
PO01615,2025-04-12,S009,P018,Chengalpattu,1102,928,17500.0,2025-05-04,2025-05-07,Partial,174,3,19285000.0
PO01616,2025-04-02,S019,P031,Hosur,1744,897,9500.0,2025-04-17,2025-04-26,Late + Partial,847,9,16568000.0
PO01617,2025-09-05,S012,P021,Chennai,628,540,20000.0,2025-09-21,2025-09-20,Partial,88,-1,12560000.0
PO01618,2026-08-15,S004,P002,Hosur,538,538,4500.0,2026-09-06,2026-09-06,Delivered,0,0,2421000.0
PO01619,2025-09-28,S002,P008,Coimbatore,127,109,1950.0,2025-10-17,2025-10-18,Partial,18,1,247650.0
PO01620,2026-08-21,S008,P020,Coimbatore,538,538,1800.0,2026-09-07,2026-09-05,Delivered,0,-2,968400.0
PO01621,2025-07-28,S005,P011,Chengalpattu,265,265,42000.0,2025-08-17,2025-08-16,Delivered,0,-1,11130000.0
PO01622,2026-04-01,S025,P042,Chennai,116,116,12000.0,2026-04-13,2026-04-14,Delivered,0,1,1392000.0
PO01623,2025-11-24,S011,P024,Coimbatore,1070,1070,900.0,2025-12-06,2025-12-08,Delivered,0,2,963000.0
PO01624,2026-03-22,S001,P006,Chennai,425,425,8500.0,2026-04-06,2026-04-05,Delivered,0,-1,3612500.0
PO01625,2026-05-03,S016,P028,Chengalpattu,1484,1484,8000.0,2026-05-25,2026-05-26,Delivered,0,1,11872000.0
PO01626,2025-12-30,S016,P028,Hosur,1893,1893,8000.0,2026-01-21,2026-01-22,Delivered,0,1,15144000.0
PO01627,2025-05-16,S008,P019,Chengalpattu,1164,851,3200.0,2025-06-02,2025-06-07,Late + Partial,313,5,3724800.0
PO01628,2025-09-23,S015,P025,Coimbatore,727,727,13500.0,2025-10-11,2025-10-10,Delivered,0,-1,9814500.0
PO01629,2025-11-07,S026,P041,Chengalpattu,1439,1439,58000.0,2025-11-25,2025-11-23,Delivered,0,-2,83462000.0
PO01630,2026-03-15,S016,P027,Coimbatore,1090,657,4000.0,2026-04-05,2026-04-12,Late + Partial,433,7,4360000.0
PO01631,2026-05-06,S020,P034,Coimbatore,1623,1623,16000.0,2026-05-26,2026-05-26,Delivered,0,0,25968000.0
PO01632,2025-11-16,S014,P027,Chennai,260,260,3500.0,2025-11-30,2025-11-29,Delivered,0,-1,910000.0
PO01633,2025-04-09,S010,P016,Chennai,188,188,32000.0,2025-05-04,2025-05-02,Delivered,0,-2,6016000.0
PO01634,2026-02-25,S014,P027,Hosur,1311,1311,3500.0,2026-03-11,2026-03-10,Delivered,0,-1,4588500.0
PO01635,2026-05-30,S002,P008,Chennai,373,373,1950.0,2026-06-18,2026-06-30,Late,0,12,727350.0
PO01636,2025-10-07,S019,P030,Coimbatore,1726,1726,8000.0,2025-10-22,2025-10-21,Delivered,0,-1,13808000.0
PO01637,2025-11-25,S009,P018,Coimbatore,1341,1341,17500.0,2025-12-17,2025-12-27,Late,0,10,23467500.0
PO01638,2025-03-20,S002,P007,Chengalpattu,1833,1833,3500.0,2025-04-07,2025-04-06,Delivered,0,-1,6415500.0
PO01639,2026-04-29,S004,P002,Chengalpattu,838,567,4500.0,2026-05-21,2026-05-22,Partial,271,1,3771000.0
PO01640,2025-07-05,S013,P021,Chennai,1285,1285,22000.0,2025-07-25,2025-07-24,Delivered,0,-1,28270000.0
PO01641,2025-12-09,S024,P039,Coimbatore,754,754,2100.0,2026-01-01,2026-01-01,Delivered,0,0,1583400.0
PO01642,2026-02-05,S011,P022,Hosur,770,770,4500.0,2026-02-17,2026-02-15,Delivered,0,-2,3465000.0
PO01643,2026-06-22,S025,P043,Chennai,174,158,8500.0,2026-07-04,2026-07-07,Partial,16,3,1479000.0
PO01644,2025-08-20,S012,P023,Chennai,1102,1102,3800.0,2025-09-05,2025-09-03,Delivered,0,-2,4187600.0
PO01645,2026-07-12,S005,P013,Hosur,734,734,28000.0,2026-08-01,2026-08-10,Late,0,9,20552000.0
PO01646,2026-03-22,S019,P031,Coimbatore,751,751,9500.0,2026-04-06,2026-04-06,Delivered,0,0,7134500.0
PO01647,2025-07-27,S026,P044,Coimbatore,1981,1981,15500.0,2025-08-15,2025-08-14,Delivered,0,-1,30705500.0
PO01648,2025-09-26,S006,P012,Chengalpattu,370,370,15000.0,2025-10-18,2025-10-19,Delivered,0,1,5550000.0
PO01649,2025-09-04,S002,P001,Coimbatore,1645,1645,88000.0,2025-09-22,2025-09-22,Delivered,0,0,144760000.0
PO01650,2026-02-26,S013,P021,Coimbatore,308,308,22000.0,2026-03-18,2026-03-17,Delivered,0,-1,6776000.0
PO01651,2026-05-31,S005,P011,Chengalpattu,1741,1741,42000.0,2026-06-20,2026-06-27,Late,0,7,73122000.0
PO01652,2025-02-09,S009,P017,Hosur,753,632,8200.0,2025-03-02,2025-03-12,Late + Partial,121,10,6174600.0
PO01653,2026-04-09,S024,P038,Hosur,244,244,10500.0,2026-05-02,2026-04-30,Delivered,0,-2,2562000.0
PO01654,2026-06-21,S001,P004,Chennai,783,549,18000.0,2026-07-08,2026-07-09,Partial,234,1,14094000.0
PO01655,2025-07-06,S011,P023,Coimbatore,1326,1326,3500.0,2025-07-18,2025-07-26,Late,0,8,4641000.0
PO01656,2025-04-10,S011,P024,Chennai,231,231,900.0,2025-04-22,2025-04-29,Late,0,7,207900.0
PO01657,2026-03-06,S020,P036,Hosur,1237,1237,6000.0,2026-03-26,2026-03-25,Delivered,0,-1,7422000.0
PO01658,2025-12-12,S013,P021,Hosur,382,382,22000.0,2026-01-01,2026-01-01,Delivered,0,0,8404000.0
PO01659,2026-02-02,S011,P024,Coimbatore,431,272,900.0,2026-02-14,2026-02-14,Partial,159,0,387900.0
PO01660,2026-04-23,S018,P030,Chennai,1663,1049,9000.0,2026-05-10,2026-05-14,Late + Partial,614,4,14967000.0
PO01661,2025-07-22,S013,P021,Chengalpattu,1070,1070,22000.0,2025-08-11,2025-08-23,Late,0,12,23540000.0
PO01662,2025-05-02,S013,P024,Chengalpattu,745,745,1100.0,2025-05-21,2025-05-29,Late,0,8,819500.0
PO01663,2025-02-15,S014,P028,Chengalpattu,610,610,7000.0,2025-03-02,2025-03-14,Late,0,12,4270000.0
PO01664,2026-03-29,S010,P020,Hosur,669,514,2100.0,2026-04-22,2026-04-25,Partial,155,3,1404900.0
PO01665,2026-05-18,S019,P030,Chengalpattu,1519,1519,8000.0,2026-06-02,2026-06-04,Delivered,0,2,12152000.0
PO01666,2025-11-17,S009,P019,Hosur,1134,777,3500.0,2025-12-08,2025-12-08,Partial,357,0,3969000.0
PO01667,2026-07-22,S008,P017,Hosur,195,195,7500.0,2026-08-08,2026-08-06,Delivered,0,-2,1462500.0
PO01668,2025-11-07,S026,P044,Hosur,110,110,15500.0,2025-11-26,2025-11-26,Delivered,0,0,1705000.0
PO01669,2026-01-10,S001,P008,Hosur,1887,1568,1800.0,2026-01-25,2026-01-26,Partial,319,1,3396600.0
PO01670,2025-01-05,S005,P013,Hosur,1486,1000,28000.0,2025-01-25,2025-01-24,Partial,486,-1,41608000.0
PO01671,2025-10-08,S021,P036,Hosur,1453,1453,7000.0,2025-11-01,2025-10-31,Delivered,0,-1,10171000.0
PO01672,2026-08-22,S019,P032,Chennai,511,390,5000.0,2026-09-07,2026-09-06,Partial,121,-1,2555000.0
PO01673,2026-03-29,S010,P016,Chengalpattu,716,716,32000.0,2026-04-23,2026-05-02,Late,0,9,22912000.0
PO01674,2025-08-29,S026,P044,Coimbatore,269,269,15500.0,2025-09-17,2025-09-15,Delivered,0,-2,4169500.0
PO01675,2025-03-17,S001,P008,Chengalpattu,326,326,1800.0,2025-04-01,2025-03-30,Delivered,0,-2,586800.0
PO01676,2025-07-30,S012,P021,Coimbatore,1385,1385,20000.0,2025-08-15,2025-08-16,Delivered,0,1,27700000.0
PO01677,2025-11-19,S014,P025,Chennai,1725,1725,12000.0,2025-12-03,2025-12-16,Late,0,13,20700000.0
PO01678,2025-09-24,S015,P025,Chengalpattu,1430,1430,13500.0,2025-10-12,2025-10-14,Delivered,0,2,19305000.0
PO01679,2026-06-07,S001,P004,Chengalpattu,569,569,18000.0,2026-06-24,2026-06-26,Delivered,0,2,10242000.0
PO01680,2025-07-22,S018,P030,Chennai,1072,1072,9000.0,2025-08-08,2025-08-07,Delivered,0,-1,9648000.0
PO01681,2026-03-10,S010,P016,Chengalpattu,1771,1771,32000.0,2026-04-04,2026-04-04,Delivered,0,0,56672000.0
PO01682,2025-11-27,S009,P018,Chengalpattu,1924,1924,17500.0,2025-12-19,2025-12-18,Delivered,0,-1,33670000.0
PO01683,2025-11-09,S007,P014,Chennai,1209,1209,20000.0,2025-12-04,2025-12-05,Delivered,0,1,24180000.0
PO01684,2025-08-24,S012,P022,Hosur,1627,1627,5000.0,2025-09-09,2025-09-08,Delivered,0,-1,8135000.0
PO01685,2025-09-07,S024,P040,Coimbatore,718,718,4000.0,2025-09-30,2025-09-29,Delivered,0,-1,2872000.0
PO01686,2025-11-24,S012,P021,Hosur,235,153,20000.0,2025-12-10,2025-12-16,Late + Partial,82,6,4700000.0
PO01687,2026-03-05,S002,P005,Chengalpattu,1687,1687,16500.0,2026-03-24,2026-03-29,Late,0,5,27835500.0
PO01688,2026-04-14,S007,P011,Hosur,1425,1425,48000.0,2026-05-12,2026-05-14,Delivered,0,2,68400000.0
PO01689,2025-05-10,S010,P020,Chengalpattu,1210,701,2100.0,2025-06-03,2025-06-10,Late + Partial,509,7,2541000.0
PO01690,2025-05-22,S025,P041,Chennai,328,328,55000.0,2025-06-03,2025-06-04,Delivered,0,1,18040000.0
PO01691,2026-07-10,S011,P024,Chengalpattu,1685,1129,900.0,2026-07-22,2026-07-27,Late + Partial,556,5,1516500.0
PO01692,2026-08-08,S002,P004,Chennai,900,780,19500.0,2026-08-28,2026-08-27,Partial,120,-1,17550000.0
PO01693,2026-04-12,S011,P021,Hosur,1334,1334,18000.0,2026-04-24,2026-04-25,Delivered,0,1,24012000.0
PO01694,2025-09-25,S011,P021,Coimbatore,573,573,18000.0,2025-10-07,2025-10-21,Late,0,14,10314000.0
PO01695,2025-11-14,S002,P003,Chengalpattu,1233,1233,3400.0,2025-12-02,2025-12-03,Delivered,0,1,4192200.0
PO01696,2026-04-28,S002,P010,Coimbatore,1553,1553,4500.0,2026-05-17,2026-05-17,Delivered,0,0,6988500.0
PO01697,2025-09-09,S023,P040,Hosur,1125,1125,3500.0,2025-09-27,2025-10-11,Late,0,14,3937500.0
PO01698,2025-05-14,S017,P032,Chengalpattu,1664,1664,4500.0,2025-05-26,2025-05-28,Delivered,0,2,7488000.0
PO01699,2026-08-09,S020,P037,Hosur,1659,1342,12000.0,2026-08-29,2026-08-30,Partial,317,1,19908000.0
PO01700,2025-01-11,S001,P003,Coimbatore,126,126,3200.0,2025-01-26,2025-01-25,Delivered,0,-1,403200.0
PO01701,2025-02-26,S026,P045,Coimbatore,803,537,11500.0,2025-03-16,2025-03-22,Late + Partial,266,6,9234500.0
PO01702,2025-10-31,S001,P006,Chennai,1830,1830,8500.0,2025-11-15,2025-11-14,Delivered,0,-1,15555000.0
PO01703,2025-05-19,S002,P009,Chengalpattu,865,865,7000.0,2025-06-08,2025-06-14,Late,0,6,6055000.0
PO01704,2026-08-17,S012,P021,Chennai,1715,1715,20000.0,2026-09-02,2026-08-31,Delivered,0,-2,34300000.0
PO01705,2025-06-21,S002,P007,Hosur,923,923,3500.0,2025-07-09,2025-07-11,Delivered,0,2,3230500.0
PO01706,2026-08-28,S007,P011,Chengalpattu,1178,1178,48000.0,2026-09-25,2026-09-25,Delivered,0,0,56544000.0
PO01707,2025-06-25,S001,P004,Chengalpattu,478,478,18000.0,2025-07-12,2025-07-10,Delivered,0,-2,8604000.0
PO01708,2025-03-06,S002,P005,Chengalpattu,156,156,16500.0,2025-03-25,2025-03-27,Delivered,0,2,2574000.0
PO01709,2025-05-26,S001,P004,Coimbatore,403,403,18000.0,2025-06-12,2025-06-23,Late,0,11,7254000.0
PO01710,2025-02-16,S016,P025,Coimbatore,1177,1177,14500.0,2025-03-10,2025-03-18,Late,0,8,17066500.0
PO01711,2026-02-21,S014,P025,Hosur,1715,1715,12000.0,2026-03-07,2026-03-06,Delivered,0,-1,20580000.0
PO01712,2025-07-15,S002,P003,Chennai,1921,1921,3400.0,2025-08-02,2025-08-04,Delivered,0,2,6531400.0
PO01713,2026-04-11,S006,P012,Hosur,1201,1201,15000.0,2026-05-03,2026-05-01,Delivered,0,-2,18015000.0
PO01714,2025-03-29,S026,P042,Hosur,1217,1217,13500.0,2025-04-16,2025-04-18,Delivered,0,2,16429500.0
PO01715,2026-03-28,S013,P021,Hosur,1671,1671,22000.0,2026-04-17,2026-04-15,Delivered,0,-2,36762000.0
PO01716,2025-01-13,S005,P014,Coimbatore,1089,1089,18000.0,2025-02-02,2025-01-31,Delivered,0,-2,19602000.0
PO01717,2026-05-30,S019,P030,Coimbatore,263,154,8000.0,2026-06-14,2026-06-20,Late + Partial,109,6,2104000.0
PO01718,2026-07-11,S022,P037,Hosur,237,237,13500.0,2026-08-07,2026-08-09,Delivered,0,2,3199500.0
PO01719,2025-12-14,S011,P022,Chengalpattu,475,379,4500.0,2025-12-26,2025-12-28,Partial,96,2,2137500.0
PO01720,2026-02-11,S023,P040,Coimbatore,959,959,3500.0,2026-03-01,2026-02-28,Delivered,0,-1,3356500.0
PO01721,2026-08-30,S008,P018,Hosur,1607,1607,16000.0,2026-09-17,2026-09-16,Delivered,0,-1,25712000.0
PO01722,2026-02-24,S005,P011,Chennai,1130,1130,42000.0,2026-03-16,2026-03-15,Delivered,0,-1,47460000.0
PO01723,2026-03-31,S011,P024,Hosur,1479,1479,900.0,2026-04-12,2026-04-11,Delivered,0,-1,1331100.0
PO01724,2025-08-07,S013,P024,Chengalpattu,1432,1221,1100.0,2025-08-26,2025-08-28,Partial,211,2,1575200.0
PO01725,2026-01-12,S017,P030,Hosur,1207,1207,7500.0,2026-01-22,2026-01-20,Delivered,0,-2,9052500.0
PO01726,2025-05-14,S010,P020,Hosur,1013,1013,2100.0,2025-06-07,2025-06-18,Late,0,11,2127300.0
PO01727,2025-05-15,S019,P032,Coimbatore,684,684,5000.0,2025-05-31,2025-05-29,Delivered,0,-2,3420000.0
PO01728,2026-04-16,S001,P010,Chengalpattu,1125,891,4200.0,2026-05-01,2026-04-30,Partial,234,-1,4725000.0
PO01729,2026-08-19,S022,P037,Hosur,348,348,13500.0,2026-09-15,2026-09-14,Delivered,0,-1,4698000.0
PO01730,2025-11-07,S020,P035,Hosur,1200,1200,8500.0,2025-11-27,2025-11-28,Delivered,0,1,10200000.0
PO01731,2025-03-10,S007,P011,Chengalpattu,405,405,48000.0,2025-04-07,2025-04-05,Delivered,0,-2,19440000.0
PO01732,2026-04-19,S001,P006,Chennai,1982,1982,8500.0,2026-05-04,2026-05-14,Late,0,10,16847000.0
PO01733,2025-09-18,S025,P041,Hosur,1207,1207,55000.0,2025-09-30,2025-09-29,Delivered,0,-1,66385000.0
PO01734,2026-03-18,S002,P003,Chennai,1295,1295,3400.0,2026-04-05,2026-04-04,Delivered,0,-1,4403000.0
PO01735,2025-02-05,S006,P012,Coimbatore,1121,1121,15000.0,2025-02-27,2025-03-03,Late,0,4,16815000.0
PO01736,2025-12-27,S009,P018,Chengalpattu,396,242,17500.0,2026-01-18,2026-01-21,Partial,154,3,6930000.0
PO01737,2025-07-20,S025,P042,Coimbatore,932,807,12000.0,2025-08-01,2025-08-14,Late + Partial,125,13,11184000.0
PO01738,2025-04-03,S012,P023,Chennai,1762,1762,3800.0,2025-04-19,2025-04-17,Delivered,0,-2,6695600.0
PO01739,2025-04-28,S017,P030,Chengalpattu,1543,1543,7500.0,2025-05-08,2025-05-15,Late,0,7,11572500.0
PO01740,2025-06-21,S001,P008,Chennai,1985,1985,1800.0,2025-07-06,2025-07-16,Late,0,10,3573000.0
PO01741,2026-05-02,S011,P022,Chennai,1227,1161,4500.0,2026-05-14,2026-05-15,Partial,66,1,5521500.0
PO01742,2025-11-06,S009,P016,Coimbatore,392,392,30000.0,2025-11-27,2025-12-05,Late,0,8,11760000.0
PO01743,2025-05-17,S011,P024,Coimbatore,392,392,900.0,2025-05-29,2025-05-31,Delivered,0,2,352800.0
PO01744,2026-02-12,S014,P026,Chennai,1883,1883,4500.0,2026-02-26,2026-02-28,Delivered,0,2,8473500.0
PO01745,2025-07-22,S014,P028,Coimbatore,877,504,7000.0,2025-08-06,2025-08-11,Late + Partial,373,5,6139000.0
PO01746,2025-02-01,S003,P002,Chennai,1682,1682,4200.0,2025-02-26,2025-02-28,Delivered,0,2,7064400.0
PO01747,2025-11-19,S005,P011,Coimbatore,385,385,42000.0,2025-12-09,2025-12-12,Late,0,3,16170000.0
PO01748,2025-06-29,S021,P034,Chennai,1839,1619,18000.0,2025-07-23,2025-07-31,Late + Partial,220,8,33102000.0
PO01749,2025-05-10,S001,P005,Hosur,304,304,15000.0,2025-05-26,2025-05-25,Delivered,0,-1,4560000.0
PO01750,2025-06-26,S019,P032,Coimbatore,1428,884,5000.0,2025-07-12,2025-07-15,Partial,544,3,7140000.0
PO01751,2025-06-07,S020,P036,Coimbatore,332,332,6000.0,2025-06-27,2025-07-02,Late,0,5,1992000.0
PO01752,2026-04-21,S011,P024,Coimbatore,1300,797,900.0,2026-05-03,2026-05-03,Partial,503,0,1170000.0
PO01753,2025-08-19,S005,P013,Chengalpattu,250,250,28000.0,2025-09-08,2025-09-09,Delivered,0,1,7000000.0
PO01754,2025-05-08,S025,P044,Coimbatore,1471,1471,14000.0,2025-05-21,2025-06-02,Late,0,12,20594000.0
PO01755,2025-07-30,S005,P013,Chengalpattu,1472,1315,28000.0,2025-08-19,2025-08-25,Late + Partial,157,6,41216000.0
PO01756,2026-08-28,S014,P026,Chennai,121,121,4500.0,2026-09-11,2026-09-20,Late,0,9,544500.0
PO01757,2026-06-08,S005,P014,Chengalpattu,211,211,18000.0,2026-06-28,2026-06-29,Delivered,0,1,3798000.0
PO01758,2025-02-14,S019,P031,Hosur,1580,1580,9500.0,2025-03-01,2025-02-27,Delivered,0,-2,15010000.0
PO01759,2025-12-21,S007,P013,Hosur,1471,1471,31000.0,2026-01-16,2026-01-17,Delivered,0,1,45601000.0
PO01760,2026-04-26,S020,P034,Hosur,1971,1971,16000.0,2026-05-16,2026-05-16,Delivered,0,0,31536000.0
PO01761,2025-08-05,S007,P011,Chennai,1773,1773,48000.0,2025-09-02,2025-09-02,Delivered,0,0,85104000.0
PO01762,2025-12-26,S001,P003,Hosur,1728,1728,3200.0,2026-01-10,2026-01-22,Late,0,12,5529600.0
PO01763,2025-07-12,S008,P017,Chengalpattu,825,578,7500.0,2025-07-29,2025-07-31,Partial,247,2,6187500.0
PO01764,2026-06-09,S011,P024,Chennai,447,447,900.0,2026-06-21,2026-06-26,Late,0,5,402300.0
PO01765,2026-07-28,S025,P041,Chengalpattu,930,623,55000.0,2026-08-09,2026-08-08,Partial,307,-1,51150000.0
PO01766,2025-04-26,S015,P025,Chengalpattu,556,556,13500.0,2025-05-14,2025-05-22,Late,0,8,7506000.0
PO01767,2025-09-10,S019,P030,Chennai,937,937,8000.0,2025-09-25,2025-09-24,Delivered,0,-1,7496000.0
PO01768,2026-01-30,S003,P002,Chengalpattu,1810,1810,4200.0,2026-02-24,2026-02-26,Delivered,0,2,7602000.0
PO01769,2025-01-24,S025,P044,Chennai,825,825,14000.0,2025-02-06,2025-02-05,Delivered,0,-1,11550000.0
PO01770,2025-10-12,S023,P040,Chengalpattu,990,990,3500.0,2025-10-30,2025-10-30,Delivered,0,0,3465000.0
PO01771,2025-11-08,S002,P001,Chengalpattu,431,431,88000.0,2025-11-26,2025-11-30,Late,0,4,37928000.0
PO01772,2026-05-16,S026,P045,Chennai,1443,1443,11500.0,2026-06-03,2026-06-04,Delivered,0,1,16594500.0
PO01773,2026-02-22,S008,P017,Hosur,1968,1968,7500.0,2026-03-11,2026-03-09,Delivered,0,-2,14760000.0
PO01774,2025-04-10,S017,P031,Chengalpattu,1215,1215,8500.0,2025-04-20,2025-04-23,Late,0,3,10327500.0
PO01775,2025-02-11,S002,P010,Hosur,316,316,4500.0,2025-03-02,2025-02-28,Delivered,0,-2,1422000.0
PO01776,2026-07-07,S003,P002,Coimbatore,1164,1164,4200.0,2026-08-01,2026-08-01,Delivered,0,0,4888800.0
PO01777,2025-04-18,S026,P044,Hosur,1209,1209,15500.0,2025-05-07,2025-05-05,Delivered,0,-2,18739500.0
PO01778,2025-03-21,S016,P028,Coimbatore,1046,1046,8000.0,2025-04-12,2025-04-13,Delivered,0,1,8368000.0
PO01779,2025-09-09,S002,P001,Hosur,1517,1203,88000.0,2025-09-27,2025-10-10,Late + Partial,314,13,133496000.0
PO01780,2026-02-07,S025,P042,Coimbatore,565,565,12000.0,2026-02-19,2026-02-17,Delivered,0,-2,6780000.0
PO01781,2025-12-22,S012,P021,Hosur,1237,1237,20000.0,2026-01-07,2026-01-12,Late,0,5,24740000.0
PO01782,2025-09-28,S021,P036,Chennai,1647,1647,7000.0,2025-10-22,2025-10-23,Delivered,0,1,11529000.0
PO01783,2025-10-04,S018,P030,Chennai,1153,1153,9000.0,2025-10-21,2025-10-19,Delivered,0,-2,10377000.0
PO01784,2025-03-07,S007,P014,Chennai,1175,1175,20000.0,2025-04-01,2025-04-01,Delivered,0,0,23500000.0
PO01785,2026-02-04,S008,P018,Chengalpattu,1962,1962,16000.0,2026-02-22,2026-03-02,Late,0,8,31392000.0
PO01786,2025-07-09,S008,P018,Coimbatore,769,769,16000.0,2025-07-27,2025-08-09,Late,0,13,12304000.0
PO01787,2026-06-25,S010,P016,Chennai,1528,1306,32000.0,2026-07-20,2026-07-21,Partial,222,1,48896000.0
PO01788,2026-01-12,S002,P005,Coimbatore,1738,1738,16500.0,2026-01-31,2026-02-02,Delivered,0,2,28677000.0
PO01789,2025-08-21,S016,P025,Chennai,1434,1076,14500.0,2025-09-12,2025-09-14,Partial,358,2,20793000.0
PO01790,2026-05-23,S014,P026,Chengalpattu,1488,1488,4500.0,2026-06-06,2026-06-15,Late,0,9,6696000.0
PO01791,2026-03-26,S025,P042,Chengalpattu,357,357,12000.0,2026-04-07,2026-04-06,Delivered,0,-1,4284000.0
PO01792,2025-08-02,S005,P012,Chennai,808,808,14000.0,2025-08-20,2025-09-03,Late,0,14,11312000.0
PO01793,2025-03-17,S011,P021,Coimbatore,226,226,18000.0,2025-03-29,2025-03-29,Delivered,0,0,4068000.0
PO01794,2025-09-24,S011,P022,Chennai,1828,1828,4500.0,2025-10-06,2025-10-07,Delivered,0,1,8226000.0
PO01795,2025-01-15,S011,P023,Coimbatore,1767,1767,3500.0,2025-01-27,2025-01-27,Delivered,0,0,6184500.0
PO01796,2026-06-14,S014,P026,Chengalpattu,1730,1177,4500.0,2026-06-28,2026-07-02,Late + Partial,553,4,7785000.0
PO01797,2025-04-23,S022,P037,Chengalpattu,1277,1277,13500.0,2025-05-20,2025-05-21,Delivered,0,1,17239500.0
PO01798,2025-05-02,S019,P030,Chennai,824,824,8000.0,2025-05-17,2025-05-19,Delivered,0,2,6592000.0
PO01799,2026-04-29,S019,P030,Chengalpattu,265,207,8000.0,2026-05-14,2026-05-17,Partial,58,3,2120000.0
PO01800,2025-11-17,S001,P007,Hosur,473,445,3200.0,2025-12-02,2025-12-03,Partial,28,1,1513600.0
PO01801,2025-01-11,S026,P043,Chengalpattu,1675,1152,9500.0,2025-01-29,2025-01-28,Partial,523,-1,15912500.0
PO01802,2025-06-16,S002,P003,Chengalpattu,1041,1041,3400.0,2025-07-04,2025-07-09,Late,0,5,3539400.0
PO01803,2026-04-19,S024,P039,Coimbatore,873,561,2100.0,2026-05-12,2026-05-12,Partial,312,0,1833300.0
PO01804,2026-01-24,S026,P041,Coimbatore,753,753,58000.0,2026-02-11,2026-02-10,Delivered,0,-1,43674000.0
PO01805,2025-05-19,S020,P034,Coimbatore,1076,1076,16000.0,2025-06-08,2025-06-09,Delivered,0,1,17216000.0
PO01806,2025-06-17,S023,P040,Hosur,1485,1485,3500.0,2025-07-05,2025-07-03,Delivered,0,-2,5197500.0
PO01807,2026-04-20,S008,P020,Hosur,1597,1597,1800.0,2026-05-07,2026-05-05,Delivered,0,-2,2874600.0
PO01808,2026-04-29,S009,P017,Chennai,1890,1890,8200.0,2026-05-20,2026-06-01,Late,0,12,15498000.0
PO01809,2025-06-10,S020,P037,Hosur,388,388,12000.0,2025-06-30,2025-06-30,Delivered,0,0,4656000.0
PO01810,2025-10-14,S012,P022,Hosur,1750,1750,5000.0,2025-10-30,2025-10-29,Delivered,0,-1,8750000.0
PO01811,2025-12-30,S023,P039,Coimbatore,1069,1069,1800.0,2026-01-17,2026-01-17,Delivered,0,0,1924200.0
PO01812,2026-02-18,S005,P012,Hosur,636,636,14000.0,2026-03-08,2026-03-06,Delivered,0,-2,8904000.0
PO01813,2025-08-01,S014,P029,Hosur,1708,865,250.0,2025-08-15,2025-08-20,Late + Partial,843,5,427000.0
PO01814,2025-03-31,S008,P019,Coimbatore,1971,1971,3200.0,2025-04-17,2025-04-27,Late,0,10,6307200.0
PO01815,2026-04-15,S013,P024,Coimbatore,765,765,1100.0,2026-05-04,2026-05-02,Delivered,0,-2,841500.0
PO01816,2025-02-18,S006,P012,Chennai,1256,1070,15000.0,2025-03-12,2025-03-15,Partial,186,3,18840000.0
PO01817,2026-07-08,S001,P008,Chengalpattu,775,775,1800.0,2026-07-23,2026-08-02,Late,0,10,1395000.0
PO01818,2025-06-17,S014,P028,Coimbatore,700,700,7000.0,2025-07-02,2025-06-30,Delivered,0,-2,4900000.0
PO01819,2026-05-15,S002,P009,Chennai,699,699,7000.0,2026-06-04,2026-06-02,Delivered,0,-2,4893000.0
PO01820,2026-03-01,S007,P011,Chennai,728,728,48000.0,2026-03-29,2026-03-27,Delivered,0,-2,34944000.0
PO01821,2025-03-23,S019,P032,Hosur,871,871,5000.0,2025-04-08,2025-04-20,Late,0,12,4355000.0
PO01822,2026-05-01,S009,P019,Chennai,1770,1770,3500.0,2026-05-22,2026-05-21,Delivered,0,-1,6195000.0
PO01823,2025-11-16,S023,P040,Hosur,428,428,3500.0,2025-12-04,2025-12-07,Late,0,3,1498000.0
PO01824,2026-08-29,S001,P010,Chennai,1486,1486,4200.0,2026-09-13,2026-09-12,Delivered,0,-1,6241200.0
PO01825,2026-02-12,S015,P026,Hosur,1920,1198,5000.0,2026-03-02,2026-03-09,Late + Partial,722,7,9600000.0
PO01826,2026-01-30,S001,P001,Hosur,257,257,85000.0,2026-02-14,2026-02-13,Delivered,0,-1,21845000.0
PO01827,2025-12-01,S001,P004,Chennai,198,198,18000.0,2025-12-18,2025-12-29,Late,0,11,3564000.0
PO01828,2026-04-23,S001,P005,Hosur,1930,1930,15000.0,2026-05-09,2026-05-07,Delivered,0,-2,28950000.0
PO01829,2025-07-17,S002,P006,Hosur,1981,1981,9000.0,2025-08-04,2025-08-13,Late,0,9,17829000.0
PO01830,2026-05-18,S013,P024,Hosur,459,257,1100.0,2026-06-06,2026-06-18,Late + Partial,202,12,504900.0
PO01831,2026-07-05,S010,P016,Hosur,1625,1625,32000.0,2026-07-30,2026-08-08,Late,0,9,52000000.0
PO01832,2025-07-03,S001,P004,Chennai,317,317,18000.0,2025-07-20,2025-07-22,Delivered,0,2,5706000.0
PO01833,2025-10-03,S021,P034,Chengalpattu,523,523,18000.0,2025-10-27,2025-10-25,Delivered,0,-2,9414000.0
PO01834,2025-05-17,S001,P007,Chennai,1481,1481,3200.0,2025-06-01,2025-06-02,Delivered,0,1,4739200.0
PO01835,2025-02-24,S009,P017,Chennai,129,129,8200.0,2025-03-17,2025-03-18,Delivered,0,1,1057800.0
PO01836,2026-06-27,S001,P004,Hosur,668,668,18000.0,2026-07-14,2026-07-17,Late,0,3,12024000.0
PO01837,2025-02-22,S014,P028,Chennai,1568,1042,7000.0,2025-03-09,2025-03-10,Partial,526,1,10976000.0
PO01838,2025-01-11,S008,P016,Coimbatore,209,209,28000.0,2025-01-29,2025-01-31,Delivered,0,2,5852000.0
PO01839,2026-04-30,S014,P026,Chengalpattu,1921,1921,4500.0,2026-05-14,2026-05-24,Late,0,10,8644500.0
PO01840,2026-01-24,S017,P032,Chengalpattu,234,164,4500.0,2026-02-05,2026-02-13,Late + Partial,70,8,1053000.0
PO01841,2025-07-10,S022,P037,Chengalpattu,1265,1265,13500.0,2025-08-06,2025-08-19,Late,0,13,17077500.0
PO01842,2025-04-11,S008,P018,Chengalpattu,1964,1964,16000.0,2025-04-29,2025-05-13,Late,0,14,31424000.0
PO01843,2025-09-14,S011,P024,Hosur,512,512,900.0,2025-09-26,2025-09-27,Delivered,0,1,460800.0
PO01844,2025-12-03,S025,P044,Coimbatore,1782,1782,14000.0,2025-12-16,2025-12-15,Delivered,0,-1,24948000.0
PO01845,2025-05-29,S002,P004,Chengalpattu,993,993,19500.0,2025-06-18,2025-06-17,Delivered,0,-1,19363500.0
PO01846,2025-09-03,S014,P028,Chengalpattu,1969,1969,7000.0,2025-09-18,2025-09-18,Delivered,0,0,13783000.0
PO01847,2025-09-30,S008,P019,Coimbatore,487,487,3200.0,2025-10-17,2025-10-15,Delivered,0,-2,1558400.0
PO01848,2026-06-26,S017,P032,Chengalpattu,453,416,4500.0,2026-07-08,2026-07-09,Partial,37,1,2038500.0
PO01849,2025-10-28,S006,P012,Hosur,386,386,15000.0,2025-11-19,2025-11-30,Late,0,11,5790000.0
PO01850,2026-08-26,S002,P010,Chengalpattu,127,114,4500.0,2026-09-14,2026-09-13,Partial,13,-1,571500.0
PO01851,2026-07-08,S011,P023,Chengalpattu,1857,1857,3500.0,2026-07-20,2026-07-18,Delivered,0,-2,6499500.0
PO01852,2025-10-04,S005,P013,Chengalpattu,1232,1232,28000.0,2025-10-24,2025-10-25,Delivered,0,1,34496000.0
PO01853,2025-04-04,S020,P035,Hosur,953,953,8500.0,2025-04-24,2025-04-26,Delivered,0,2,8100500.0
PO01854,2025-10-22,S025,P045,Chengalpattu,1361,1361,10000.0,2025-11-03,2025-11-03,Delivered,0,0,13610000.0
PO01855,2026-05-20,S008,P020,Hosur,1910,1910,1800.0,2026-06-06,2026-06-06,Delivered,0,0,3438000.0
PO01856,2025-07-30,S007,P013,Hosur,920,920,31000.0,2025-08-25,2025-08-27,Delivered,0,2,28520000.0
PO01857,2026-08-08,S001,P004,Hosur,1749,1749,18000.0,2026-08-25,2026-08-27,Delivered,0,2,31482000.0
PO01858,2025-08-18,S012,P023,Hosur,602,602,3800.0,2025-09-03,2025-09-03,Delivered,0,0,2287600.0
PO01859,2025-01-19,S024,P040,Hosur,249,249,4000.0,2025-02-11,2025-02-19,Late,0,8,996000.0
PO01860,2025-12-16,S020,P035,Chennai,1078,1078,8500.0,2026-01-05,2026-01-16,Late,0,11,9163000.0
PO01861,2025-02-19,S011,P024,Chengalpattu,1436,1436,900.0,2025-03-03,2025-03-03,Delivered,0,0,1292400.0
PO01862,2025-05-11,S021,P034,Coimbatore,1546,977,18000.0,2025-06-04,2025-06-03,Partial,569,-1,27828000.0
PO01863,2026-05-04,S001,P007,Hosur,803,803,3200.0,2026-05-19,2026-05-18,Delivered,0,-1,2569600.0
PO01864,2025-03-02,S009,P019,Coimbatore,644,476,3500.0,2025-03-23,2025-03-26,Partial,168,3,2254000.0
PO01865,2026-05-30,S015,P025,Chengalpattu,1960,1960,13500.0,2026-06-17,2026-06-17,Delivered,0,0,26460000.0
PO01866,2026-07-20,S014,P028,Coimbatore,1630,1630,7000.0,2026-08-04,2026-08-05,Delivered,0,1,11410000.0
PO01867,2026-01-26,S002,P010,Chengalpattu,755,755,4500.0,2026-02-14,2026-02-26,Late,0,12,3397500.0
PO01868,2026-02-14,S018,P030,Coimbatore,866,866,9000.0,2026-03-03,2026-03-02,Delivered,0,-1,7794000.0
PO01869,2025-01-31,S001,P007,Coimbatore,1082,982,3200.0,2025-02-15,2025-02-17,Partial,100,2,3462400.0
PO01870,2025-12-15,S025,P042,Chennai,508,508,12000.0,2025-12-27,2025-12-29,Delivered,0,2,6096000.0
PO01871,2026-01-15,S014,P027,Hosur,1669,1669,3500.0,2026-01-29,2026-01-27,Delivered,0,-2,5841500.0
PO01872,2026-02-09,S024,P039,Coimbatore,549,549,2100.0,2026-03-04,2026-03-06,Delivered,0,2,1152900.0
PO01873,2026-05-31,S009,P018,Hosur,251,251,17500.0,2026-06-22,2026-06-24,Delivered,0,2,4392500.0
PO01874,2026-06-02,S001,P007,Chengalpattu,1004,616,3200.0,2026-06-17,2026-06-17,Partial,388,0,3212800.0
PO01875,2025-10-15,S006,P011,Chennai,1886,1886,45000.0,2025-11-08,2025-11-06,Delivered,0,-2,84870000.0
PO01876,2026-08-28,S005,P012,Chengalpattu,1047,1047,14000.0,2026-09-15,2026-09-17,Delivered,0,2,14658000.0
PO01877,2025-03-22,S015,P025,Coimbatore,666,666,13500.0,2025-04-09,2025-04-10,Delivered,0,1,8991000.0
PO01878,2025-06-18,S007,P011,Coimbatore,407,297,48000.0,2025-07-16,2025-07-18,Partial,110,2,19536000.0
PO01879,2025-02-23,S026,P044,Coimbatore,1660,1660,15500.0,2025-03-14,2025-03-12,Delivered,0,-2,25730000.0
PO01880,2026-07-18,S015,P025,Coimbatore,1682,1682,13500.0,2026-08-05,2026-08-06,Delivered,0,1,22707000.0
PO01881,2026-06-09,S017,P032,Chengalpattu,391,391,4500.0,2026-06-21,2026-06-19,Delivered,0,-2,1759500.0
PO01882,2026-01-03,S026,P045,Hosur,1181,1181,11500.0,2026-01-21,2026-01-20,Delivered,0,-1,13581500.0
PO01883,2026-05-01,S023,P040,Coimbatore,1690,1586,3500.0,2026-05-19,2026-05-18,Partial,104,-1,5915000.0
PO01884,2025-04-02,S017,P031,Chennai,739,692,8500.0,2025-04-12,2025-04-15,Partial,47,3,6281500.0
PO01885,2026-07-13,S024,P040,Chengalpattu,1000,1000,4000.0,2026-08-05,2026-08-03,Delivered,0,-2,4000000.0
PO01886,2025-06-19,S005,P012,Hosur,763,763,14000.0,2025-07-07,2025-07-05,Delivered,0,-2,10682000.0
PO01887,2026-02-09,S021,P036,Chennai,1106,1106,7000.0,2026-03-05,2026-03-07,Delivered,0,2,7742000.0
PO01888,2026-01-14,S026,P041,Hosur,1288,1288,58000.0,2026-02-01,2026-02-06,Late,0,5,74704000.0
PO01889,2025-11-16,S005,P012,Chengalpattu,1008,1008,14000.0,2025-12-04,2025-12-06,Delivered,0,2,14112000.0
PO01890,2025-09-09,S011,P022,Hosur,1977,1977,4500.0,2025-09-21,2025-09-23,Delivered,0,2,8896500.0
PO01891,2025-04-02,S002,P007,Hosur,1618,1618,3500.0,2025-04-20,2025-04-27,Late,0,7,5663000.0
PO01892,2025-04-27,S008,P016,Chengalpattu,458,458,28000.0,2025-05-15,2025-05-16,Delivered,0,1,12824000.0
PO01893,2026-08-23,S020,P035,Hosur,746,746,8500.0,2026-09-12,2026-09-11,Delivered,0,-1,6341000.0
PO01894,2026-07-11,S025,P041,Chennai,1680,1441,55000.0,2026-07-23,2026-07-24,Partial,239,1,92400000.0
PO01895,2026-03-28,S010,P016,Chengalpattu,1455,1455,32000.0,2026-04-22,2026-04-21,Delivered,0,-1,46560000.0
PO01896,2025-04-11,S007,P013,Hosur,1133,887,31000.0,2025-05-07,2025-05-08,Partial,246,1,35123000.0
PO01897,2025-03-18,S006,P011,Chengalpattu,1029,1029,45000.0,2025-04-11,2025-04-13,Delivered,0,2,46305000.0
PO01898,2025-04-13,S009,P016,Chengalpattu,1012,1012,30000.0,2025-05-04,2025-05-04,Delivered,0,0,30360000.0
PO01899,2025-10-13,S016,P027,Chennai,1257,1257,4000.0,2025-11-03,2025-11-04,Delivered,0,1,5028000.0
PO01900,2025-10-31,S007,P013,Chennai,1761,1761,31000.0,2025-11-26,2025-11-25,Delivered,0,-1,54591000.0
PO01901,2026-04-09,S014,P026,Chengalpattu,756,756,4500.0,2026-04-23,2026-04-22,Delivered,0,-1,3402000.0
PO01902,2025-03-12,S026,P045,Coimbatore,313,270,11500.0,2025-03-30,2025-03-29,Partial,43,-1,3599500.0
PO01903,2026-02-07,S013,P024,Hosur,773,514,1100.0,2026-02-26,2026-03-01,Late + Partial,259,3,850300.0
PO01904,2025-03-08,S002,P005,Hosur,728,564,16500.0,2025-03-27,2025-03-27,Partial,164,0,12012000.0
PO01905,2026-06-11,S002,P007,Chengalpattu,442,442,3500.0,2026-06-29,2026-06-29,Delivered,0,0,1547000.0
PO01906,2026-06-21,S026,P044,Hosur,1717,1717,15500.0,2026-07-10,2026-07-18,Late,0,8,26613500.0
PO01907,2025-08-26,S026,P042,Hosur,769,769,13500.0,2025-09-13,2025-09-13,Delivered,0,0,10381500.0
PO01908,2026-02-18,S005,P014,Chennai,348,348,18000.0,2026-03-10,2026-03-08,Delivered,0,-2,6264000.0
PO01909,2026-06-22,S009,P019,Hosur,1977,1730,3500.0,2026-07-13,2026-07-15,Partial,247,2,6919500.0
PO01910,2025-07-17,S025,P044,Chennai,660,660,14000.0,2025-07-30,2025-08-09,Late,0,10,9240000.0
PO01911,2026-07-24,S023,P040,Coimbatore,1396,931,3500.0,2026-08-11,2026-08-18,Late + Partial,465,7,4886000.0
PO01912,2025-06-01,S022,P037,Hosur,646,646,13500.0,2025-06-28,2025-06-27,Delivered,0,-1,8721000.0
PO01913,2025-08-22,S001,P006,Chengalpattu,418,418,8500.0,2025-09-06,2025-09-12,Late,0,6,3553000.0
PO01914,2025-03-09,S007,P013,Chennai,1923,1923,31000.0,2025-04-04,2025-04-04,Delivered,0,0,59613000.0
PO01915,2025-08-27,S014,P027,Coimbatore,1203,1203,3500.0,2025-09-10,2025-09-21,Late,0,11,4210500.0
PO01916,2026-07-19,S012,P022,Hosur,1172,607,5000.0,2026-08-04,2026-08-07,Late + Partial,565,3,5860000.0
PO01917,2025-01-19,S017,P030,Hosur,1838,1838,7500.0,2025-01-29,2025-01-30,Delivered,0,1,13785000.0
PO01918,2025-01-04,S001,P008,Chengalpattu,430,430,1800.0,2025-01-19,2025-01-19,Delivered,0,0,774000.0
PO01919,2025-03-10,S025,P045,Chennai,1856,1856,10000.0,2025-03-22,2025-03-23,Delivered,0,1,18560000.0
PO01920,2026-01-25,S002,P003,Chengalpattu,518,518,3400.0,2026-02-12,2026-02-10,Delivered,0,-2,1761200.0
PO01921,2025-01-02,S009,P019,Chengalpattu,916,916,3500.0,2025-01-23,2025-02-01,Late,0,9,3206000.0
PO01922,2025-10-30,S004,P002,Coimbatore,1944,1944,4500.0,2025-11-21,2025-11-26,Late,0,5,8748000.0
PO01923,2025-09-30,S024,P038,Chennai,1247,1119,10500.0,2025-10-23,2025-10-22,Partial,128,-1,13093500.0
PO01924,2025-12-14,S011,P023,Chengalpattu,1763,1763,3500.0,2025-12-26,2025-12-24,Delivered,0,-2,6170500.0
PO01925,2025-02-04,S024,P038,Hosur,1057,1057,10500.0,2025-02-27,2025-02-28,Delivered,0,1,11098500.0
PO01926,2026-06-23,S024,P038,Hosur,1320,1320,10500.0,2026-07-16,2026-07-16,Delivered,0,0,13860000.0
PO01927,2026-07-22,S015,P026,Hosur,1554,1554,5000.0,2026-08-09,2026-08-09,Delivered,0,0,7770000.0
PO01928,2026-07-24,S024,P040,Hosur,136,136,4000.0,2026-08-16,2026-08-30,Late,0,14,544000.0
PO01929,2026-06-24,S021,P035,Coimbatore,1121,1121,9500.0,2026-07-18,2026-07-18,Delivered,0,0,10649500.0
PO01930,2025-10-23,S026,P043,Coimbatore,809,809,9500.0,2025-11-10,2025-11-12,Delivered,0,2,7685500.0
PO01931,2026-08-04,S017,P030,Hosur,1921,1921,7500.0,2026-08-14,2026-08-16,Delivered,0,2,14407500.0
PO01932,2026-05-02,S005,P014,Chengalpattu,1270,1270,18000.0,2026-05-22,2026-05-28,Late,0,6,22860000.0
PO01933,2026-03-07,S005,P011,Hosur,1178,1178,42000.0,2026-03-27,2026-03-28,Delivered,0,1,49476000.0
PO01934,2026-01-07,S025,P043,Chengalpattu,382,235,8500.0,2026-01-19,2026-01-21,Partial,147,2,3247000.0
PO01935,2025-10-20,S026,P044,Chengalpattu,611,611,15500.0,2025-11-08,2025-11-10,Delivered,0,2,9470500.0
PO01936,2026-01-12,S001,P004,Coimbatore,410,410,18000.0,2026-01-29,2026-01-27,Delivered,0,-2,7380000.0
PO01937,2025-03-20,S010,P016,Hosur,561,561,32000.0,2025-04-14,2025-04-13,Delivered,0,-1,17952000.0
PO01938,2025-10-18,S016,P028,Chengalpattu,1662,1578,8000.0,2025-11-09,2025-11-08,Partial,84,-1,13296000.0
PO01939,2025-02-05,S020,P035,Hosur,1577,1577,8500.0,2025-02-25,2025-02-23,Delivered,0,-2,13404500.0
PO01940,2025-12-01,S009,P018,Chengalpattu,1097,1097,17500.0,2025-12-23,2025-12-24,Delivered,0,1,19197500.0
PO01941,2025-03-18,S002,P001,Coimbatore,275,275,88000.0,2025-04-05,2025-04-11,Late,0,6,24200000.0
PO01942,2026-04-06,S002,P003,Chennai,659,659,3400.0,2026-04-24,2026-04-22,Delivered,0,-2,2240600.0
PO01943,2026-07-05,S003,P002,Hosur,774,774,4200.0,2026-07-30,2026-07-29,Delivered,0,-1,3250800.0
PO01944,2025-05-14,S008,P018,Coimbatore,1005,1005,16000.0,2025-06-01,2025-05-30,Delivered,0,-2,16080000.0
PO01945,2025-02-02,S001,P005,Hosur,478,478,15000.0,2025-02-18,2025-02-16,Delivered,0,-2,7170000.0
PO01946,2026-01-12,S020,P035,Chennai,431,431,8500.0,2026-02-01,2026-02-01,Delivered,0,0,3663500.0
PO01947,2026-08-15,S008,P017,Hosur,851,851,7500.0,2026-09-01,2026-09-01,Delivered,0,0,6382500.0
PO01948,2025-06-27,S008,P016,Coimbatore,1764,1483,28000.0,2025-07-15,2025-07-26,Late + Partial,281,11,49392000.0
PO01949,2026-06-06,S019,P031,Coimbatore,1047,1047,9500.0,2026-06-21,2026-06-19,Delivered,0,-2,9946500.0
PO01950,2025-04-11,S002,P005,Chennai,213,213,16500.0,2025-04-30,2025-05-05,Late,0,5,3514500.0
PO01951,2026-06-23,S025,P043,Chennai,1280,864,8500.0,2026-07-05,2026-07-13,Late + Partial,416,8,10880000.0
PO01952,2026-06-22,S009,P018,Chennai,1098,1098,17500.0,2026-07-14,2026-07-15,Delivered,0,1,19215000.0
PO01953,2025-11-26,S013,P021,Chennai,1301,1301,22000.0,2025-12-16,2025-12-15,Delivered,0,-1,28622000.0
PO01954,2026-04-17,S016,P028,Chengalpattu,1237,1237,8000.0,2026-05-09,2026-05-09,Delivered,0,0,9896000.0
PO01955,2025-04-23,S025,P044,Chengalpattu,176,176,14000.0,2025-05-06,2025-05-14,Late,0,8,2464000.0
PO01956,2025-05-26,S011,P022,Chennai,226,135,4500.0,2025-06-07,2025-06-09,Partial,91,2,1017000.0
PO01957,2026-04-13,S001,P003,Hosur,386,386,3200.0,2026-04-28,2026-04-29,Delivered,0,1,1235200.0
PO01958,2025-03-02,S009,P016,Chengalpattu,568,568,30000.0,2025-03-23,2025-03-21,Delivered,0,-2,17040000.0
PO01959,2026-06-06,S006,P012,Chengalpattu,1791,1791,15000.0,2026-06-28,2026-06-26,Delivered,0,-2,26865000.0
PO01960,2026-05-02,S006,P011,Chengalpattu,1441,1441,45000.0,2026-05-26,2026-05-24,Delivered,0,-2,64845000.0
PO01961,2025-07-29,S026,P044,Coimbatore,1944,1944,15500.0,2025-08-17,2025-08-31,Late,0,14,30132000.0
PO01962,2025-01-30,S011,P021,Chengalpattu,564,564,18000.0,2025-02-11,2025-02-10,Delivered,0,-1,10152000.0
PO01963,2026-04-28,S006,P011,Chengalpattu,1225,1225,45000.0,2026-05-22,2026-05-30,Late,0,8,55125000.0
PO01964,2026-05-13,S024,P039,Chengalpattu,1222,1222,2100.0,2026-06-05,2026-06-05,Delivered,0,0,2566200.0
PO01965,2025-08-15,S021,P034,Coimbatore,1357,1357,18000.0,2025-09-08,2025-09-10,Delivered,0,2,24426000.0
PO01966,2025-12-23,S012,P023,Hosur,1558,1558,3800.0,2026-01-08,2026-01-08,Delivered,0,0,5920400.0
PO01967,2026-03-30,S002,P009,Chengalpattu,1492,1179,7000.0,2026-04-19,2026-04-18,Partial,313,-1,10444000.0
PO01968,2026-07-03,S011,P022,Hosur,920,920,4500.0,2026-07-15,2026-07-27,Late,0,12,4140000.0
PO01969,2026-02-03,S012,P021,Chennai,1646,1646,20000.0,2026-02-19,2026-03-01,Late,0,10,32920000.0
PO01970,2026-08-08,S011,P021,Chengalpattu,673,673,18000.0,2026-08-20,2026-09-01,Late,0,12,12114000.0
PO01971,2025-08-05,S014,P027,Coimbatore,215,215,3500.0,2025-08-19,2025-08-17,Delivered,0,-2,752500.0
PO01972,2026-05-07,S001,P009,Coimbatore,1040,1040,6500.0,2026-05-23,2026-05-29,Late,0,6,6760000.0
PO01973,2025-08-28,S026,P042,Chennai,1216,1216,13500.0,2025-09-15,2025-09-22,Late,0,7,16416000.0
PO01974,2025-06-17,S014,P029,Chennai,334,334,250.0,2025-07-01,2025-07-03,Delivered,0,2,83500.0
PO01975,2025-04-02,S002,P001,Chengalpattu,1130,1130,88000.0,2025-04-20,2025-04-18,Delivered,0,-2,99440000.0
PO01976,2026-05-07,S020,P037,Chennai,1475,1475,12000.0,2026-05-27,2026-05-25,Delivered,0,-2,17700000.0
PO01977,2026-08-18,S002,P007,Chengalpattu,544,544,3500.0,2026-09-05,2026-09-16,Late,0,11,1904000.0
PO01978,2025-08-07,S013,P021,Chengalpattu,1804,1804,22000.0,2025-08-27,2025-08-26,Delivered,0,-1,39688000.0
PO01979,2026-06-18,S007,P013,Hosur,523,523,31000.0,2026-07-14,2026-07-16,Delivered,0,2,16213000.0
PO01980,2025-05-01,S007,P014,Hosur,964,964,20000.0,2025-05-26,2025-05-26,Delivered,0,0,19280000.0
PO01981,2025-04-14,S002,P008,Hosur,1309,1309,1950.0,2025-05-03,2025-05-04,Delivered,0,1,2552550.0
PO01982,2026-08-12,S002,P009,Hosur,1592,1592,7000.0,2026-09-01,2026-09-01,Delivered,0,0,11144000.0
PO01983,2025-02-20,S026,P041,Chennai,1845,1845,58000.0,2025-03-10,2025-03-11,Delivered,0,1,107010000.0
PO01984,2025-02-11,S018,P030,Chengalpattu,681,444,9000.0,2025-02-28,2025-02-27,Partial,237,-1,6129000.0
PO01985,2026-04-20,S007,P014,Chennai,1675,1498,20000.0,2026-05-15,2026-05-19,Late + Partial,177,4,33500000.0
PO01986,2025-09-06,S023,P039,Chennai,543,543,1800.0,2025-09-24,2025-09-24,Delivered,0,0,977400.0
PO01987,2026-04-24,S020,P034,Hosur,893,893,16000.0,2026-05-14,2026-05-12,Delivered,0,-2,14288000.0
PO01988,2026-03-02,S026,P044,Hosur,224,224,15500.0,2026-03-21,2026-03-31,Late,0,10,3472000.0
PO01989,2026-03-05,S016,P027,Coimbatore,225,225,4000.0,2026-03-26,2026-03-26,Delivered,0,0,900000.0
PO01990,2025-02-28,S019,P030,Hosur,1869,1869,8000.0,2025-03-15,2025-03-17,Delivered,0,2,14952000.0
PO01991,2026-07-24,S019,P031,Coimbatore,324,324,9500.0,2026-08-08,2026-08-06,Delivered,0,-2,3078000.0
PO01992,2025-09-10,S021,P036,Chengalpattu,280,205,7000.0,2025-10-04,2025-10-15,Late + Partial,75,11,1960000.0
PO01993,2025-07-04,S008,P020,Chennai,665,573,1800.0,2025-07-21,2025-07-26,Late + Partial,92,5,1197000.0
PO01994,2025-09-21,S011,P023,Coimbatore,1241,802,3500.0,2025-10-03,2025-10-02,Partial,439,-1,4343500.0
PO01995,2025-08-05,S020,P036,Chengalpattu,1602,1602,6000.0,2025-08-25,2025-08-26,Delivered,0,1,9612000.0
PO01996,2025-03-02,S014,P028,Hosur,1096,1096,7000.0,2025-03-17,2025-03-15,Delivered,0,-2,7672000.0
PO01997,2025-07-02,S005,P013,Hosur,991,916,28000.0,2025-07-22,2025-07-23,Partial,75,1,27748000.0
PO01998,2025-04-16,S024,P039,Chengalpattu,724,724,2100.0,2025-05-09,2025-05-11,Delivered,0,2,1520400.0
PO01999,2026-01-05,S002,P005,Chennai,382,382,16500.0,2026-01-24,2026-01-26,Delivered,0,2,6303000.0
PO02000,2025-06-07,S014,P027,Chengalpattu,783,677,3500.0,2025-06-21,2025-06-22,Partial,106,1,2740500.0
